Date,Time,VOLTAGE,CURRENT,PF,POWER (KW),"""WEEKEND/WEEKDAY""",SEASON,Temp (F),Humidity (%)
1/1/2021,0:00:00,11.6,102,0.96,1967.388015,0,1,65,90
1/1/2021,1:00:00,11.6,102,0.96,1967.388015,0,1,65,90
1/1/2021,2:00:00,11.6,102,0.96,1967.388015,0,1,65,90
1/1/2021,3:00:00,11.3,130,0.96,2442.607331,0,1,78,49
1/1/2021,4:00:00,11.2,148,0.96,2756.205522,0,1,78,49
1/1/2021,5:00:00,11.2,172,0.96,3203.157769,0,1,78,49
1/1/2021,6:00:00,11.5,218,0.96,4168.56132,0,1,83,34
1/1/2021,7:00:00,11.2,274,0.96,5102.704818,0,1,83,34
1/1/2021,8:00:00,11.2,280,0.96,5214.442879,0,1,83,34
1/1/2021,9:00:00,11.5,254,0.96,4856.947593,0,1,81,42
1/1/2021,10:00:00,11.5,254,0.96,4856.947593,0,1,81,42
1/1/2021,11:00:00,11.5,243,0.96,4646.607342,0,1,81,42
1/1/2021,12:00:00,11.6,231,0.96,4455.55521,0,1,71,42
1/1/2021,13:00:00,11.8,214,0.96,4198.823711,0,1,71,87
1/1/2021,14:00:00,11.8,205,0.96,4022.237667,0,1,71,87
1/1/2021,15:00:00,11.7,215,0.96,4182.694854,0,1,67,87
1/1/2021,16:00:00,11.5,194,0.96,3709.637138,0,1,67,87
1/1/2021,17:00:00,11.7,44,0.96,855.9933655,0,1,67,87
1/1/2021,18:00:00,11.8,42,0.96,824.068205,0,1,66,88
1/1/2021,19:00:00,11.8,39,0.96,765.2061904,0,1,66,88
1/1/2021,20:00:00,11.8,30,0.96,588.6201464,0,1,66,88
1/1/2021,21:00:00,11.8,25,0.96,490.5167887,0,1,62,89
1/1/2021,22:00:00,11.8,22,0.96,431.6547741,0,1,62,89
1/1/2021,23:00:00,11.8,21,0.96,412.0341025,0,1,62,89
1/2/2021,0:00:00,11.7,95,0.95,1828.915749,0,1,65,90
1/2/2021,1:00:00,11.7,95,0.95,1828.915749,0,1,65,90
1/2/2021,2:00:00,11.7,95,0.95,1828.915749,0,1,65,90
1/2/2021,3:00:00,11.5,100,0.95,1892.265507,0,1,78,48
1/2/2021,4:00:00,11.4,135,0.95,2532.344883,0,1,78,48
1/2/2021,5:00:00,11.3,162,0.95,3012.157598,0,1,78,48
1/2/2021,6:00:00,11.5,213,0.95,4030.52553,0,1,83,32
1/2/2021,7:00:00,11.3,257,0.95,4778.546313,0,1,83,32
1/2/2021,8:00:00,11.3,258,0.95,4797.139878,0,1,83,32
1/2/2021,9:00:00,11.3,262,0.95,4871.51414,0,1,80,38
1/2/2021,10:00:00,11.5,260,0.95,4919.890319,0,1,80,38
1/2/2021,11:00:00,11.6,256,0.95,4886.323174,0,1,80,38
1/2/2021,12:00:00,11.9,221,0.95,4327.364398,0,1,71,73
1/2/2021,13:00:00,11.6,225,0.95,4294.619977,0,1,71,73
1/2/2021,14:00:00,11.7,222,0.95,4273.887329,0,1,71,73
1/2/2021,15:00:00,11.7,208,0.95,4004.362903,0,1,67,88
1/2/2021,16:00:00,11.9,190,0.95,3720.358532,0,1,67,88
1/2/2021,17:00:00,11.7,46,0.95,885.5802574,0,1,67,88
1/2/2021,18:00:00,11.8,43,0.95,834.9004508,0,1,66,88
1/2/2021,19:00:00,11.8,40,0.95,776.6515821,0,1,66,88
1/2/2021,20:00:00,11.8,34,0.95,660.1538448,0,1,66,88
1/2/2021,21:00:00,11.8,26,0.95,504.8235284,0,1,62,89
1/2/2021,22:00:00,11.8,23,0.95,446.5746597,0,1,62,89
1/2/2021,23:00:00,11.6,114,0.95,2175.940789,0,1,62,89
1/3/2021,0:00:00,11.8,114,0.96,2236.756556,1,1,65,92
1/3/2021,1:00:00,11.8,114,0.96,2236.756556,1,1,65,92
1/3/2021,2:00:00,11.8,120,0.96,2354.480586,1,1,65,92
1/3/2021,3:00:00,11.8,128,0.96,2511.445958,1,1,77,52
1/3/2021,4:00:00,11.8,143,0.96,2805.756031,1,1,77,52
1/3/2021,5:00:00,11.5,168,0.96,3212.469274,1,1,77,52
1/3/2021,6:00:00,11.6,233,0.96,4494.131446,1,1,82,33
1/3/2021,7:00:00,11.4,290,0.96,5497.113571,1,1,82,33
1/3/2021,8:00:00,11.3,266,0.96,4997.950385,1,1,82,33
1/3/2021,9:00:00,11.4,279,0.96,5288.602367,1,1,80,41
1/3/2021,10:00:00,11.4,272,0.96,5155.913418,1,1,80,41
1/3/2021,11:00:00,11.7,266,0.96,5174.868982,1,1,80,41
1/3/2021,12:00:00,11.8,254,0.96,4983.650573,1,1,71,76
1/3/2021,13:00:00,11.8,254,0.96,4983.650573,1,1,71,76
1/3/2021,14:00:00,11.8,242,0.96,4748.202515,1,1,71,76
1/3/2021,15:00:00,11.2,230,0.96,4283.292365,1,1,68,85
1/3/2021,16:00:00,11.5,181,0.96,3461.053206,1,1,68,85
1/3/2021,17:00:00,11.6,43,0.96,829.3890651,1,1,68,85
1/3/2021,18:00:00,11.7,43,0.96,836.5389708,1,1,64,89
1/3/2021,19:00:00,11.7,39,0.96,758.7213922,1,1,64,89
1/3/2021,20:00:00,11.7,35,0.96,680.9038135,1,1,64,89
1/3/2021,21:00:00,11.8,29,0.96,568.9994749,1,1,67,88
1/3/2021,22:00:00,11.8,22,0.96,431.6547741,1,1,67,88
1/3/2021,23:00:00,11.8,22,0.96,431.6547741,1,1,67,88
1/4/2021,0:00:00,11.8,114,0.97,2260.056104,0,1,68,88
1/4/2021,1:00:00,11.8,114,0.97,2260.056104,0,1,68,88
1/4/2021,2:00:00,11.8,114,0.97,2260.056104,0,1,68,88
1/4/2021,3:00:00,11.7,130,0.97,2555.4158,0,1,77,54
1/4/2021,4:00:00,11.6,146,0.97,2845.39921,0,1,77,54
1/4/2021,5:00:00,11.5,159,0.97,3072.043255,0,1,77,54
1/4/2021,6:00:00,11.6,250,0.97,4872.258922,0,1,83,32
1/4/2021,7:00:00,11.6,262,0.97,5106.12735,0,1,83,32
1/4/2021,8:00:00,11.6,262,0.97,5106.12735,0,1,83,32
1/4/2021,9:00:00,11.6,269,0.97,5242.5506,0,1,80,35
1/4/2021,10:00:00,11.8,250,0.97,4956.263386,0,1,80,35
1/4/2021,11:00:00,11.7,227,0.97,4462.149128,0,1,80,35
1/4/2021,12:00:00,11.7,220,0.97,4324.549815,0,1,72,70
1/4/2021,13:00:00,11.4,210,0.97,4022.133744,0,1,72,70
1/4/2021,14:00:00,11.4,220,0.97,4213.663923,0,1,72,70
1/4/2021,15:00:00,11.2,226,0.97,4252.641994,0,1,68,83
1/4/2021,16:00:00,11.3,218,0.97,4138.731941,0,1,68,83
1/4/2021,17:00:00,11.6,42,0.97,818.5394988,0,1,68,83
1/4/2021,18:00:00,11.6,42,0.97,818.5394988,0,1,66,88
1/4/2021,19:00:00,11.8,41,0.97,812.8271953,0,1,66,88
1/4/2021,20:00:00,11.8,33,0.97,654.2267669,0,1,66,88
1/4/2021,21:00:00,11.8,26,0.97,515.4513921,0,1,63,87
1/4/2021,22:00:00,11.8,23,0.97,455.9762315,0,1,63,87
1/4/2021,23:00:00,11.7,106,0.97,2083.646729,0,1,63,87
1/5/2021,0:00:00,11.7,106,0.96,2062.165835,0,1,66,90
1/5/2021,1:00:00,11.7,106,0.96,2062.165835,0,1,66,90
1/5/2021,2:00:00,11.7,106,0.96,2062.165835,0,1,66,90
1/5/2021,3:00:00,11.5,120,0.96,2294.62091,0,1,80,40
1/5/2021,4:00:00,11.4,143,0.96,2710.645657,0,1,80,40
1/5/2021,5:00:00,11.8,162,0.96,3178.548791,0,1,80,40
1/5/2021,6:00:00,11.3,230,0.96,4321.536047,0,1,83,32
1/5/2021,7:00:00,11.4,271,0.96,5136.957854,0,1,83,32
1/5/2021,8:00:00,11.4,284,0.96,5383.380187,0,1,83,32
1/5/2021,9:00:00,11.6,244,0.96,4706.300742,0,1,81,38
1/5/2021,10:00:00,11.6,253,0.96,4879.893802,0,1,81,38
1/5/2021,11:00:00,11.6,249,0.96,4802.74133,0,1,81,38
1/5/2021,12:00:00,11.7,241,0.96,4688.509116,0,1,72,69
1/5/2021,13:00:00,11.7,234,0.96,4552.328353,0,1,72,69
1/5/2021,14:00:00,11.7,234,0.96,4552.328353,0,1,72,69
1/5/2021,15:00:00,11.8,223,0.96,4375.409755,0,1,71,78
1/5/2021,16:00:00,11.7,205,0.96,3988.150907,0,1,71,78
1/5/2021,17:00:00,11.6,41,0.96,790.8128295,0,1,71,78
1/5/2021,18:00:00,11.6,43,0.96,829.3890651,0,1,65,88
1/5/2021,19:00:00,11.6,41,0.96,790.8128295,0,1,65,88
1/5/2021,20:00:00,11.7,32,0.96,622.5406295,0,1,65,88
1/5/2021,21:00:00,11.7,26,0.96,505.8142614,0,1,69,85
1/5/2021,22:00:00,11.7,26,0.96,505.8142614,0,1,69,85
1/5/2021,23:00:00,11.6,106,0.96,2044.540486,0,1,69,85
1/6/2021,0:00:00,11.6,106,0.94,2001.945893,0,1,73,86
1/6/2021,1:00:00,11.6,106,0.94,2001.945893,0,1,73,86
1/6/2021,2:00:00,11.6,106,0.94,2001.945893,0,1,73,86
1/6/2021,3:00:00,11.4,117,0.94,2171.596805,0,1,80,56
1/6/2021,4:00:00,11.1,139,0.94,2512.03832,0,1,80,56
1/6/2021,5:00:00,11.3,186,0.94,3421.998924,0,1,80,56
1/6/2021,6:00:00,11.4,241,0.94,4473.118205,0,1,81,55
1/6/2021,7:00:00,11.4,271,0.94,5029.937899,0,1,81,55
1/6/2021,8:00:00,11.4,276,0.94,5122.741181,0,1,81,55
1/6/2021,9:00:00,11.6,265,0.94,5004.864732,0,1,80,59
1/6/2021,10:00:00,11.6,257,0.94,4853.774475,0,1,80,59
1/6/2021,11:00:00,11.6,257,0.94,4853.774475,0,1,80,59
1/6/2021,12:00:00,11.6,249,0.94,4702.684219,0,1,76,74
1/6/2021,13:00:00,11.8,191,0.94,3669.474343,0,1,76,74
1/6/2021,14:00:00,11.6,182,0.94,3437.303325,0,1,76,74
1/6/2021,15:00:00,11.6,182,0.94,3437.303325,0,1,74,79
1/6/2021,16:00:00,11.8,191,0.94,3669.474343,0,1,74,79
1/6/2021,17:00:00,11.8,40,0.94,768.4763023,0,1,74,79
1/6/2021,18:00:00,11.8,40,0.94,768.4763023,0,1,70,83
1/6/2021,19:00:00,11.8,39,0.94,749.2643947,0,1,70,83
1/6/2021,20:00:00,11.8,32,0.94,614.7810418,0,1,70,83
1/6/2021,21:00:00,11.8,26,0.94,499.5095965,0,1,72,89
1/6/2021,22:00:00,11.8,26,0.94,499.5095965,0,1,72,89
1/6/2021,23:00:00,11.8,97,0.94,1863.555033,0,1,72,89
1/7/2021,0:00:00,11.8,97,0.98,1942.855247,0,1,71,89
1/7/2021,1:00:00,11.8,97,0.98,1942.855247,0,1,71,89
1/7/2021,2:00:00,11.8,97,0.98,1942.855247,0,1,71,89
1/7/2021,3:00:00,11.8,97,0.98,1942.855247,0,1,72,87
1/7/2021,4:00:00,11.7,117,0.98,2323.584263,0,1,72,87
1/7/2021,5:00:00,11.6,167,0.98,3288.222248,0,1,72,87
1/7/2021,6:00:00,11.5,215,0.98,4196.845709,0,1,77,68
1/7/2021,7:00:00,11.5,243,0.98,4743.411662,0,1,77,68
1/7/2021,8:00:00,11.5,239,0.98,4665.330812,0,1,77,68
1/7/2021,9:00:00,11.5,241,0.98,4704.371237,0,1,78,67
1/7/2021,10:00:00,11.7,224,0.98,4448.571581,0,1,78,67
1/7/2021,11:00:00,11.3,100,0.98,1918.073064,0,1,78,67
1/7/2021,12:00:00,11.6,175,0.98,3445.741877,0,1,74,79
1/7/2021,13:00:00,11.5,180,0.98,3513.638268,0,1,74,79
1/7/2021,14:00:00,11.6,170,0.98,3347.292109,0,1,74,79
1/7/2021,15:00:00,11.7,175,0.98,3475.446548,0,1,73,83
1/7/2021,16:00:00,11.7,166,0.98,3296.709297,0,1,73,83
1/7/2021,17:00:00,11.7,42,0.98,834.1071715,0,1,73,83
1/7/2021,18:00:00,11.8,44,0.98,881.2951637,0,1,73,84
1/7/2021,19:00:00,11.8,44,0.98,881.2951637,0,1,73,84
1/7/2021,20:00:00,11.8,38,0.98,761.1185505,0,1,73,84
1/7/2021,21:00:00,11.8,30,0.98,600.8830662,0,1,72,86
1/7/2021,22:00:00,11.8,27,0.98,540.7947595,0,1,72,86
1/7/2021,23:00:00,11.8,94,0.98,1882.766941,0,1,72,86
1/8/2021,0:00:00,11.8,94,0.97,1863.555033,0,1,74,89
1/8/2021,1:00:00,11.8,94,0.97,1863.555033,0,1,74,89
1/8/2021,2:00:00,11.8,94,0.97,1863.555033,0,1,74,89
1/8/2021,3:00:00,11.8,94,0.97,1863.555033,0,1,81,47
1/8/2021,4:00:00,11.5,134,0.97,2589.017586,0,1,81,47
1/8/2021,5:00:00,11.5,162,0.97,3130.006335,0,1,81,47
1/8/2021,6:00:00,11.5,220,0.97,4250.625887,0,1,85,32
1/8/2021,7:00:00,11.6,259,0.97,5047.660243,0,1,85,32
1/8/2021,8:00:00,11.6,250,0.97,4872.258922,0,1,85,32
1/8/2021,9:00:00,11.8,259,0.97,5134.688868,0,1,83,35
1/8/2021,10:00:00,11.9,219,0.97,4378.480681,0,1,83,35
1/8/2021,11:00:00,11.6,210,0.97,4092.697494,0,1,83,35
1/8/2021,12:00:00,11.6,211,0.97,4112.18653,0,1,75,69
1/8/2021,13:00:00,11.3,207,0.97,3929.896843,0,1,75,69
1/8/2021,14:00:00,11.3,207,0.97,3929.896843,0,1,75,69
1/8/2021,15:00:00,11.3,206,0.97,3910.911834,0,1,72,84
1/8/2021,16:00:00,11.3,204,0.97,3872.941816,0,1,72,84
1/8/2021,17:00:00,11.8,45,0.97,892.1274095,0,1,72,84
1/8/2021,18:00:00,11.8,47,0.97,931.7775165,0,1,72,84
1/8/2021,19:00:00,11.8,46,0.97,911.952463,0,1,72,84
1/8/2021,20:00:00,11.8,45,0.97,892.1274095,0,1,72,84
1/8/2021,21:00:00,11.8,40,0.97,793.0021417,0,1,64,87
1/8/2021,22:00:00,11.8,36,0.97,713.7019276,0,1,64,87
1/8/2021,23:00:00,11.8,96,0.97,1903.20514,0,1,64,87
1/9/2021,0:00:00,11.8,100,0.97,1982.505354,0,1,67,90
1/9/2021,1:00:00,11.8,100,0.97,1982.505354,0,1,67,90
1/9/2021,2:00:00,11.8,102,0.97,2022.155461,0,1,67,90
1/9/2021,3:00:00,11.7,103,0.97,2024.675595,0,1,81,30
1/9/2021,4:00:00,11.4,136,0.97,2604.810425,0,1,81,30
1/9/2021,5:00:00,11.2,198,0.97,3725.765995,0,1,81,30
1/9/2021,6:00:00,11.4,238,0.97,4558.418244,0,1,87,22
1/9/2021,7:00:00,11.4,268,0.97,5133.008778,0,1,87,22
1/9/2021,8:00:00,11.5,284,0.97,5487.171599,0,1,87,22
1/9/2021,9:00:00,11.5,248,0.97,4791.614636,0,1,84,25
1/9/2021,10:00:00,11.7,234,0.97,4599.74844,0,1,84,25
1/9/2021,11:00:00,11.5,281,0.97,5429.208519,0,1,84,25
1/9/2021,12:00:00,11.2,279,0.97,5249.942993,0,1,73,59
1/9/2021,13:00:00,11.4,276,0.97,5286.232921,0,1,73,59
1/9/2021,14:00:00,11.4,271,0.97,5190.467832,0,1,73,59
1/9/2021,15:00:00,11.4,271,0.97,5190.467832,0,1,69,78
1/9/2021,16:00:00,11.6,271,0.97,5281.528671,0,1,69,78
1/9/2021,17:00:00,11.5,168,0.97,3245.932495,0,1,69,78
1/9/2021,18:00:00,11.7,131,0.97,2575.072845,0,1,69,87
1/9/2021,19:00:00,11.8,118,0.97,2339.356318,0,1,69,87
1/9/2021,20:00:00,11.9,105,0.97,2099.27156,0,1,69,87
1/9/2021,21:00:00,11.8,102,0.97,2022.155461,0,1,64,86
1/9/2021,22:00:00,11.8,102,0.97,2022.155461,0,1,64,86
1/9/2021,23:00:00,11.8,100,0.97,1982.505354,0,1,64,86
1/10/2021,0:00:00,11.8,98,0.96,1922.825812,1,1,67,87
1/10/2021,1:00:00,11.8,98,0.96,1922.825812,1,1,67,87
1/10/2021,2:00:00,11.8,98,0.96,1922.825812,1,1,67,87
1/10/2021,3:00:00,11.8,98,0.96,1922.825812,1,1,82,36
1/10/2021,4:00:00,11.6,143,0.96,2758.200844,1,1,82,36
1/10/2021,5:00:00,11.2,186,0.96,3463.879913,1,1,82,36
1/10/2021,6:00:00,11.7,211,0.96,4104.877275,1,1,88,25
1/10/2021,7:00:00,11.4,274,0.96,5193.824546,1,1,88,25
1/10/2021,8:00:00,11.3,276,0.96,5185.843256,1,1,88,25
1/10/2021,9:00:00,11.6,102,0.96,1967.388015,1,1,84,26
1/10/2021,10:00:00,11.2,104,0.96,1936.793069,1,1,84,26
1/10/2021,11:00:00,11.6,255,0.96,4918.470037,1,1,84,26
1/10/2021,12:00:00,11.6,273,0.96,5265.656158,1,1,74,61
1/10/2021,13:00:00,11.2,288,0.96,5363.426961,1,1,74,61
1/10/2021,14:00:00,11.5,233,0.96,4455.388933,1,1,74,61
1/10/2021,15:00:00,11.2,272,0.96,5065.458797,1,1,71,76
1/10/2021,16:00:00,11.3,258,0.96,4847.636087,1,1,71,76
1/10/2021,17:00:00,11.7,166,0.96,3229.429515,1,1,71,76
1/10/2021,18:00:00,11.8,45,0.96,882.9302197,1,1,65,86
1/10/2021,19:00:00,11.8,46,0.96,902.5508912,1,1,65,86
1/10/2021,20:00:00,11.8,45,0.96,882.9302197,1,1,65,86
1/10/2021,21:00:00,11.8,35,0.96,686.7235042,1,1,65,88
1/10/2021,22:00:00,11.8,27,0.96,529.7581318,1,1,65,88
1/10/2021,23:00:00,11.8,99,0.96,1942.446483,1,1,65,88
1/11/2021,0:00:00,11.8,99,0.97,1962.680301,0,1,68,87
1/11/2021,1:00:00,11.8,99,0.97,1962.680301,0,1,68,87
1/11/2021,2:00:00,11.8,99,0.97,1962.680301,0,1,68,87
1/11/2021,3:00:00,11.8,99,0.97,1962.680301,0,1,79,49
1/11/2021,4:00:00,11.6,150,0.97,2923.355353,0,1,79,49
1/11/2021,5:00:00,11.4,175,0.97,3351.77812,0,1,79,49
1/11/2021,6:00:00,11.6,228,0.97,4443.500137,0,1,85,27
1/11/2021,7:00:00,11.2,280,0.97,5268.759993,0,1,85,27
1/11/2021,8:00:00,11.2,295,0.97,5551.014992,0,1,85,27
1/11/2021,9:00:00,11.3,237,0.97,4499.44711,0,1,83,43
1/11/2021,10:00:00,11.5,249,0.97,4810.935663,0,1,83,43
1/11/2021,11:00:00,11.5,248,0.97,4791.614636,0,1,83,43
1/11/2021,12:00:00,11.7,233,0.97,4580.091395,0,1,73,71
1/11/2021,13:00:00,11.5,215,0.97,4154.020753,0,1,73,71
1/11/2021,14:00:00,11.5,252,0.97,4868.898743,0,1,73,71
1/11/2021,15:00:00,11.5,227,0.97,4385.873074,0,1,71,76
1/11/2021,16:00:00,11.3,226,0.97,4290.612012,0,1,71,76
1/11/2021,17:00:00,11.8,159,0.97,3152.183513,0,1,71,76
1/11/2021,18:00:00,11.8,48,0.97,951.6025701,0,1,68,83
1/11/2021,19:00:00,11.8,42,0.97,832.6522488,0,1,68,83
1/11/2021,20:00:00,11.8,41,0.97,812.8271953,0,1,68,83
1/11/2021,21:00:00,11.8,33,0.97,654.2267669,0,1,67,88
1/11/2021,22:00:00,11.8,26,0.97,515.4513921,0,1,67,88
1/11/2021,23:00:00,11.8,100,0.97,1982.505354,0,1,67,88
1/12/2021,0:00:00,11.8,100,0.97,1982.505354,0,1,68,92
1/12/2021,1:00:00,11.6,102,0.97,1987.88164,0,1,68,92
1/12/2021,2:00:00,11.6,105,0.97,2046.348747,0,1,68,92
1/12/2021,3:00:00,11.5,107,0.97,2067.349863,0,1,77,56
1/12/2021,4:00:00,11.4,158,0.97,3026.176817,0,1,77,56
1/12/2021,5:00:00,11.2,181,0.97,3405.876995,0,1,77,56
1/12/2021,6:00:00,11.5,223,0.97,4308.588967,0,1,82,44
1/12/2021,7:00:00,11.2,268,0.97,5042.955993,0,1,82,44
1/12/2021,8:00:00,11.3,289,0.97,5486.667573,0,1,82,44
1/12/2021,9:00:00,11.4,241,0.97,4615.877297,0,1,81,54
1/12/2021,10:00:00,11.4,248,0.97,4749.948422,0,1,81,54
1/12/2021,11:00:00,11.6,243,0.97,4735.835672,0,1,81,54
1/12/2021,12:00:00,11.6,243,0.97,4735.835672,0,1,69,78
1/12/2021,13:00:00,11.6,232,0.97,4521.456279,0,1,69,78
1/12/2021,14:00:00,11.7,232,0.97,4560.434351,0,1,69,78
1/12/2021,15:00:00,11.8,226,0.97,4480.462101,0,1,70,83
1/12/2021,16:00:00,11.8,212,0.97,4202.911351,0,1,70,83
1/12/2021,17:00:00,11.8,43,0.97,852.4773024,0,1,70,83
1/12/2021,18:00:00,11.8,42,0.97,832.6522488,0,1,69,85
1/12/2021,19:00:00,11.8,40,0.97,793.0021417,0,1,69,85
1/12/2021,20:00:00,11.8,37,0.97,733.5269811,0,1,69,85
1/12/2021,21:00:00,11.8,31,0.97,614.5766598,0,1,66,88
1/12/2021,22:00:00,11.8,27,0.97,535.2764457,0,1,66,88
1/12/2021,23:00:00,11.8,27,0.97,535.2764457,0,1,66,88
1/13/2021,0:00:00,11.7,99,0.97,1946.047417,0,1,70,87
1/13/2021,1:00:00,11.7,99,0.97,1946.047417,0,1,70,87
1/13/2021,2:00:00,11.7,99,0.97,1946.047417,0,1,70,87
1/13/2021,3:00:00,11.6,108,0.97,2104.815854,0,1,76,63
1/13/2021,4:00:00,11.6,115,0.97,2241.239104,0,1,76,63
1/13/2021,5:00:00,11.5,193,0.97,3728.958164,0,1,76,63
1/13/2021,6:00:00,11.4,257,0.97,4922.325582,0,1,81,48
1/13/2021,7:00:00,11.4,280,0.97,5362.844992,0,1,81,48
1/13/2021,8:00:00,11.4,287,0.97,5496.916117,0,1,81,48
1/13/2021,9:00:00,11.4,287,0.97,5496.916117,0,1,84,32
1/13/2021,10:00:00,11.4,278,0.97,5324.538957,0,1,84,32
1/13/2021,11:00:00,11.5,253,0.97,4888.21977,0,1,84,32
1/13/2021,12:00:00,11.5,243,0.97,4695.009502,0,1,82,71
1/13/2021,13:00:00,11.5,243,0.97,4695.009502,0,1,82,71
1/13/2021,14:00:00,11.5,237,0.97,4579.083342,0,1,82,71
1/13/2021,15:00:00,11.5,233,0.97,4501.799235,0,1,71,82
1/13/2021,16:00:00,11.8,192,0.97,3806.41028,0,1,71,82
1/13/2021,17:00:00,11.8,41,0.97,812.8271953,0,1,71,82
1/13/2021,18:00:00,11.8,42,0.97,832.6522488,0,1,69,88
1/13/2021,19:00:00,11.8,39,0.97,773.1770882,0,1,69,88
1/13/2021,20:00:00,11.8,35,0.97,693.876874,0,1,69,88
1/13/2021,21:00:00,11.8,28,0.97,555.1014992,0,1,64,86
1/13/2021,22:00:00,11.8,28,0.97,555.1014992,0,1,64,86
1/13/2021,23:00:00,11.8,28,0.97,555.1014992,0,1,64,86
1/14/2021,0:00:00,11.7,102,0.97,2005.018551,0,1,67,88
1/14/2021,1:00:00,11.7,102,0.97,2005.018551,0,1,67,88
1/14/2021,2:00:00,11.6,102,0.97,1987.88164,0,1,67,88
1/14/2021,3:00:00,11.6,102,0.97,1987.88164,0,1,80,45
1/14/2021,4:00:00,11.4,121,0.97,2317.515157,0,1,80,45
1/14/2021,5:00:00,11.3,181,0.97,3436.286611,0,1,80,45
1/14/2021,6:00:00,11.2,215,0.97,4045.654994,0,1,86,25
1/14/2021,7:00:00,11.3,243,0.97,4613.357163,0,1,86,25
1/14/2021,8:00:00,11.3,243,0.97,4613.357163,0,1,86,25
1/14/2021,9:00:00,11.3,266,0.97,5050.012368,0,1,83,26
1/14/2021,10:00:00,11.6,154,0.97,3001.311496,0,1,83,26
1/14/2021,11:00:00,11.6,242,0.97,4716.346636,0,1,83,26
1/14/2021,12:00:00,11.5,244,0.97,4714.330529,0,1,72,67
1/14/2021,13:00:00,11.7,232,0.97,4560.434351,0,1,72,67
1/14/2021,14:00:00,11.4,230,0.97,4405.194101,0,1,72,67
1/14/2021,15:00:00,11.3,237,0.97,4499.44711,0,1,68,78
1/14/2021,16:00:00,11.3,229,0.97,4347.567039,0,1,68,78
1/14/2021,17:00:00,11.6,34,0.97,662.6272134,0,1,68,78
1/14/2021,18:00:00,11.7,46,0.97,904.2240523,0,1,68,87
1/14/2021,19:00:00,11.7,42,0.97,825.5958738,0,1,68,87
1/14/2021,20:00:00,11.7,35,0.97,687.9965615,0,1,68,87
1/14/2021,21:00:00,11.7,32,0.97,629.0254277,0,1,62,87
1/14/2021,22:00:00,11.7,30,0.97,589.7113385,0,1,62,87
1/14/2021,23:00:00,11.7,106,0.97,2083.646729,0,1,62,87
1/15/2021,0:00:00,11.7,106,0.97,2083.646729,0,1,66,79
1/15/2021,1:00:00,11.7,106,0.97,2083.646729,0,1,66,79
1/15/2021,2:00:00,11.7,106,0.97,2083.646729,0,1,66,79
1/15/2021,3:00:00,11.6,110,0.97,2143.793926,0,1,79,37
1/15/2021,4:00:00,11.5,140,0.97,2704.943746,0,1,79,37
1/15/2021,5:00:00,11.3,163,0.97,3094.556451,0,1,79,37
1/15/2021,6:00:00,11.4,220,0.97,4213.663923,0,1,86,29
1/15/2021,7:00:00,11.1,293,0.97,5464.154376,0,1,86,29
1/15/2021,8:00:00,11.1,287,0.97,5352.26043,0,1,86,29
1/15/2021,9:00:00,11.1,279,0.97,5203.068502,0,1,83,36
1/15/2021,10:00:00,11.4,261,0.97,4998.937654,0,1,83,36
1/15/2021,11:00:00,11.4,247,0.97,4730.795404,0,1,83,36
1/15/2021,12:00:00,11.5,224,0.97,4327.909994,0,1,70,66
1/15/2021,13:00:00,11.5,215,0.97,4154.020753,0,1,70,66
1/15/2021,14:00:00,11.6,218,0.97,4248.60978,0,1,70,66
1/15/2021,15:00:00,11.3,227,0.97,4309.597021,0,1,68,79
1/15/2021,16:00:00,11.9,200,0.97,3998.612494,0,1,68,79
1/15/2021,17:00:00,11.7,36,0.97,707.6536061,0,1,68,79
1/15/2021,18:00:00,11.6,47,0.97,915.9846773,0,1,67,84
1/15/2021,19:00:00,11.7,44,0.97,864.9099631,0,1,67,84
1/15/2021,20:00:00,11.8,40,0.97,793.0021417,0,1,67,84
1/15/2021,21:00:00,11.7,36,0.97,707.6536061,0,1,60,87
1/15/2021,22:00:00,11.7,30,0.97,589.7113385,0,1,60,87
1/15/2021,23:00:00,11.7,102,0.97,2005.018551,0,1,60,87
1/16/2021,0:00:00,11.6,102,0.97,1987.88164,0,1,63,87
1/16/2021,1:00:00,11.6,102,0.97,1987.88164,0,1,63,87
1/16/2021,2:00:00,11.6,110,0.97,2143.793926,0,1,63,87
1/16/2021,3:00:00,11.6,118,0.97,2299.706211,0,1,78,48
1/16/2021,4:00:00,11.5,124,0.97,2395.807318,0,1,78,48
1/16/2021,5:00:00,11.4,190,0.97,3639.073388,0,1,78,48
1/16/2021,6:00:00,11.6,231,0.97,4501.967244,0,1,86,25
1/16/2021,7:00:00,11.1,276,0.97,5147.121528,0,1,86,25
1/16/2021,8:00:00,11.1,287,0.97,5352.26043,0,1,86,25
1/16/2021,9:00:00,11.2,273,0.97,5137.040993,0,1,83,39
1/16/2021,10:00:00,11.3,152,0.97,2885.721353,0,1,83,39
1/16/2021,11:00:00,11.5,244,0.97,4714.330529,0,1,83,39
1/16/2021,12:00:00,11.4,238,0.97,4558.418244,0,1,72,62
1/16/2021,13:00:00,11.4,267,0.97,5113.855761,0,1,72,62
1/16/2021,14:00:00,11.3,243,0.97,4613.357163,0,1,72,62
1/16/2021,15:00:00,11.2,265,0.97,4986.504993,0,1,64,80
1/16/2021,16:00:00,11.5,232,0.97,4482.478208,0,1,64,80
1/16/2021,17:00:00,11.8,179,0.97,3548.684584,0,1,64,80
1/16/2021,18:00:00,11.8,51,0.97,1011.077731,0,1,65,86
1/16/2021,19:00:00,11.8,45,0.97,892.1274095,0,1,65,86
1/16/2021,20:00:00,11.8,40,0.97,793.0021417,0,1,65,86
1/16/2021,21:00:00,11.8,36,0.97,713.7019276,0,1,63,87
1/16/2021,22:00:00,11.8,30,0.97,594.7516063,0,1,63,87
1/16/2021,23:00:00,11.8,29,0.97,574.9265528,0,1,63,87
1/17/2021,0:00:00,11.8,109,0.97,2160.930836,1,1,67,88
1/17/2021,1:00:00,11.8,108,0.97,2141.105783,1,1,67,88
1/17/2021,2:00:00,11.7,108,0.97,2122.960818,1,1,67,88
1/17/2021,3:00:00,11.8,118,0.97,2339.356318,1,1,79,50
1/17/2021,4:00:00,11.3,154,0.97,2923.691371,1,1,79,50
1/17/2021,5:00:00,11.7,175,0.97,3439.982808,1,1,79,50
1/17/2021,6:00:00,11.7,224,0.97,4403.177994,1,1,86,30
1/17/2021,7:00:00,11.4,257,0.97,4922.325582,1,1,86,30
1/17/2021,8:00:00,11.4,257,0.97,4922.325582,1,1,86,30
1/17/2021,9:00:00,11.6,267,0.97,5203.572528,1,1,82,35
1/17/2021,10:00:00,11.6,246,0.97,4794.302779,1,1,82,35
1/17/2021,11:00:00,11.8,240,0.97,4758.01285,1,1,82,35
1/17/2021,12:00:00,11.9,236,0.97,4718.362743,1,1,73,63
1/17/2021,13:00:00,11.3,229,0.97,4347.567039,1,1,73,63
1/17/2021,14:00:00,11.3,225,0.97,4271.627003,1,1,73,63
1/17/2021,15:00:00,11.4,213,0.97,4079.592798,1,1,69,79
1/17/2021,16:00:00,11.6,204,0.97,3975.76328,1,1,69,79
1/17/2021,17:00:00,11.6,50,0.97,974.4517843,1,1,69,79
1/17/2021,18:00:00,11.6,48,0.97,935.473713,1,1,66,84
1/17/2021,19:00:00,11.6,45,0.97,877.0066059,1,1,66,84
1/17/2021,20:00:00,11.7,42,0.97,825.5958738,1,1,66,84
1/17/2021,21:00:00,11.7,40,0.97,786.2817846,1,1,63,86
1/17/2021,22:00:00,11.7,36,0.97,707.6536061,1,1,63,86
1/17/2021,23:00:00,11.7,30,0.97,589.7113385,1,1,63,86
1/18/2021,0:00:00,11.7,110,0.97,2162.274908,0,1,67,90
1/18/2021,1:00:00,11.7,110,0.97,2162.274908,0,1,67,90
1/18/2021,2:00:00,11.7,115,0.97,2260.560131,0,1,67,90
1/18/2021,3:00:00,11.5,122,0.97,2357.165265,0,1,76,51
1/18/2021,4:00:00,11.4,128,0.97,2451.586282,0,1,76,51
1/18/2021,5:00:00,11.5,179,0.97,3458.46379,0,1,76,51
1/18/2021,6:00:00,11.3,230,0.97,4366.552047,0,1,78,38
1/18/2021,7:00:00,11.2,265,0.97,4986.504993,0,1,78,38
1/18/2021,8:00:00,11.4,270,0.97,5171.314814,0,1,78,38
1/18/2021,9:00:00,11.6,272,0.97,5301.017707,0,1,77,37
1/18/2021,10:00:00,11.6,261,0.97,5086.638314,0,1,77,37
1/18/2021,11:00:00,11.5,241,0.97,4656.367449,0,1,77,37
1/18/2021,12:00:00,11.5,241,0.97,4656.367449,0,1,69,71
1/18/2021,13:00:00,11.6,210,0.97,4092.697494,0,1,69,71
1/18/2021,14:00:00,11.4,202,0.97,3868.909602,0,1,69,71
1/18/2021,15:00:00,11.4,202,0.97,3868.909602,0,1,65,82
1/18/2021,16:00:00,11.6,197,0.97,3839.34003,0,1,65,82
1/18/2021,17:00:00,11.7,38,0.97,746.9676954,0,1,65,82
1/18/2021,18:00:00,11.6,47,0.97,915.9846773,0,1,66,86
1/18/2021,19:00:00,11.6,42,0.97,818.5394988,0,1,66,86
1/18/2021,20:00:00,11.8,39,0.97,773.1770882,0,1,66,86
1/18/2021,21:00:00,11.8,33,0.97,654.2267669,0,1,62,91
1/18/2021,22:00:00,11.8,30,0.97,594.7516063,0,1,62,91
1/18/2021,23:00:00,11.7,108,0.97,2122.960818,0,1,62,91
1/19/2021,0:00:00,11.7,108,0.99,2166.733206,0,1,67,92
1/19/2021,1:00:00,11.7,108,0.99,2166.733206,0,1,67,92
1/19/2021,2:00:00,11.7,108,0.99,2166.733206,0,1,67,92
1/19/2021,3:00:00,11.6,108,0.99,2148.214119,0,1,77,55
1/19/2021,4:00:00,11.4,120,0.99,2345.75105,0,1,77,55
1/19/2021,5:00:00,11.2,146,0.99,2803.926986,0,1,77,55
1/19/2021,6:00:00,11.2,174,0.99,3341.666408,0,1,82,35
1/19/2021,7:00:00,11.3,255,0.99,4940.995358,0,1,82,35
1/19/2021,8:00:00,11.3,286,0.99,5541.665382,0,1,82,35
1/19/2021,9:00:00,11.8,269,0.99,5442.896917,0,1,81,35
1/19/2021,10:00:00,11.7,246,0.99,4935.336748,0,1,81,35
1/19/2021,11:00:00,11.5,238,0.99,4693.21683,0,1,81,35
1/19/2021,12:00:00,11.4,237,0.99,4632.858323,0,1,73,68
1/19/2021,13:00:00,11.4,223,0.99,4359.187367,0,1,73,68
1/19/2021,14:00:00,11.7,231,0.99,4634.40158,0,1,73,68
1/19/2021,15:00:00,11.8,198,0.99,4006.295872,0,1,68,81
1/19/2021,16:00:00,11.7,184,0.99,3691.471389,0,1,68,81
1/19/2021,17:00:00,11.8,38,0.99,768.8850663,0,1,68,81
1/19/2021,18:00:00,11.8,45,0.99,910.521789,0,1,64,87
1/19/2021,19:00:00,11.8,43,0.99,870.054154,0,1,64,87
1/19/2021,20:00:00,11.8,39,0.99,789.1188838,0,1,64,87
1/19/2021,21:00:00,11.8,33,0.99,667.7159786,0,1,65,90
1/19/2021,22:00:00,11.8,32,0.99,647.4821611,0,1,65,90
1/19/2021,23:00:00,11.7,109,0.99,2186.795551,0,1,65,90
1/20/2021,0:00:00,11.7,109,0.97,2142.617863,0,1,66,92
1/20/2021,1:00:00,11.7,109,0.97,2142.617863,0,1,66,92
1/20/2021,2:00:00,11.7,109,0.97,2142.617863,0,1,66,92
1/20/2021,3:00:00,11.5,126,0.97,2434.449372,0,1,80,40
1/20/2021,4:00:00,11.4,158,0.97,3026.176817,0,1,80,40
1/20/2021,5:00:00,11.5,165,0.97,3187.969415,0,1,80,40
1/20/2021,6:00:00,11.6,221,0.97,4307.076887,0,1,86,26
1/20/2021,7:00:00,11.2,266,0.97,5005.321993,0,1,86,26
1/20/2021,8:00:00,11.2,262,0.97,4930.053993,0,1,86,26
1/20/2021,9:00:00,11.4,250,0.97,4788.254458,0,1,83,28
1/20/2021,10:00:00,11.5,242,0.97,4675.688476,0,1,83,28
1/20/2021,11:00:00,11.2,237,0.97,4459.628994,0,1,83,28
1/20/2021,12:00:00,11.4,216,0.97,4137.051851,0,1,72,67
1/20/2021,13:00:00,11.4,218,0.97,4175.357887,0,1,72,67
1/20/2021,14:00:00,11.5,208,0.97,4018.773566,0,1,72,67
1/20/2021,15:00:00,11.5,219,0.97,4231.30486,0,1,69,78
1/20/2021,16:00:00,11.5,207,0.97,3999.452539,0,1,69,78
1/20/2021,17:00:00,11.5,38,0.97,734.1990168,0,1,69,78
1/20/2021,18:00:00,11.6,45,0.97,877.0066059,0,1,66,86
1/20/2021,19:00:00,11.7,46,0.97,904.2240523,0,1,66,86
1/20/2021,20:00:00,11.7,40,0.97,786.2817846,0,1,66,86
1/20/2021,21:00:00,11.7,35,0.97,687.9965615,0,1,65,92
1/20/2021,22:00:00,11.7,33,0.97,648.6824723,0,1,65,92
1/20/2021,23:00:00,11.6,31,0.97,604.1601063,0,1,65,92
1/21/2021,0:00:00,11.6,105,0.95,2004.155989,0,1,69,83
1/21/2021,1:00:00,11.6,105,0.95,2004.155989,0,1,69,83
1/21/2021,2:00:00,11.6,105,0.95,2004.155989,0,1,69,83
1/21/2021,3:00:00,11.6,105,0.95,2004.155989,0,1,78,41
1/21/2021,4:00:00,11.2,142,0.95,2616.920924,0,1,78,41
1/21/2021,5:00:00,11.3,165,0.95,3067.938294,0,1,78,41
1/21/2021,6:00:00,11.5,214,0.95,4049.448186,0,1,84,26
1/21/2021,7:00:00,11.4,257,0.95,4820.834333,0,1,84,26
1/21/2021,8:00:00,11.4,263,0.95,4933.382995,0,1,84,26
1/21/2021,9:00:00,11.5,256,0.95,4844.199699,0,1,82,32
1/21/2021,10:00:00,11.7,246,0.95,4735.929203,0,1,82,32
1/21/2021,11:00:00,11.8,237,0.95,4601.660624,0,1,82,32
1/21/2021,12:00:00,11.8,235,0.95,4562.828045,0,1,73,68
1/21/2021,13:00:00,11.8,191,0.95,3708.511305,0,1,73,68
1/21/2021,14:00:00,11.8,150,0.95,2912.443433,0,1,73,68
1/21/2021,15:00:00,11.8,177,0.95,3436.683251,0,1,72,74
1/21/2021,16:00:00,11.8,172,0.95,3339.601803,0,1,72,74
1/21/2021,17:00:00,11.9,90,0.95,1762.275094,0,1,72,74
1/21/2021,18:00:00,11.8,91,0.95,1766.882349,0,1,67,88
1/21/2021,19:00:00,11.6,76,0.95,1450.627192,0,1,67,88
1/21/2021,20:00:00,11.7,72,0.95,1386.12562,0,1,67,88
1/21/2021,21:00:00,11.6,70,0.95,1336.103993,0,1,64,80
1/21/2021,22:00:00,11.5,64,0.95,1211.049925,0,1,64,80
1/21/2021,23:00:00,11.5,56,0.95,1059.668684,0,1,64,80
1/22/2021,0:00:00,11.5,100,0.97,1932.102676,0,1,67,88
1/22/2021,1:00:00,11.5,100,0.97,1932.102676,0,1,67,88
1/22/2021,2:00:00,11.4,100,0.97,1915.301783,0,1,67,88
1/22/2021,3:00:00,11.3,110,0.97,2088.350979,0,1,82,34
1/22/2021,4:00:00,11.3,135,0.97,2562.976202,0,1,82,34
1/22/2021,5:00:00,11,197,0.97,3640.753477,0,1,82,34
1/22/2021,6:00:00,11.2,248,0.97,4666.615993,0,1,86,29
1/22/2021,7:00:00,11.2,277,0.97,5212.308993,0,1,86,29
1/22/2021,8:00:00,11.2,270,0.97,5080.589993,0,1,86,29
1/22/2021,9:00:00,11.4,250,0.97,4788.254458,0,1,83,35
1/22/2021,10:00:00,11.8,227,0.97,4500.287154,0,1,83,35
1/22/2021,11:00:00,11.5,217,0.97,4192.662807,0,1,83,35
1/22/2021,12:00:00,11.5,217,0.97,4192.662807,0,1,73,62
1/22/2021,13:00:00,11.5,210,0.97,4057.415619,0,1,73,62
1/22/2021,14:00:00,11.6,210,0.97,4092.697494,0,1,73,62
1/22/2021,15:00:00,11.6,216,0.97,4209.631708,0,1,70,78
1/22/2021,16:00:00,11.6,199,0.97,3878.318102,0,1,70,78
1/22/2021,17:00:00,11.8,39,0.97,773.1770882,0,1,70,78
1/22/2021,18:00:00,11.8,43,0.97,852.4773024,0,1,67,70
1/22/2021,19:00:00,11.8,42,0.97,832.6522488,0,1,67,70
1/22/2021,20:00:00,11.8,36,0.97,713.7019276,0,1,67,70
1/22/2021,21:00:00,11.8,32,0.97,634.4017134,0,1,65,88
1/22/2021,22:00:00,11.8,32,0.97,634.4017134,0,1,65,88
1/22/2021,23:00:00,11.6,100,0.97,1948.903569,0,1,65,88
1/23/2021,0:00:00,11.6,100,0.96,1928.811779,0,1,69,83
1/23/2021,1:00:00,11.5,100,0.96,1912.184092,0,1,69,83
1/23/2021,2:00:00,11.5,100,0.96,1912.184092,0,1,69,83
1/23/2021,3:00:00,11.3,114,0.96,2141.978736,0,1,81,54
1/23/2021,4:00:00,11.2,139,0.96,2588.598429,0,1,81,54
1/23/2021,5:00:00,11.5,183,0.96,3499.296888,0,1,81,54
1/23/2021,6:00:00,11.5,232,0.96,4436.267092,0,1,86,33
1/23/2021,7:00:00,11.3,257,0.96,4828.8468,0,1,86,33
1/23/2021,8:00:00,11.5,244,0.96,4665.729183,0,1,86,33
1/23/2021,9:00:00,11.5,232,0.96,4436.267092,0,1,83,35
1/23/2021,10:00:00,11.6,230,0.96,4436.267092,0,1,83,35
1/23/2021,11:00:00,11.6,227,0.96,4378.402739,0,1,83,35
1/23/2021,12:00:00,11.2,228,0.96,4246.046345,0,1,75,64
1/23/2021,13:00:00,11.1,255,0.96,4706.467018,0,1,75,64
1/23/2021,14:00:00,11.1,252,0.96,4651.096818,0,1,75,64
1/23/2021,15:00:00,11.6,216,0.96,4166.233443,0,1,71,80
1/23/2021,16:00:00,11.8,212,0.96,4159.582368,0,1,71,80
1/23/2021,17:00:00,11.9,216,0.96,4273.98086,0,1,71,80
1/23/2021,18:00:00,12,56,0.96,1117.380617,0,1,67,88
1/23/2021,19:00:00,12,48,0.96,957.7548146,0,1,67,88
1/23/2021,20:00:00,12,44,0.96,877.9419133,0,1,67,88
1/23/2021,21:00:00,12,37,0.96,738.2693362,0,1,66,90
1/23/2021,22:00:00,12,32,0.96,638.5032097,0,1,66,90
1/23/2021,23:00:00,11.9,102,0.96,2018.268739,0,1,66,90
1/24/2021,0:00:00,11.9,102,0.98,2060.316005,1,1,69,91
1/24/2021,1:00:00,11.9,102,0.98,2060.316005,1,1,69,91
1/24/2021,2:00:00,11.9,102,0.98,2060.316005,1,1,69,91
1/24/2021,3:00:00,11.6,120,0.98,2362.79443,1,1,82,37
1/24/2021,4:00:00,11.3,146,0.98,2800.386674,1,1,82,37
1/24/2021,5:00:00,11.3,171,0.98,3279.90494,1,1,82,37
1/24/2021,6:00:00,11.5,252,0.98,4919.093576,1,1,87,27
1/24/2021,7:00:00,11.4,280,0.98,5418.132054,1,1,87,27
1/24/2021,8:00:00,11.8,264,0.98,5287.770982,1,1,87,27
1/24/2021,9:00:00,11.9,246,0.98,4968.997423,1,1,85,30
1/24/2021,10:00:00,11.6,248,0.98,4883.108488,1,1,85,30
1/24/2021,11:00:00,11.8,223,0.98,4466.564125,1,1,85,30
1/24/2021,12:00:00,11.4,211,0.98,4082.949512,1,1,75,69
1/24/2021,13:00:00,11.6,196,0.98,3859.230902,1,1,75,69
1/24/2021,14:00:00,11.6,187,0.98,3682.02132,1,1,75,69
1/24/2021,15:00:00,11.6,198,0.98,3898.610809,1,1,72,76
1/24/2021,16:00:00,11.8,163,0.98,3264.797993,1,1,72,76
1/24/2021,17:00:00,11.8,34,0.98,681.0008083,1,1,72,76
1/24/2021,18:00:00,11.8,52,0.98,1041.530648,1,1,69,85
1/24/2021,19:00:00,11.8,48,0.98,961.4129059,1,1,69,85
1/24/2021,20:00:00,11.8,46,0.98,921.3540348,1,1,69,85
1/24/2021,21:00:00,11.8,40,0.98,801.1774215,1,1,68,88
1/24/2021,22:00:00,11.8,34,0.98,681.0008083,1,1,68,88
1/24/2021,23:00:00,11.8,88,0.98,1762.590327,1,1,68,88
1/25/2021,0:00:00,11.8,88,0.96,1726.619096,0,1,70,91
1/25/2021,1:00:00,11.8,88,0.96,1726.619096,0,1,70,91
1/25/2021,2:00:00,11.8,88,0.96,1726.619096,0,1,70,91
1/25/2021,3:00:00,11.5,112,0.96,2141.646183,0,1,83,46
1/25/2021,4:00:00,11.3,136,0.96,2555.343054,0,1,83,46
1/25/2021,5:00:00,11.6,158,0.96,3047.522611,0,1,83,46
1/25/2021,6:00:00,11.3,220,0.96,4133.643175,0,1,89,30
1/25/2021,7:00:00,11.8,259,0.96,5081.753931,0,1,89,30
1/25/2021,8:00:00,11.7,243,0.96,4727.417905,0,1,89,30
1/25/2021,9:00:00,11.7,249,0.96,4844.144273,0,1,86,33
1/25/2021,10:00:00,11.8,254,0.96,4983.650573,0,1,86,33
1/25/2021,11:00:00,11.8,236,0.96,4630.478485,0,1,86,33
1/25/2021,12:00:00,11.6,236,0.96,4551.995799,0,1,78,60
1/25/2021,13:00:00,11.7,230,0.96,4474.510774,0,1,78,60
1/25/2021,14:00:00,11.7,220,0.96,4279.966828,0,1,78,60
1/25/2021,15:00:00,11.7,216,0.96,4202.149249,0,1,73,73
1/25/2021,16:00:00,11.8,190,0.96,3727.927594,0,1,73,73
1/25/2021,17:00:00,11.8,44,0.96,863.3095481,0,1,73,73
1/25/2021,18:00:00,11.8,47,0.96,922.1715628,0,1,69,83
1/25/2021,19:00:00,11.8,44,0.96,863.3095481,0,1,69,83
1/25/2021,20:00:00,11.8,43,0.96,843.6888766,0,1,69,83
1/25/2021,21:00:00,11.8,35,0.96,686.7235042,0,1,68,88
1/25/2021,22:00:00,11.8,35,0.96,686.7235042,0,1,68,88
1/25/2021,23:00:00,11.8,34,0.96,667.1028326,0,1,68,88
1/26/2021,0:00:00,11.7,111,0.97,2181.931952,0,1,71,89
1/26/2021,1:00:00,11.7,111,0.97,2181.931952,0,1,71,89
1/26/2021,2:00:00,11.7,111,0.97,2181.931952,0,1,71,89
1/26/2021,3:00:00,11.6,111,0.97,2163.282961,0,1,81,40
1/26/2021,4:00:00,11.5,238,0.97,4598.404369,0,1,81,40
1/26/2021,5:00:00,11.2,178,0.97,3349.425995,0,1,81,40
1/26/2021,6:00:00,11.2,230,0.97,4327.909994,0,1,87,24
1/26/2021,7:00:00,11.3,282,0.97,5353.77251,0,1,87,24
1/26/2021,8:00:00,11.1,294,0.97,5482.803367,0,1,87,24
1/26/2021,9:00:00,11.3,274,0.97,5201.892439,0,1,85,30
1/26/2021,10:00:00,11.6,257,0.97,5008.682171,0,1,85,30
1/26/2021,11:00:00,11.7,253,0.97,4973.232288,0,1,85,30
1/26/2021,12:00:00,11.8,230,0.97,4559.762315,0,1,75,67
1/26/2021,13:00:00,11.6,228,0.97,4443.500137,0,1,75,67
1/26/2021,14:00:00,11.7,222,0.97,4363.863905,0,1,75,67
1/26/2021,15:00:00,11.7,218,0.97,4285.235726,0,1,72,74
1/26/2021,16:00:00,11.6,200,0.97,3897.807137,0,1,72,74
1/26/2021,17:00:00,11.8,210,0.97,4163.261244,0,1,72,74
1/26/2021,18:00:00,11.8,49,0.97,971.4276236,0,1,71,85
1/26/2021,19:00:00,11.6,50,0.97,974.4517843,0,1,71,85
1/26/2021,20:00:00,11.7,48,0.97,943.5381415,0,1,71,85
1/26/2021,21:00:00,11.8,40,0.97,793.0021417,0,1,67,90
1/26/2021,22:00:00,11.8,36,0.97,713.7019276,0,1,67,90
1/26/2021,23:00:00,11.6,110,0.97,2143.793926,0,1,67,90
1/27/2021,0:00:00,11.8,110,0.97,2180.75589,0,1,71,91
1/27/2021,1:00:00,11.8,110,0.97,2180.75589,0,1,71,91
1/27/2021,2:00:00,11.7,111,0.97,2181.931952,0,1,71,91
1/27/2021,3:00:00,11.6,112,0.97,2182.771997,0,1,80,45
1/27/2021,4:00:00,11.6,140,0.97,2728.464996,0,1,80,45
1/27/2021,5:00:00,11.5,180,0.97,3477.784817,0,1,80,45
1/27/2021,6:00:00,11.6,242,0.97,4716.346636,0,1,85,32
1/27/2021,7:00:00,11.3,272,0.97,5163.922421,0,1,85,32
1/27/2021,8:00:00,11.3,290,0.97,5505.652582,0,1,85,32
1/27/2021,9:00:00,11.5,272,0.97,5255.319278,0,1,82,35
1/27/2021,10:00:00,11.6,255,0.97,4969.7041,0,1,82,35
1/27/2021,11:00:00,11.8,209,0.97,4143.436191,0,1,82,35
1/27/2021,12:00:00,11.8,213,0.97,4222.736405,0,1,75,60
1/27/2021,13:00:00,11.2,220,0.97,4139.739994,0,1,75,60
1/27/2021,14:00:00,11.2,234,0.97,4403.177994,0,1,75,60
1/27/2021,15:00:00,11.4,235,0.97,4500.95919,0,1,73,74
1/27/2021,16:00:00,11.4,211,0.97,4041.286762,0,1,73,74
1/27/2021,17:00:00,11.6,38,0.97,740.5833561,0,1,73,74
1/27/2021,18:00:00,11.6,48,0.97,935.473713,0,1,70,85
1/27/2021,19:00:00,11.7,48,0.97,943.5381415,0,1,70,85
1/27/2021,20:00:00,11.7,48,0.97,943.5381415,0,1,70,85
1/27/2021,21:00:00,11.7,40,0.97,786.2817846,0,1,70,89
1/27/2021,22:00:00,11.7,36,0.97,707.6536061,0,1,70,89
1/27/2021,23:00:00,11.6,34,0.97,662.6272134,0,1,70,89
1/28/2021,0:00:00,11.6,106,0.97,2065.837783,0,1,73,81
1/28/2021,1:00:00,11.6,106,0.97,2065.837783,0,1,73,81
1/28/2021,2:00:00,11.6,106,0.97,2065.837783,0,1,73,81
1/28/2021,3:00:00,11.6,106,0.97,2065.837783,0,1,81,48
1/28/2021,4:00:00,11.3,157,0.97,2980.646398,0,1,81,48
1/28/2021,5:00:00,11.8,170,0.97,3370.259102,0,1,81,48
1/28/2021,6:00:00,11.4,225,0.97,4309.429012,0,1,86,37
1/28/2021,7:00:00,11.5,269,0.97,5197.356198,0,1,86,37
1/28/2021,8:00:00,11.4,287,0.97,5496.916117,0,1,86,37
1/28/2021,9:00:00,11.7,253,0.97,4973.232288,0,1,82,41
1/28/2021,10:00:00,11.8,248,0.97,4916.613279,0,1,82,41
1/28/2021,11:00:00,11.6,231,0.97,4501.967244,0,1,82,41
1/28/2021,12:00:00,11.6,213,0.97,4151.164601,0,1,76,69
1/28/2021,13:00:00,11.6,214,0.97,4170.653637,0,1,76,69
1/28/2021,14:00:00,11.5,212,0.97,4096.057673,0,1,76,69
1/28/2021,15:00:00,11.5,209,0.97,4038.094593,0,1,73,76
1/28/2021,16:00:00,11.8,205,0.97,4064.135976,0,1,73,76
1/28/2021,17:00:00,11.6,40,0.97,779.5614275,0,1,73,76
1/28/2021,18:00:00,11.6,49,0.97,954.9627487,0,1,72,84
1/28/2021,19:00:00,11.7,50,0.97,982.8522308,0,1,72,84
1/28/2021,20:00:00,11.8,46,0.97,911.952463,0,1,72,84
1/28/2021,21:00:00,11.8,40,0.97,793.0021417,0,1,68,88
1/28/2021,22:00:00,11.8,36,0.97,713.7019276,0,1,68,88
1/28/2021,23:00:00,11.7,100,0.97,1965.704462,0,1,68,88
1/29/2021,0:00:00,11.6,100,0.97,1948.903569,0,1,71,91
1/29/2021,1:00:00,11.6,100,0.97,1948.903569,0,1,71,91
1/29/2021,2:00:00,11.6,102,0.97,1987.88164,0,1,71,91
1/29/2021,3:00:00,11.5,110,0.97,2125.312943,0,1,80,59
1/29/2021,4:00:00,11.3,152,0.97,2885.721353,0,1,80,59
1/29/2021,5:00:00,11.2,190,0.97,3575.229995,0,1,80,59
1/29/2021,6:00:00,11.6,245,0.97,4774.813743,0,1,85,36
1/29/2021,7:00:00,11.6,267,0.97,5203.572528,0,1,85,36
1/29/2021,8:00:00,11.6,264,0.97,5145.105421,0,1,85,36
1/29/2021,9:00:00,11.6,248,0.97,4833.28085,0,1,84,33
1/29/2021,10:00:00,11.8,240,0.97,4758.01285,0,1,84,33
1/29/2021,11:00:00,11.8,250,0.97,4956.263386,0,1,84,33
1/29/2021,12:00:00,11.5,230,0.97,4443.836154,0,1,76,67
1/29/2021,13:00:00,11.6,219,0.97,4268.098815,0,1,76,67
1/29/2021,14:00:00,11.6,214,0.97,4170.653637,0,1,76,67
1/29/2021,15:00:00,11.6,220,0.97,4287.587851,0,1,73,79
1/29/2021,16:00:00,11.7,211,0.97,4147.636414,0,1,73,79
1/29/2021,17:00:00,11.5,35,0.97,676.2359365,0,1,73,79
1/29/2021,18:00:00,11.7,49,0.97,963.1951861,0,1,70,87
1/29/2021,19:00:00,11.7,49,0.97,963.1951861,0,1,70,87
1/29/2021,20:00:00,11.7,46,0.97,904.2240523,0,1,70,87
1/29/2021,21:00:00,11.7,40,0.97,786.2817846,0,1,70,89
1/29/2021,22:00:00,11.7,34,0.97,668.3395169,0,1,70,89
1/29/2021,23:00:00,11.7,103,0.97,2024.675595,0,1,70,89
1/30/2021,0:00:00,11.7,103,0.97,2024.675595,0,1,70,62
1/30/2021,1:00:00,11.7,103,0.97,2024.675595,0,1,70,62
1/30/2021,2:00:00,11.7,103,0.97,2024.675595,0,1,70,62
1/30/2021,3:00:00,11.5,110,0.97,2125.312943,0,1,77,34
1/30/2021,4:00:00,11.3,152,0.97,2885.721353,0,1,77,34
1/30/2021,5:00:00,11.6,160,0.97,3118.24571,0,1,77,34
1/30/2021,6:00:00,11.9,208,0.97,4158.556994,0,1,83,32
1/30/2021,7:00:00,11.6,238,0.97,4638.390493,0,1,83,32
1/30/2021,8:00:00,11.5,240,0.97,4637.046422,0,1,83,32
1/30/2021,9:00:00,11.5,244,0.97,4714.330529,0,1,82,35
1/30/2021,10:00:00,11.5,244,0.97,4714.330529,0,1,82,35
1/30/2021,11:00:00,11.4,224,0.97,4290.275994,0,1,82,35
1/30/2021,12:00:00,11.4,224,0.97,4290.275994,0,1,75,64
1/30/2021,13:00:00,11.5,216,0.97,4173.34178,0,1,75,64
1/30/2021,14:00:00,11.5,216,0.97,4173.34178,0,1,75,64
1/30/2021,15:00:00,11.5,210,0.97,4057.415619,0,1,72,72
1/30/2021,16:00:00,11.7,173,0.97,3400.668718,0,1,72,72
1/30/2021,17:00:00,11.8,165,0.97,3271.133835,0,1,72,72
1/30/2021,18:00:00,11.7,49,0.97,963.1951861,0,1,72,80
1/30/2021,19:00:00,11.7,43,0.97,845.2529184,0,1,72,80
1/30/2021,20:00:00,11.7,41,0.97,805.9388292,0,1,72,80
1/30/2021,21:00:00,11.7,33,0.97,648.6824723,0,1,66,58
1/30/2021,22:00:00,11.7,33,0.97,648.6824723,0,1,66,58
1/30/2021,23:00:00,11.6,102,0.97,1987.88164,0,1,66,58
1/31/2021,0:00:00,11.6,102,0.98,2008.375265,1,1,70,50
1/31/2021,1:00:00,11.6,102,0.98,2008.375265,1,1,70,50
1/31/2021,2:00:00,11.6,102,0.98,2008.375265,1,1,70,50
1/31/2021,3:00:00,11.6,114,0.98,2244.654708,1,1,79,39
1/31/2021,4:00:00,11.7,133,0.98,2641.339376,1,1,79,39
1/31/2021,5:00:00,11.8,170,0.98,3405.004042,1,1,79,39
1/31/2021,6:00:00,11.2,211,0.98,4011.318819,1,1,85,36
1/31/2021,7:00:00,11.2,240,0.98,4562.637519,1,1,85,36
1/31/2021,8:00:00,11.3,245,0.98,4699.279008,1,1,85,36
1/31/2021,9:00:00,11.4,243,0.98,4702.164604,1,1,83,40
1/31/2021,10:00:00,11.5,235,0.98,4587.249961,1,1,83,40
1/31/2021,11:00:00,11.6,224,0.98,4410.549602,1,1,83,40
1/31/2021,12:00:00,11.6,220,0.98,4331.789788,1,1,76,64
1/31/2021,13:00:00,11.5,215,0.98,4196.845709,1,1,76,64
1/31/2021,14:00:00,11.5,215,0.98,4196.845709,1,1,76,64
1/31/2021,15:00:00,11.5,212,0.98,4138.285071,1,1,72,72
1/31/2021,16:00:00,11.8,178,0.98,3565.239526,1,1,72,72
1/31/2021,17:00:00,11.7,50,0.98,992.984728,1,1,72,72
1/31/2021,18:00:00,11.7,47,0.98,933.4056443,1,1,69,66
1/31/2021,19:00:00,11.7,45,0.98,893.6862552,1,1,69,66
1/31/2021,20:00:00,11.7,44,0.98,873.8265606,1,1,69,66
1/31/2021,21:00:00,11.8,36,0.98,721.0596794,1,1,65,75
1/31/2021,22:00:00,11.8,34,0.98,681.0008083,1,1,65,75
1/31/2021,23:00:00,11.7,97,0.98,1926.390372,1,1,65,75
2/1/2021,0:00:00,11.7,97,0.97,1906.733328,0,1,66,75
2/1/2021,1:00:00,11.7,97,0.97,1906.733328,0,1,66,75
2/1/2021,2:00:00,11.7,97,0.97,1906.733328,0,1,66,75
2/1/2021,3:00:00,11.5,97,0.97,1874.139596,0,1,79,48
2/1/2021,4:00:00,11.2,133,0.97,2502.660996,0,1,79,48
2/1/2021,5:00:00,11.4,169,0.97,3236.860013,0,1,79,48
2/1/2021,6:00:00,11.3,219,0.97,4157.716949,0,1,85,32
2/1/2021,7:00:00,11.2,240,0.97,4516.079994,0,1,85,32
2/1/2021,8:00:00,11.3,125,0.97,2373.126113,0,1,85,32
2/1/2021,9:00:00,11.8,124,0.97,2458.306639,0,1,81,37
2/1/2021,10:00:00,11.4,240,0.97,4596.724279,0,1,81,37
2/1/2021,11:00:00,11.5,238,0.97,4598.404369,0,1,81,37
2/1/2021,12:00:00,11.8,219,0.97,4341.686726,0,1,71,68
2/1/2021,13:00:00,11.8,201,0.97,3984.835762,0,1,71,68
2/1/2021,14:00:00,11.8,202,0.97,4004.660816,0,1,71,68
2/1/2021,15:00:00,11.7,209,0.97,4108.322325,0,1,64,78
2/1/2021,16:00:00,11.3,194,0.97,3683.091727,0,1,64,78
2/1/2021,17:00:00,11.7,156,0.97,3066.49896,0,1,64,78
2/1/2021,18:00:00,11.8,49,0.97,971.4276236,0,1,67,72
2/1/2021,19:00:00,11.8,48,0.97,951.6025701,0,1,67,72
2/1/2021,20:00:00,11.8,41,0.97,812.8271953,0,1,67,72
2/1/2021,21:00:00,11.8,35,0.97,693.876874,0,1,57,84
2/1/2021,22:00:00,11.8,31,0.97,614.5766598,0,1,57,84
2/1/2021,23:00:00,11.8,98,0.97,1942.855247,0,1,57,84
2/2/2021,0:00:00,11.8,98,0.97,1942.855247,0,1,62,87
2/2/2021,1:00:00,11.8,98,0.97,1942.855247,0,1,62,87
2/2/2021,2:00:00,11.8,98,0.97,1942.855247,0,1,62,87
2/2/2021,3:00:00,11.7,100,0.97,1965.704462,0,1,78,28
2/2/2021,4:00:00,11.5,120,0.97,2318.523211,0,1,78,28
2/2/2021,5:00:00,11.7,135,0.97,2653.701023,0,1,78,28
2/2/2021,6:00:00,11.5,192,0.97,3709.637138,0,1,83,22
2/2/2021,7:00:00,11.4,233,0.97,4462.653154,0,1,83,22
2/2/2021,8:00:00,11.3,239,0.97,4537.417128,0,1,83,22
2/2/2021,9:00:00,11.4,231,0.97,4424.347119,0,1,81,26
2/2/2021,10:00:00,11.6,224,0.97,4365.543994,0,1,81,26
2/2/2021,11:00:00,11.8,202,0.97,4004.660816,0,1,81,26
2/2/2021,12:00:00,11.7,202,0.97,3970.723012,0,1,65,54
2/2/2021,13:00:00,11.6,199,0.97,3878.318102,0,1,65,54
2/2/2021,14:00:00,11.6,196,0.97,3819.850995,0,1,65,54
2/2/2021,15:00:00,11.6,192,0.97,3741.894852,0,1,61,69
2/2/2021,16:00:00,11.8,201,0.97,3984.835762,0,1,61,69
2/2/2021,17:00:00,11.8,120,0.97,2379.006425,0,1,61,69
2/2/2021,18:00:00,11.8,48,0.97,951.6025701,0,1,61,79
2/2/2021,19:00:00,11.9,45,0.97,899.6878112,0,1,61,79
2/2/2021,20:00:00,11.9,40,0.97,799.7224989,0,1,61,79
2/2/2021,21:00:00,11.8,36,0.97,713.7019276,0,1,55,90
2/2/2021,22:00:00,11.8,30,0.97,594.7516063,0,1,55,90
2/2/2021,23:00:00,11.8,100,0.97,1982.505354,0,1,55,90
2/3/2021,0:00:00,11.7,98,0.97,1926.390372,0,1,63,91
2/3/2021,1:00:00,11.7,98,0.97,1926.390372,0,1,63,91
2/3/2021,2:00:00,11.7,98,0.97,1926.390372,0,1,63,91
2/3/2021,3:00:00,11.6,99,0.97,1929.414533,0,1,82,41
2/3/2021,4:00:00,11.6,111,0.97,2163.282961,0,1,82,41
2/3/2021,5:00:00,11.3,152,0.97,2885.721353,0,1,82,41
2/3/2021,6:00:00,11.5,193,0.97,3728.958164,0,1,86,29
2/3/2021,7:00:00,11.5,216,0.97,4173.34178,0,1,86,29
2/3/2021,8:00:00,11.6,229,0.97,4462.989172,0,1,86,29
2/3/2021,9:00:00,11.6,225,0.97,4385.03303,0,1,83,22
2/3/2021,10:00:00,11.3,222,0.97,4214.671976,0,1,83,22
2/3/2021,11:00:00,11.3,217,0.97,4119.746932,0,1,83,22
2/3/2021,12:00:00,11.6,213,0.97,4151.164601,0,1,69,50
2/3/2021,13:00:00,11.6,204,0.97,3975.76328,0,1,69,50
2/3/2021,14:00:00,11.7,202,0.97,3970.723012,0,1,69,50
2/3/2021,15:00:00,11.5,204,0.97,3941.489459,0,1,64,67
2/3/2021,16:00:00,11.4,201,0.97,3849.756584,0,1,64,67
2/3/2021,17:00:00,11.2,154,0.97,2897.817996,0,1,64,67
2/3/2021,18:00:00,11.7,46,0.97,904.2240523,0,1,57,77
2/3/2021,19:00:00,11.7,40,0.97,786.2817846,0,1,57,77
2/3/2021,20:00:00,11.7,36,0.97,707.6536061,0,1,57,77
2/3/2021,21:00:00,11.7,30,0.97,589.7113385,0,1,55,91
2/3/2021,22:00:00,11.7,29,0.97,570.0542938,0,1,55,91
2/3/2021,23:00:00,11.7,27,0.97,530.7402046,0,1,55,91
2/4/2021,0:00:00,11.7,96,0.97,1887.076283,0,1,61,89
2/4/2021,1:00:00,11.7,96,0.97,1887.076283,0,1,61,89
2/4/2021,2:00:00,11.7,96,0.97,1887.076283,0,1,61,89
2/4/2021,3:00:00,11.6,99,0.97,1929.414533,0,1,80,46
2/4/2021,4:00:00,11.5,110,0.97,2125.312943,0,1,80,46
2/4/2021,5:00:00,11.3,135,0.97,2562.976202,0,1,80,46
2/4/2021,6:00:00,11.4,224,0.97,4290.275994,0,1,84,18
2/4/2021,7:00:00,11.2,243,0.97,4572.530994,0,1,84,18
2/4/2021,8:00:00,11.2,237,0.97,4459.628994,0,1,84,18
2/4/2021,9:00:00,11.2,235,0.97,4421.994994,0,1,82,18
2/4/2021,10:00:00,11.5,237,0.97,4579.083342,0,1,82,18
2/4/2021,11:00:00,11.7,212,0.97,4167.293458,0,1,82,18
2/4/2021,12:00:00,11.6,200,0.97,3897.807137,0,1,69,42
2/4/2021,13:00:00,11.8,197,0.97,3905.535548,0,1,69,42
2/4/2021,14:00:00,11.5,190,0.97,3670.995084,0,1,69,42
2/4/2021,15:00:00,11.5,195,0.97,3767.600218,0,1,65,73
2/4/2021,16:00:00,11.5,198,0.97,3825.563298,0,1,65,73
2/4/2021,17:00:00,11.4,163,0.97,3121.941906,0,1,65,73
2/4/2021,18:00:00,11.7,48,0.97,943.5381415,0,1,60,81
2/4/2021,19:00:00,11.7,48,0.97,943.5381415,0,1,60,81
2/4/2021,20:00:00,11.7,40,0.97,786.2817846,0,1,60,81
2/4/2021,21:00:00,11.8,30,0.97,594.7516063,0,1,58,91
2/4/2021,22:00:00,11.8,27,0.97,535.2764457,0,1,58,91
2/4/2021,23:00:00,11.8,90,0.97,1784.254819,0,1,58,91
2/5/2021,0:00:00,11.8,90,0.98,1802.649198,0,1,64,90
2/5/2021,1:00:00,11.8,90,0.98,1802.649198,0,1,64,90
2/5/2021,2:00:00,11.8,90,0.98,1802.649198,0,1,64,90
2/5/2021,3:00:00,11.6,99,0.98,1949.305404,0,1,80,38
2/5/2021,4:00:00,11.4,110,0.98,2128.551878,0,1,80,38
2/5/2021,5:00:00,11.4,129,0.98,2496.210839,0,1,80,38
2/5/2021,6:00:00,11.3,182,0.98,3490.892977,0,1,85,20
2/5/2021,7:00:00,11.2,229,0.98,4353.516633,0,1,85,20
2/5/2021,8:00:00,11.4,243,0.98,4702.164604,0,1,85,20
2/5/2021,9:00:00,11.3,241,0.98,4622.556085,0,1,82,24
2/5/2021,10:00:00,11.5,237,0.98,4626.290387,0,1,82,24
2/5/2021,11:00:00,11.4,221,0.98,4276.454228,0,1,82,24
2/5/2021,12:00:00,11.2,238,0.98,4524.61554,0,1,72,56
2/5/2021,13:00:00,11.2,261,0.98,4961.868302,0,1,72,56
2/5/2021,14:00:00,11.2,242,0.98,4600.659499,0,1,72,56
2/5/2021,15:00:00,11.3,233,0.98,4469.11024,0,1,68,72
2/5/2021,16:00:00,11.4,220,0.98,4257.103757,0,1,68,72
2/5/2021,17:00:00,11.9,120,0.98,2423.901182,0,1,68,72
2/5/2021,18:00:00,11.8,121,0.98,2423.5617,0,1,62,83
2/5/2021,19:00:00,11.9,111,0.98,2242.108593,0,1,62,83
2/5/2021,20:00:00,11.8,98,0.98,1962.884683,0,1,62,83
2/5/2021,21:00:00,11.8,95,0.98,1902.796376,0,1,65,84
2/5/2021,22:00:00,11.8,92,0.98,1842.70807,0,1,65,84
2/5/2021,23:00:00,11.7,90,0.98,1787.37251,0,1,65,84
2/6/2021,0:00:00,11.7,90,0.97,1769.134015,0,1,66,88
2/6/2021,1:00:00,11.7,90,0.97,1769.134015,0,1,66,88
2/6/2021,2:00:00,11.6,90,0.97,1754.013212,0,1,66,88
2/6/2021,3:00:00,11.4,101,0.97,1934.454801,0,1,80,54
2/6/2021,4:00:00,11.4,108,0.97,2068.525926,0,1,80,54
2/6/2021,5:00:00,11.3,132,0.97,2506.021175,0,1,80,54
2/6/2021,6:00:00,11.3,201,0.97,3815.986789,0,1,84,32
2/6/2021,7:00:00,11.3,295,0.97,5600.577626,0,1,84,32
2/6/2021,8:00:00,11.4,248,0.97,4749.948422,0,1,84,32
2/6/2021,9:00:00,11.5,247,0.97,4772.293609,0,1,85,26
2/6/2021,10:00:00,11.5,237,0.97,4579.083342,0,1,85,26
2/6/2021,11:00:00,11.8,220,0.97,4361.51178,0,1,85,26
2/6/2021,12:00:00,11.5,214,0.97,4134.699726,0,1,74,61
2/6/2021,13:00:00,11.5,203,0.97,3922.168432,0,1,74,61
2/6/2021,14:00:00,11.6,202,0.97,3936.785209,0,1,74,61
2/6/2021,15:00:00,11.5,202,0.97,3902.847405,0,1,71,73
2/6/2021,16:00:00,11.4,202,0.97,3868.909602,0,1,71,73
2/6/2021,17:00:00,11.6,149,0.97,2903.866317,0,1,71,73
2/6/2021,18:00:00,11.7,48,0.97,943.5381415,0,1,65,82
2/6/2021,19:00:00,11.7,45,0.97,884.5670077,0,1,65,82
2/6/2021,20:00:00,11.7,40,0.97,786.2817846,0,1,65,82
2/6/2021,21:00:00,11.8,35,0.97,693.876874,0,1,68,54
2/6/2021,22:00:00,11.8,30,0.97,594.7516063,0,1,68,54
2/6/2021,23:00:00,11.7,90,0.97,1769.134015,0,1,68,54
2/7/2021,0:00:00,11.7,90,0.97,1769.134015,1,1,68,54
2/7/2021,1:00:00,11.7,90,0.97,1769.134015,1,1,68,54
2/7/2021,2:00:00,11.7,90,0.97,1769.134015,1,1,68,54
2/7/2021,3:00:00,11.6,90,0.97,1754.013212,1,1,76,35
2/7/2021,4:00:00,11.5,122,0.97,2357.165265,1,1,76,35
2/7/2021,5:00:00,11.5,136,0.97,2627.659639,1,1,76,35
2/7/2021,6:00:00,11.4,182,0.97,3485.849245,1,1,82,22
2/7/2021,7:00:00,11.2,222,0.97,4177.373994,1,1,82,22
2/7/2021,8:00:00,11.5,228,0.97,4405.194101,1,1,82,22
2/7/2021,9:00:00,11.6,223,0.97,4346.054958,1,1,80,20
2/7/2021,10:00:00,11.4,216,0.97,4137.051851,1,1,80,20
2/7/2021,11:00:00,11.6,213,0.97,4151.164601,1,1,80,20
2/7/2021,12:00:00,11.6,201,0.97,3917.296173,1,1,69,53
2/7/2021,13:00:00,11.8,188,0.97,3727.110066,1,1,69,53
2/7/2021,14:00:00,11.6,178,0.97,3469.048352,1,1,69,53
2/7/2021,15:00:00,11.5,190,0.97,3670.995084,1,1,64,62
2/7/2021,16:00:00,11.5,191,0.97,3690.316111,1,1,64,62
2/7/2021,17:00:00,11.5,144,0.97,2782.227853,1,1,64,62
2/7/2021,18:00:00,11.7,48,0.97,943.5381415,1,1,69,72
2/7/2021,19:00:00,11.7,45,0.97,884.5670077,1,1,69,72
2/7/2021,20:00:00,11.7,40,0.97,786.2817846,1,1,69,72
2/7/2021,21:00:00,11.8,35,0.97,693.876874,1,1,56,82
2/7/2021,22:00:00,11.8,27,0.97,535.2764457,1,1,56,82
2/7/2021,23:00:00,11.8,86,0.97,1704.954605,1,1,56,82
2/8/2021,0:00:00,11.8,86,0.97,1704.954605,0,1,60,81
2/8/2021,1:00:00,11.8,86,0.97,1704.954605,0,1,60,81
2/8/2021,2:00:00,11.8,86,0.97,1704.954605,0,1,60,81
2/8/2021,3:00:00,11.8,86,0.97,1704.954605,0,1,77,22
2/8/2021,4:00:00,11.5,96,0.97,1854.818569,0,1,77,22
2/8/2021,5:00:00,11.3,122,0.97,2316.171086,0,1,77,22
2/8/2021,6:00:00,11.5,190,0.97,3670.995084,0,1,82,18
2/8/2021,7:00:00,11.5,239,0.97,4617.725395,0,1,82,18
2/8/2021,8:00:00,11.4,250,0.97,4788.254458,0,1,82,18
2/8/2021,9:00:00,11.4,241,0.97,4615.877297,0,1,81,18
2/8/2021,10:00:00,11,222,0.97,4102.77803,0,1,81,18
2/8/2021,11:00:00,11.7,199,0.97,3911.751878,0,1,81,18
2/8/2021,12:00:00,11.7,192,0.97,3774.152566,0,1,66,48
2/8/2021,13:00:00,11.6,191,0.97,3722.405816,0,1,66,48
2/8/2021,14:00:00,11.5,190,0.97,3670.995084,0,1,66,48
2/8/2021,15:00:00,11.4,202,0.97,3868.909602,0,1,62,56
2/8/2021,16:00:00,11.4,191,0.97,3658.226406,0,1,62,56
2/8/2021,17:00:00,11.5,145,0.97,2801.54888,0,1,62,56
2/8/2021,18:00:00,11.6,45,0.97,877.0066059,0,1,60,70
2/8/2021,19:00:00,11.7,42,0.97,825.5958738,0,1,60,70
2/8/2021,20:00:00,11.7,38,0.97,746.9676954,0,1,60,70
2/8/2021,21:00:00,11.7,35,0.97,687.9965615,0,1,55,88
2/8/2021,22:00:00,11.8,25,0.97,495.6263386,0,1,55,88
2/8/2021,23:00:00,11.8,90,0.97,1784.254819,0,1,55,88
2/9/2021,0:00:00,11.8,90,0.97,1784.254819,0,1,63,91
2/9/2021,1:00:00,11.8,90,0.97,1784.254819,0,1,63,91
2/9/2021,2:00:00,11.8,90,0.97,1784.254819,0,1,63,91
2/9/2021,3:00:00,11.8,90,0.97,1784.254819,0,1,81,27
2/9/2021,4:00:00,11.8,120,0.97,2379.006425,0,1,81,27
2/9/2021,5:00:00,11.8,136,0.97,2696.207282,0,1,81,27
2/9/2021,6:00:00,11.4,188,0.97,3600.767352,0,1,86,16
2/9/2021,7:00:00,11.2,246,0.97,4628.981993,0,1,86,16
2/9/2021,8:00:00,11.4,237,0.97,4539.265226,0,1,86,16
2/9/2021,9:00:00,11.5,213,0.97,4115.3787,0,1,84,20
2/9/2021,10:00:00,11.6,223,0.97,4346.054958,0,1,84,20
2/9/2021,11:00:00,11.7,225,0.97,4422.835038,0,1,84,20
2/9/2021,12:00:00,11.5,207,0.97,3999.452539,0,1,68,48
2/9/2021,13:00:00,11.5,199,0.97,3844.884325,0,1,68,48
2/9/2021,14:00:00,11.6,197,0.97,3839.34003,0,1,68,48
2/9/2021,15:00:00,11.6,211,0.97,4112.18653,0,1,63,72
2/9/2021,16:00:00,11.7,185,0.97,3636.553254,0,1,63,72
2/9/2021,17:00:00,11.8,143,0.97,2834.982657,0,1,63,72
2/9/2021,18:00:00,11.6,46,0.97,896.4956416,0,1,60,84
2/9/2021,19:00:00,11.7,42,0.97,825.5958738,0,1,60,84
2/9/2021,20:00:00,11.7,39,0.97,766.62474,0,1,60,84
2/9/2021,21:00:00,11.7,35,0.97,687.9965615,0,1,59,87
2/9/2021,22:00:00,11.7,24,0.97,471.7690708,0,1,59,87
2/9/2021,23:00:00,11.8,91,0.97,1804.079872,0,1,59,87
2/10/2021,0:00:00,11.8,91,0.97,1804.079872,0,1,63,84
2/10/2021,1:00:00,11.8,91,0.97,1804.079872,0,1,63,84
2/10/2021,2:00:00,11.8,91,0.97,1804.079872,0,1,63,84
2/10/2021,3:00:00,11.8,91,0.97,1804.079872,0,1,77,31
2/10/2021,4:00:00,11.5,103,0.97,1990.065756,0,1,77,31
2/10/2021,5:00:00,11.8,136,0.97,2696.207282,0,1,77,31
2/10/2021,6:00:00,11.2,185,0.97,3481.144995,0,1,83,24
2/10/2021,7:00:00,11.7,226,0.97,4442.492083,0,1,83,24
2/10/2021,8:00:00,11.8,238,0.97,4718.362743,0,1,83,24
2/10/2021,9:00:00,11.8,233,0.97,4619.237476,0,1,84,22
2/10/2021,10:00:00,11.9,223,0.97,4458.452931,0,1,84,22
2/10/2021,11:00:00,11.7,216,0.97,4245.921637,0,1,84,22
2/10/2021,12:00:00,11.6,205,0.97,3995.252316,0,1,72,52
2/10/2021,13:00:00,11.6,198,0.97,3858.829066,0,1,72,52
2/10/2021,14:00:00,11.6,188,0.97,3663.938709,0,1,72,52
2/10/2021,15:00:00,11.6,192,0.97,3741.894852,0,1,67,72
2/10/2021,16:00:00,11.9,194,0.97,3878.65412,0,1,67,72
2/10/2021,17:00:00,11.8,140,0.97,2775.507496,0,1,67,72
2/10/2021,18:00:00,11.8,45,0.97,892.1274095,0,1,60,81
2/10/2021,19:00:00,11.8,43,0.97,852.4773024,0,1,60,81
2/10/2021,20:00:00,11.8,38,0.97,753.3520347,0,1,60,81
2/10/2021,21:00:00,11.8,32,0.97,634.4017134,0,1,58,88
2/10/2021,22:00:00,11.8,28,0.97,555.1014992,0,1,58,88
2/10/2021,23:00:00,11.9,24,0.97,479.8334993,0,1,58,88
2/11/2021,0:00:00,11.7,99,0.97,1946.047417,0,1,66,92
2/11/2021,1:00:00,11.7,99,0.97,1946.047417,0,1,66,92
2/11/2021,2:00:00,11.7,99,0.97,1946.047417,0,1,66,92
2/11/2021,3:00:00,11.7,99,0.97,1946.047417,0,1,83,38
2/11/2021,4:00:00,11.4,114,0.97,2183.444033,0,1,83,38
2/11/2021,5:00:00,11.6,168,0.97,3274.157995,0,1,83,38
2/11/2021,6:00:00,11.3,207,0.97,3929.896843,0,1,90,18
2/11/2021,7:00:00,11.3,228,0.97,4328.58203,0,1,90,18
2/11/2021,8:00:00,11.2,243,0.97,4572.530994,0,1,90,18
2/11/2021,9:00:00,11.4,226,0.97,4328.58203,0,1,87,16
2/11/2021,10:00:00,11.5,228,0.97,4405.194101,0,1,87,16
2/11/2021,11:00:00,11.6,221,0.97,4307.076887,0,1,87,16
2/11/2021,12:00:00,11.8,183,0.97,3627.984798,0,1,76,51
2/11/2021,13:00:00,11.8,173,0.97,3429.734263,0,1,76,51
2/11/2021,14:00:00,11.4,180,0.97,3447.543209,0,1,76,51
2/11/2021,15:00:00,11.2,197,0.97,3706.948995,0,1,71,72
2/11/2021,16:00:00,11.2,190,0.97,3575.229995,0,1,71,72
2/11/2021,17:00:00,11.8,152,0.97,3013.408139,0,1,71,72
2/11/2021,18:00:00,11.8,48,0.97,951.6025701,0,1,65,80
2/11/2021,19:00:00,11.8,43,0.97,852.4773024,0,1,65,80
2/11/2021,20:00:00,11.8,38,0.97,753.3520347,0,1,65,80
2/11/2021,21:00:00,11.8,36,0.97,713.7019276,0,1,67,90
2/11/2021,22:00:00,11.8,28,0.97,555.1014992,0,1,67,90
2/11/2021,23:00:00,11.7,96,0.97,1887.076283,0,1,67,90
2/12/2021,0:00:00,11.7,96,0.98,1906.530678,0,1,69,91
2/12/2021,1:00:00,11.7,96,0.98,1906.530678,0,1,69,91
2/12/2021,2:00:00,11.7,96,0.98,1906.530678,0,1,69,91
2/12/2021,3:00:00,11.7,96,0.98,1906.530678,0,1,83,42
2/12/2021,4:00:00,11.4,110,0.98,2128.551878,0,1,83,42
2/12/2021,5:00:00,11.5,140,0.98,2732.829764,0,1,83,42
2/12/2021,6:00:00,11.3,207,0.98,3970.411243,0,1,88,24
2/12/2021,7:00:00,11.3,238,0.98,4565.013893,0,1,88,24
2/12/2021,8:00:00,11.4,252,0.98,4876.318849,0,1,88,24
2/12/2021,9:00:00,11.5,234,0.98,4567.729749,0,1,86,25
2/12/2021,10:00:00,11.7,210,0.98,4170.535858,0,1,86,25
2/12/2021,11:00:00,11.5,185,0.98,3611.239331,0,1,86,25
2/12/2021,12:00:00,11.6,192,0.98,3780.471087,0,1,76,54
2/12/2021,13:00:00,11.8,184,0.98,3685.416139,0,1,76,54
2/12/2021,14:00:00,11.5,184,0.98,3591.719119,0,1,76,54
2/12/2021,15:00:00,11.4,197,0.98,3812.04291,0,1,72,69
2/12/2021,16:00:00,11.5,196,0.98,3825.96167,0,1,72,69
2/12/2021,17:00:00,11.6,155,0.98,3051.942805,0,1,72,69
2/12/2021,18:00:00,11.6,45,0.98,886.0479111,0,1,69,87
2/12/2021,19:00:00,11.6,41,0.98,807.2880968,0,1,69,87
2/12/2021,20:00:00,11.5,38,0.98,741.7680788,0,1,69,87
2/12/2021,21:00:00,11.5,36,0.98,702.7276536,0,1,66,88
2/12/2021,22:00:00,11.5,28,0.98,546.5659528,0,1,66,88
2/12/2021,23:00:00,11.7,101,0.98,2005.829151,0,1,66,88
2/13/2021,0:00:00,11.6,101,0.98,1988.685312,0,1,71,91
2/13/2021,1:00:00,11.6,101,0.98,1988.685312,0,1,71,91
2/13/2021,2:00:00,11.6,101,0.98,1988.685312,0,1,71,91
2/13/2021,3:00:00,11.6,101,0.98,1988.685312,0,1,82,45
2/13/2021,4:00:00,11.5,115,0.98,2244.824449,0,1,82,45
2/13/2021,5:00:00,11.5,151,0.98,2947.552103,0,1,82,45
2/13/2021,6:00:00,11.2,224,0.98,4258.461685,0,1,87,28
2/13/2021,7:00:00,11.2,267,0.98,5075.93424,0,1,87,28
2/13/2021,8:00:00,11.3,266,0.98,5102.074351,0,1,87,28
2/13/2021,9:00:00,11.5,248,0.98,4841.012725,0,1,86,27
2/13/2021,10:00:00,11.6,223,0.98,4390.859648,0,1,86,27
2/13/2021,11:00:00,11.6,208,0.98,4095.510345,0,1,86,27
2/13/2021,12:00:00,11.5,232,0.98,4528.689324,0,1,75,52
2/13/2021,13:00:00,11.3,258,0.98,4948.628506,0,1,75,52
2/13/2021,14:00:00,11.2,235,0.98,4467.582571,0,1,75,52
2/13/2021,15:00:00,11.2,253,0.98,4809.780385,0,1,72,72
2/13/2021,16:00:00,11.2,252,0.98,4790.769395,0,1,72,72
2/13/2021,17:00:00,11.4,177,0.98,3425.033477,0,1,72,72
2/13/2021,18:00:00,11.8,133,0.98,2663.914927,0,1,68,85
2/13/2021,19:00:00,11.8,133,0.98,2663.914927,0,1,68,85
2/13/2021,20:00:00,11.8,130,0.98,2603.82662,0,1,68,85
2/13/2021,21:00:00,11.8,120,0.98,2403.532265,0,1,69,87
2/13/2021,22:00:00,11.8,120,0.98,2403.532265,0,1,69,87
2/13/2021,23:00:00,11.8,110,0.98,2203.237909,0,1,69,87
2/14/2021,0:00:00,11.8,100,0.96,1962.067155,1,1,72,87
2/14/2021,1:00:00,11.8,100,0.96,1962.067155,1,1,72,87
2/14/2021,2:00:00,11.8,100,0.96,1962.067155,1,1,72,87
2/14/2021,3:00:00,11.8,100,0.96,1962.067155,1,1,85,33
2/14/2021,4:00:00,11.5,135,0.96,2581.448524,1,1,85,33
2/14/2021,5:00:00,11.2,160,0.96,2979.681645,1,1,85,33
2/14/2021,6:00:00,11.4,218,0.96,4132.31296,1,1,86,25
2/14/2021,7:00:00,11.2,275,0.96,5121.327828,1,1,86,25
2/14/2021,8:00:00,11.2,285,0.96,5307.557931,1,1,86,25
2/14/2021,9:00:00,11.4,255,0.96,4833.66883,1,1,87,24
2/14/2021,10:00:00,11.4,232,0.96,4397.690857,1,1,87,24
2/14/2021,11:00:00,11.6,213,0.96,4108.36909,1,1,87,24
2/14/2021,12:00:00,11.7,210,0.96,4085.422881,1,1,77,59
2/14/2021,13:00:00,11.8,200,0.96,3924.13431,1,1,77,59
2/14/2021,14:00:00,11.8,195,0.96,3826.030952,1,1,77,59
2/14/2021,15:00:00,11.3,236,0.96,4434.27177,1,1,73,78
2/14/2021,16:00:00,11.5,215,0.96,4111.195797,1,1,73,78
2/14/2021,17:00:00,11.5,145,0.96,2772.666933,1,1,73,78
2/14/2021,18:00:00,11.6,76,0.96,1465.896952,1,1,70,81
2/14/2021,19:00:00,11.8,45,0.96,882.9302197,1,1,70,81
2/14/2021,20:00:00,11.8,41,0.96,804.4475335,1,1,70,81
2/14/2021,21:00:00,11.8,36,0.96,706.3441757,1,1,64,91
2/14/2021,22:00:00,11.8,30,0.96,588.6201464,1,1,64,91
2/14/2021,23:00:00,11.8,102,0.96,2001.308498,1,1,64,91
2/15/2021,0:00:00,11.8,102,0.97,2022.155461,0,1,71,89
2/15/2021,1:00:00,11.8,102,0.97,2022.155461,0,1,71,89
2/15/2021,2:00:00,11.8,102,0.97,2022.155461,0,1,71,89
2/15/2021,3:00:00,11.8,102,0.97,2022.155461,0,1,84,30
2/15/2021,4:00:00,11.7,136,0.97,2673.358068,0,1,84,30
2/15/2021,5:00:00,11.5,162,0.97,3130.006335,0,1,84,30
2/15/2021,6:00:00,11.2,248,0.97,4666.615993,0,1,90,20
2/15/2021,7:00:00,11.2,271,0.97,5099.406993,0,1,90,20
2/15/2021,8:00:00,11.3,278,0.97,5277.832475,0,1,90,20
2/15/2021,9:00:00,11.4,261,0.97,4998.937654,0,1,87,23
2/15/2021,10:00:00,11.5,236,0.97,4559.762315,0,1,87,23
2/15/2021,11:00:00,11.8,231,0.97,4579.587369,0,1,87,23
2/15/2021,12:00:00,11.9,122,0.97,2439.153622,0,1,76,56
2/15/2021,13:00:00,11.4,201,0.97,3849.756584,0,1,76,56
2/15/2021,14:00:00,11.3,217,0.97,4119.746932,0,1,76,56
2/15/2021,15:00:00,11.2,233,0.97,4384.360994,0,1,71,74
2/15/2021,16:00:00,11.4,238,0.97,4558.418244,0,1,71,74
2/15/2021,17:00:00,11.5,145,0.97,2801.54888,0,1,71,74
2/15/2021,18:00:00,11.8,47,0.97,931.7775165,0,1,68,85
2/15/2021,19:00:00,11.8,45,0.97,892.1274095,0,1,68,85
2/15/2021,20:00:00,11.8,40,0.97,793.0021417,0,1,68,85
2/15/2021,21:00:00,11.8,37,0.97,733.5269811,0,1,65,84
2/15/2021,22:00:00,11.8,32,0.97,634.4017134,0,1,65,84
2/15/2021,23:00:00,11.6,105,0.97,2046.348747,0,1,65,84
2/16/2021,0:00:00,11.6,107,0.96,2063.828604,0,1,71,87
2/16/2021,1:00:00,11.6,107,0.96,2063.828604,0,1,71,87
2/16/2021,2:00:00,11.6,107,0.96,2063.828604,0,1,71,87
2/16/2021,3:00:00,11.6,107,0.96,2063.828604,0,1,86,30
2/16/2021,4:00:00,11.5,146,0.96,2791.788774,0,1,86,30
2/16/2021,5:00:00,11.2,180,0.96,3352.141851,0,1,86,30
2/16/2021,6:00:00,11.4,251,0.96,4757.846574,0,1,91,21
2/16/2021,7:00:00,11.4,282,0.96,5345.469059,0,1,91,21
2/16/2021,8:00:00,11.4,283,0.96,5364.424623,0,1,91,21
2/16/2021,9:00:00,11.7,257,0.96,4999.77943,0,1,88,23
2/16/2021,10:00:00,11.7,254,0.96,4941.416246,0,1,88,23
2/16/2021,11:00:00,11.7,231,0.96,4493.965169,0,1,88,23
2/16/2021,12:00:00,11.8,223,0.96,4375.409755,0,1,77,58
2/16/2021,13:00:00,11.3,223,0.96,4190.011037,0,1,77,58
2/16/2021,14:00:00,11.3,223,0.96,4190.011037,0,1,77,58
2/16/2021,15:00:00,11.2,235,0.96,4376.407417,0,1,77,58
2/16/2021,16:00:00,11.4,233,0.96,4416.646421,0,1,67,83
2/16/2021,17:00:00,11.6,187,0.96,3606.878027,0,1,67,83
2/16/2021,18:00:00,11.7,48,0.96,933.8109442,0,1,67,83
2/16/2021,19:00:00,11.7,46,0.96,894.9021548,0,1,67,83
2/16/2021,20:00:00,11.7,40,0.96,778.1757868,0,1,67,83
2/16/2021,21:00:00,11.7,37,0.96,719.8126028,0,1,69,78
2/16/2021,22:00:00,11.7,32,0.96,622.5406295,0,1,69,78
2/16/2021,23:00:00,11.6,120,0.96,2314.574135,0,1,69,78
2/17/2021,0:00:00,11.6,120,0.96,2314.574135,0,1,71,78
2/17/2021,1:00:00,11.6,120,0.96,2314.574135,0,1,71,78
2/17/2021,2:00:00,11.6,120,0.96,2314.574135,0,1,71,78
2/17/2021,3:00:00,11.6,120,0.96,2314.574135,0,1,82,34
2/17/2021,4:00:00,11.5,145,0.96,2772.666933,0,1,82,34
2/17/2021,5:00:00,11.8,176,0.96,3453.238192,0,1,82,34
2/17/2021,6:00:00,11.3,250,0.96,4697.32179,0,1,86,25
2/17/2021,7:00:00,11.3,284,0.96,5336.157554,0,1,86,25
2/17/2021,8:00:00,11.7,284,0.96,5525.048086,0,1,86,25
2/17/2021,9:00:00,11.7,273,0.96,5311.049745,0,1,85,26
2/17/2021,10:00:00,11.9,247,0.96,4887.376261,0,1,85,26
2/17/2021,11:00:00,11.7,234,0.96,4552.328353,0,1,85,26
2/17/2021,12:00:00,11.7,222,0.96,4318.875617,0,1,73,56
2/17/2021,13:00:00,11.7,215,0.96,4182.694854,0,1,73,56
2/17/2021,14:00:00,11.7,205,0.96,3988.150907,0,1,73,56
2/17/2021,15:00:00,11.7,225,0.96,4377.238801,0,1,71,70
2/17/2021,16:00:00,11.5,232,0.96,4436.267092,0,1,71,70
2/17/2021,17:00:00,11.6,147,0.96,2835.353316,0,1,71,70
2/17/2021,18:00:00,11.7,50,0.96,972.7197335,0,1,73,71
2/17/2021,19:00:00,11.8,46,0.96,902.5508912,0,1,73,71
2/17/2021,20:00:00,11.8,34,0.96,667.1028326,0,1,73,71
2/17/2021,21:00:00,11.8,35,0.96,686.7235042,0,1,65,88
2/17/2021,22:00:00,11.8,31,0.96,608.240818,0,1,65,88
2/17/2021,23:00:00,11.6,115,0.96,2218.133546,0,1,65,88
2/18/2021,0:00:00,11.6,115,0.97,2241.239104,0,1,69,87
2/18/2021,1:00:00,11.6,115,0.97,2241.239104,0,1,69,87
2/18/2021,2:00:00,11.6,115,0.97,2241.239104,0,1,69,87
2/18/2021,3:00:00,11.4,115,0.97,2202.59705,0,1,78,61
2/18/2021,4:00:00,11.2,147,0.97,2766.098996,0,1,78,61
2/18/2021,5:00:00,11.2,188,0.97,3537.595995,0,1,78,61
2/18/2021,6:00:00,11.4,282,0.97,5401.151028,0,1,85,32
2/18/2021,7:00:00,11.5,250,0.97,4830.25669,0,1,85,32
2/18/2021,8:00:00,11.8,285,0.97,5650.14026,0,1,85,32
2/18/2021,9:00:00,11.6,273,0.97,5320.506742,0,1,84,34
2/18/2021,10:00:00,11.5,238,0.97,4598.404369,0,1,84,34
2/18/2021,11:00:00,11.6,233,0.97,4540.945315,0,1,84,34
2/18/2021,12:00:00,11.6,211,0.97,4112.18653,0,1,77,42
2/18/2021,13:00:00,11.6,199,0.97,3878.318102,0,1,77,42
2/18/2021,14:00:00,11.6,205,0.97,3995.252316,0,1,77,42
2/18/2021,15:00:00,11.6,197,0.97,3839.34003,0,1,74,46
2/18/2021,16:00:00,11.8,197,0.97,3905.535548,0,1,74,46
2/18/2021,17:00:00,11.6,150,0.97,2923.355353,0,1,74,46
2/18/2021,18:00:00,11.6,43,0.97,838.0285345,0,1,68,85
2/18/2021,19:00:00,11.8,45,0.97,892.1274095,0,1,68,85
2/18/2021,20:00:00,11.8,38,0.97,753.3520347,0,1,68,85
2/18/2021,21:00:00,11.8,35,0.97,693.876874,0,1,72,70
2/18/2021,22:00:00,11.8,28,0.97,555.1014992,0,1,72,70
2/18/2021,23:00:00,11.8,92,0.97,1823.904926,0,1,72,70
2/19/2021,0:00:00,11.8,92,0.97,1823.904926,0,1,71,72
2/19/2021,1:00:00,11.8,92,0.97,1823.904926,0,1,71,72
2/19/2021,2:00:00,11.8,92,0.97,1823.904926,0,1,71,72
2/19/2021,3:00:00,11.7,92,0.97,1808.448105,0,1,77,51
2/19/2021,4:00:00,11.5,108,0.97,2086.67089,0,1,77,51
2/19/2021,5:00:00,11.3,149,0.97,2828.766326,0,1,77,51
2/19/2021,6:00:00,11.3,177,0.97,3360.346576,0,1,81,34
2/19/2021,7:00:00,11.5,211,0.97,4076.736646,0,1,81,34
2/19/2021,8:00:00,11.4,234,0.97,4481.806172,0,1,81,34
2/19/2021,9:00:00,11.6,234,0.97,4560.434351,0,1,81,31
2/19/2021,10:00:00,11.8,198,0.97,3925.360602,0,1,81,31
2/19/2021,11:00:00,11.8,198,0.97,3925.360602,0,1,81,31
2/19/2021,12:00:00,11.8,194,0.97,3846.060387,0,1,86,45
2/19/2021,13:00:00,11.7,193,0.97,3793.809611,0,1,86,45
2/19/2021,14:00:00,11.7,191,0.97,3754.495521,0,1,86,45
2/19/2021,15:00:00,11.5,194,0.97,3748.279191,0,1,73,62
2/19/2021,16:00:00,11.7,187,0.97,3675.867343,0,1,73,62
2/19/2021,17:00:00,11.5,148,0.97,2859.51196,0,1,73,62
2/19/2021,18:00:00,11.7,42,0.97,825.5958738,0,1,72,67
2/19/2021,19:00:00,11.8,42,0.97,832.6522488,0,1,72,67
2/19/2021,20:00:00,11.8,39,0.97,773.1770882,0,1,72,67
2/19/2021,21:00:00,11.8,35,0.97,693.876874,0,1,66,77
2/19/2021,22:00:00,11.8,30,0.97,594.7516063,0,1,66,77
2/19/2021,23:00:00,11.8,92,0.97,1823.904926,0,1,66,77
2/20/2021,0:00:00,11.8,92,0.97,1823.904926,0,1,71,72
2/20/2021,1:00:00,11.8,92,0.97,1823.904926,0,1,71,72
2/20/2021,2:00:00,11.8,92,0.97,1823.904926,0,1,71,72
2/20/2021,3:00:00,11.7,100,0.97,1965.704462,0,1,81,47
2/20/2021,4:00:00,11.4,128,0.97,2451.586282,0,1,81,47
2/20/2021,5:00:00,11.6,144,0.97,2806.421139,0,1,81,47
2/20/2021,6:00:00,11.5,212,0.97,4096.057673,0,1,87,33
2/20/2021,7:00:00,11.3,255,0.97,4841.17727,0,1,87,33
2/20/2021,8:00:00,11.3,267,0.97,5068.997377,0,1,87,33
2/20/2021,9:00:00,11.4,256,0.97,4903.172565,0,1,85,43
2/20/2021,10:00:00,11.4,250,0.97,4788.254458,0,1,85,43
2/20/2021,11:00:00,11.5,244,0.97,4714.330529,0,1,85,43
2/20/2021,12:00:00,11.2,208,0.97,3913.935994,0,1,75,69
2/20/2021,13:00:00,11.2,215,0.97,4045.654994,0,1,75,69
2/20/2021,14:00:00,11.3,215,0.97,4081.776914,0,1,75,69
2/20/2021,15:00:00,11.4,209,0.97,4002.980726,0,1,70,80
2/20/2021,16:00:00,11.6,194,0.97,3780.872923,0,1,70,80
2/20/2021,17:00:00,11.8,153,0.97,3033.233192,0,1,70,80
2/20/2021,18:00:00,11.8,83,0.97,1645.479444,0,1,71,72
2/20/2021,19:00:00,11.8,42,0.97,832.6522488,0,1,71,72
2/20/2021,20:00:00,11.9,40,0.97,799.7224989,0,1,71,72
2/20/2021,21:00:00,11.8,35,0.97,693.876874,0,1,66,90
2/20/2021,22:00:00,11.8,31,0.97,614.5766598,0,1,66,90
2/20/2021,23:00:00,11.6,114,0.97,2221.750068,0,1,66,90
2/21/2021,0:00:00,11.6,114,0.96,2198.845428,1,1,72,87
2/21/2021,1:00:00,11.6,114,0.96,2198.845428,1,1,72,87
2/21/2021,2:00:00,11.6,114,0.96,2198.845428,1,1,72,87
2/21/2021,3:00:00,11.6,120,0.96,2314.574135,1,1,82,59
2/21/2021,4:00:00,11.4,138,0.96,2615.867837,1,1,82,59
2/21/2021,5:00:00,11.2,188,0.96,3501.125933,1,1,82,59
2/21/2021,6:00:00,11.2,241,0.96,4488.145478,1,1,89,40
2/21/2021,7:00:00,11.5,274,0.96,5239.384411,1,1,89,40
2/21/2021,8:00:00,11.2,286,0.96,5326.180941,1,1,89,40
2/21/2021,9:00:00,11.5,264,0.96,5048.166002,1,1,86,49
2/21/2021,10:00:00,11.6,243,0.96,4687.012624,1,1,86,49
2/21/2021,11:00:00,11.8,238,0.96,4669.719828,1,1,86,49
2/21/2021,12:00:00,11.8,234,0.96,4591.237142,1,1,75,78
2/21/2021,13:00:00,11.2,219,0.96,4078.439252,1,1,75,78
2/21/2021,14:00:00,11.5,204,0.96,3900.855547,1,1,75,78
2/21/2021,15:00:00,11.4,230,0.96,4359.779729,1,1,70,87
2/21/2021,16:00:00,11.6,213,0.96,4108.36909,1,1,70,87
2/21/2021,17:00:00,11.8,179,0.96,3512.100207,1,1,70,87
2/21/2021,18:00:00,11.8,46,0.96,902.5508912,1,1,69,87
2/21/2021,19:00:00,11.8,43,0.96,843.6888766,1,1,69,87
2/21/2021,20:00:00,11.8,40,0.96,784.8268619,1,1,69,87
2/21/2021,21:00:00,11.8,35,0.96,686.7235042,1,1,65,96
2/21/2021,22:00:00,11.8,31,0.96,608.240818,1,1,65,96
2/21/2021,23:00:00,11.7,113,0.96,2198.346598,1,1,65,96
2/22/2021,0:00:00,11.6,113,0.97,2202.261033,0,1,69,87
2/22/2021,1:00:00,11.6,113,0.97,2202.261033,0,1,69,87
2/22/2021,2:00:00,11.6,113,0.97,2202.261033,0,1,69,87
2/22/2021,3:00:00,11.5,125,0.97,2415.128345,0,1,80,62
2/22/2021,4:00:00,11.3,140,0.97,2657.901246,0,1,80,62
2/22/2021,5:00:00,11.2,164,0.97,3085.987996,0,1,80,62
2/22/2021,6:00:00,11.5,242,0.97,4675.688476,0,1,87,45
2/22/2021,7:00:00,11.5,275,0.97,5313.282359,0,1,87,45
2/22/2021,8:00:00,11.4,279,0.97,5343.691975,0,1,87,45
2/22/2021,9:00:00,11.6,251,0.97,4891.747957,0,1,87,49
2/22/2021,10:00:00,11.8,247,0.97,4896.788225,0,1,87,49
2/22/2021,11:00:00,11.7,234,0.97,4599.74844,0,1,87,49
2/22/2021,12:00:00,11.8,214,0.97,4242.561458,0,1,75,67
2/22/2021,13:00:00,11.5,205,0.97,3960.810485,0,1,75,67
2/22/2021,14:00:00,11.5,203,0.97,3922.168432,0,1,75,67
2/22/2021,15:00:00,11.4,276,0.97,5286.232921,0,1,69,79
2/22/2021,16:00:00,11.4,223,0.97,4271.122976,0,1,69,79
2/22/2021,17:00:00,11.2,192,0.97,3612.863995,0,1,69,79
2/22/2021,18:00:00,11.7,47,0.97,923.8810969,0,1,68,90
2/22/2021,19:00:00,11.7,43,0.97,845.2529184,0,1,68,90
2/22/2021,20:00:00,11.8,40,0.97,793.0021417,0,1,68,90
2/22/2021,21:00:00,11.7,35,0.97,687.9965615,0,1,64,90
2/22/2021,22:00:00,11.6,32,0.97,623.649142,0,1,64,90
2/22/2021,23:00:00,11.6,119,0.97,2319.195247,0,1,64,90
2/23/2021,0:00:00,11.6,119,0.97,2319.195247,0,1,71,82
2/23/2021,1:00:00,11.6,119,0.97,2319.195247,0,1,71,82
2/23/2021,2:00:00,11.6,119,0.97,2319.195247,0,1,71,82
2/23/2021,3:00:00,11.6,128,0.97,2494.596568,0,1,86,30
2/23/2021,4:00:00,11.4,148,0.97,2834.646639,0,1,86,30
2/23/2021,5:00:00,11.2,170,0.97,3198.889995,0,1,86,30
2/23/2021,6:00:00,11.7,228,0.97,4481.806172,0,1,94,21
2/23/2021,7:00:00,11.3,278,0.97,5277.832475,0,1,94,21
2/23/2021,8:00:00,11.5,282,0.97,5448.529546,0,1,94,21
2/23/2021,9:00:00,11.5,200,0.97,3864.205352,0,1,90,35
2/23/2021,10:00:00,11.5,233,0.97,4501.799235,0,1,90,35
2/23/2021,11:00:00,11.8,217,0.97,4302.036619,0,1,90,35
2/23/2021,12:00:00,11.8,200,0.97,3965.010709,0,1,76,57
2/23/2021,13:00:00,11.7,184,0.97,3616.896209,0,1,76,57
2/23/2021,14:00:00,11.6,193,0.97,3761.383888,0,1,76,57
2/23/2021,15:00:00,11.4,215,0.97,4117.898833,0,1,68,69
2/23/2021,16:00:00,11.5,219,0.97,4231.30486,0,1,68,69
2/23/2021,17:00:00,11.5,128,0.97,2473.091425,0,1,68,69
2/23/2021,18:00:00,11.7,47,0.97,923.8810969,0,1,65,84
2/23/2021,19:00:00,11.8,45,0.97,892.1274095,0,1,65,84
2/23/2021,20:00:00,11.8,40,0.97,793.0021417,0,1,65,84
2/23/2021,21:00:00,11.8,35,0.97,693.876874,0,1,63,90
2/23/2021,22:00:00,11.8,32,0.97,634.4017134,0,1,63,90
2/23/2021,23:00:00,11.6,30,0.97,584.6710706,0,1,63,90
2/24/2021,0:00:00,11.6,117,0.97,2280.217175,0,1,71,77
2/24/2021,1:00:00,11.6,117,0.97,2280.217175,0,1,71,77
2/24/2021,2:00:00,11.6,117,0.97,2280.217175,0,1,71,77
2/24/2021,3:00:00,11.5,120,0.97,2318.523211,0,1,85,43
2/24/2021,4:00:00,11.3,129,0.97,2449.066148,0,1,85,43
2/24/2021,5:00:00,11.7,171,0.97,3361.354629,0,1,85,43
2/24/2021,6:00:00,11.3,261,0.97,4955.087323,0,1,96,23
2/24/2021,7:00:00,11.3,286,0.97,5429.712546,0,1,96,23
2/24/2021,8:00:00,11.4,273,0.97,5228.773868,0,1,96,37
2/24/2021,9:00:00,11.7,238,0.97,4678.376618,0,1,90,37
2/24/2021,10:00:00,11.6,241,0.97,4696.857601,0,1,90,37
2/24/2021,11:00:00,11.8,232,0.97,4599.412422,0,1,90,73
2/24/2021,12:00:00,11.5,228,0.97,4405.194101,0,1,74,73
2/24/2021,13:00:00,11.4,210,0.97,4022.133744,0,1,74,73
2/24/2021,14:00:00,11.4,204,0.97,3907.215637,0,1,74,75
2/24/2021,15:00:00,11.3,228,0.97,4328.58203,0,1,71,75
2/24/2021,16:00:00,11.2,244,0.97,4591.347994,0,1,71,75
2/24/2021,17:00:00,11.5,136,0.97,2627.659639,0,1,71,75
2/24/2021,18:00:00,11.7,49,0.97,963.1951861,0,1,66,75
2/24/2021,19:00:00,11.7,44,0.97,864.9099631,0,1,66,75
2/24/2021,20:00:00,11.8,41,0.97,812.8271953,0,1,66,75
2/24/2021,21:00:00,11.8,36,0.97,713.7019276,0,1,63,89
2/24/2021,22:00:00,11.8,30,0.97,594.7516063,0,1,63,89
2/24/2021,23:00:00,11.6,125,0.97,2436.129461,0,1,63,89
2/25/2021,0:00:00,11.6,125,0.96,2411.014724,0,1,72,70
2/25/2021,1:00:00,11.6,125,0.96,2411.014724,0,1,72,70
2/25/2021,2:00:00,11.6,125,0.96,2411.014724,0,1,72,70
2/25/2021,3:00:00,11.6,130,0.96,2507.455313,0,1,90,39
2/25/2021,4:00:00,11.5,181,0.96,3461.053206,0,1,90,39
2/25/2021,5:00:00,11.4,200,0.96,3791.112808,0,1,90,39
2/25/2021,6:00:00,11.2,284,0.96,5288.93492,0,1,96,24
2/25/2021,7:00:00,11.4,294,0.96,5572.935827,0,1,96,24
2/25/2021,8:00:00,11.3,292,0.96,5486.471851,0,1,96,24
2/25/2021,9:00:00,11.6,272,0.96,5246.36804,0,1,93,33
2/25/2021,10:00:00,11.8,241,0.96,4728.581843,0,1,93,33
2/25/2021,11:00:00,11.6,233,0.96,4494.131446,0,1,93,33
2/25/2021,12:00:00,11.4,215,0.96,4075.446268,0,1,77,63
2/25/2021,13:00:00,11.6,215,0.96,4146.945326,0,1,77,63
2/25/2021,14:00:00,11.2,222,0.96,4134.308283,0,1,77,63
2/25/2021,15:00:00,11.4,244,0.96,4625.157625,0,1,71,75
2/25/2021,16:00:00,11.4,236,0.96,4473.513113,0,1,71,75
2/25/2021,17:00:00,11.8,216,0.96,4238.065054,0,1,71,75
2/25/2021,18:00:00,11.6,46,0.96,887.2534185,0,1,66,81
2/25/2021,19:00:00,11.7,45,0.96,875.4477602,0,1,66,81
2/25/2021,20:00:00,11.7,42,0.96,817.0845762,0,1,66,81
2/25/2021,21:00:00,11.8,36,0.96,706.3441757,0,1,65,88
2/25/2021,22:00:00,11.7,33,0.96,641.9950241,0,1,65,88
2/25/2021,23:00:00,11.2,132,0.96,2458.237357,0,1,65,88
2/26/2021,0:00:00,11.5,132,0.97,2550.375532,0,1,77,62
2/26/2021,1:00:00,11.5,132,0.97,2550.375532,0,1,77,62
2/26/2021,2:00:00,11.5,132,0.97,2550.375532,0,1,77,62
2/26/2021,3:00:00,11.5,132,0.97,2550.375532,0,1,90,30
2/26/2021,4:00:00,11.2,155,0.97,2916.634996,0,1,90,30
2/26/2021,5:00:00,11.7,184,0.97,3616.896209,0,1,90,30
2/26/2021,6:00:00,11.6,259,0.97,5047.660243,0,1,99,26
2/26/2021,7:00:00,11.4,284,0.97,5439.457064,0,1,99,26
2/26/2021,8:00:00,11.6,274,0.97,5339.995778,0,1,99,26
2/26/2021,9:00:00,11.7,286,0.97,5621.91476,0,1,93,45
2/26/2021,10:00:00,11.7,233,0.97,4580.091395,0,1,93,45
2/26/2021,11:00:00,11.4,235,0.97,4500.95919,0,1,93,45
2/26/2021,12:00:00,11.6,221,0.97,4307.076887,0,1,79,66
2/26/2021,13:00:00,11.7,215,0.97,4226.264592,0,1,79,66
2/26/2021,14:00:00,11.7,229,0.97,4501.463217,0,1,79,66
2/26/2021,15:00:00,11.6,248,0.97,4833.28085,0,1,74,63
2/26/2021,16:00:00,11.4,240,0.97,4596.724279,0,1,74,63
2/26/2021,17:00:00,11.8,215,0.97,4262.386512,0,1,74,63
2/26/2021,18:00:00,11.8,50,0.97,991.2526772,0,1,65,94
2/26/2021,19:00:00,11.9,48,0.97,959.6669986,0,1,65,94
2/26/2021,20:00:00,11.8,44,0.97,872.3023559,0,1,65,94
2/26/2021,21:00:00,11.8,40,0.97,793.0021417,0,1,68,85
2/26/2021,22:00:00,11.8,35,0.97,693.876874,0,1,68,85
2/26/2021,23:00:00,11.6,131,0.97,2553.063675,0,1,68,85
2/27/2021,0:00:00,11.6,131,0.97,2553.063675,0,1,75,80
2/27/2021,1:00:00,11.5,131,0.97,2531.054505,0,1,75,80
2/27/2021,2:00:00,11.5,131,0.97,2531.054505,0,1,75,80
2/27/2021,3:00:00,11.4,131,0.97,2509.045336,0,1,91,35
2/27/2021,4:00:00,11.3,166,0.97,3151.511478,0,1,91,35
2/27/2021,5:00:00,11.1,220,0.97,4102.77803,0,1,91,35
2/27/2021,6:00:00,11.2,274,0.97,5155.857993,0,1,99,21
2/27/2021,7:00:00,11.4,288,0.97,5516.069135,0,1,99,21
2/27/2021,8:00:00,11.7,294,0.97,5779.171117,0,1,99,21
2/27/2021,9:00:00,11.8,280,0.97,5551.014992,0,1,94,38
2/27/2021,10:00:00,11.6,266,0.97,5184.083493,0,1,94,38
2/27/2021,11:00:00,11.7,238,0.97,4678.376618,0,1,94,38
2/27/2021,12:00:00,11.8,228,0.97,4520.112208,0,1,79,59
2/27/2021,13:00:00,11.7,230,0.97,4521.120261,0,1,79,59
2/27/2021,14:00:00,11.6,216,0.97,4209.631708,0,1,79,59
2/27/2021,15:00:00,11.4,242,0.97,4635.030315,0,1,73,69
2/27/2021,16:00:00,11.5,232,0.97,4482.478208,0,1,73,69
2/27/2021,17:00:00,11.8,202,0.97,4004.660816,0,1,73,69
2/27/2021,18:00:00,11.8,51,0.97,1011.077731,0,1,67,81
2/27/2021,19:00:00,11.8,48,0.97,951.6025701,0,1,67,81
2/27/2021,20:00:00,11.8,45,0.97,892.1274095,0,1,67,81
2/27/2021,21:00:00,11.8,40,0.97,793.0021417,0,1,67,87
2/27/2021,22:00:00,11.8,35,0.97,693.876874,0,1,67,87
2/27/2021,23:00:00,11.5,137,0.97,2646.980666,0,1,67,87
2/28/2021,0:00:00,11.5,137,0.97,2646.980666,1,1,76,69
2/28/2021,1:00:00,11.5,137,0.97,2646.980666,1,1,76,69
2/28/2021,2:00:00,11.5,137,0.97,2646.980666,1,1,76,69
2/28/2021,3:00:00,11.2,141,0.97,2653.196996,1,1,92,38
2/28/2021,4:00:00,11.3,154,0.97,2923.691371,1,1,92,38
2/28/2021,5:00:00,11.5,196,0.97,3786.921245,1,1,92,38
2/28/2021,6:00:00,11.6,262,0.97,5106.12735,1,1,99,17
2/28/2021,7:00:00,11.3,288,0.97,5467.682564,1,1,99,17
2/28/2021,8:00:00,11.3,282,0.97,5353.77251,1,1,99,17
2/28/2021,9:00:00,11.3,250,0.97,4746.252225,1,1,95,45
2/28/2021,10:00:00,11.6,242,0.97,4716.346636,1,1,95,45
2/28/2021,11:00:00,11.8,228,0.97,4520.112208,1,1,95,45
2/28/2021,12:00:00,11.8,204,0.97,4044.310923,1,1,78,61
2/28/2021,13:00:00,11.4,204,0.97,3907.215637,1,1,78,61
2/28/2021,14:00:00,11.3,205,0.97,3891.926825,1,1,78,61
2/28/2021,15:00:00,11.2,242,0.97,4553.713994,1,1,76,62
2/28/2021,16:00:00,11.2,242,0.97,4553.713994,1,1,76,62
2/28/2021,17:00:00,11.2,215,0.97,4045.654994,1,1,76,62
2/28/2021,18:00:00,11.7,48,0.97,943.5381415,1,1,71,82
2/28/2021,19:00:00,11.7,48,0.97,943.5381415,1,1,71,82
2/28/2021,20:00:00,11.8,45,0.97,892.1274095,1,1,71,82
2/28/2021,21:00:00,11.8,40,0.97,793.0021417,1,1,74,65
2/28/2021,22:00:00,11.8,35,0.97,693.876874,1,1,74,65
2/28/2021,23:00:00,11.4,145,0.97,2777.187585,1,1,74,65
3/1/2021,0:00:00,11.4,145,0.97,2777.187585,0,2,78,71
3/1/2021,1:00:00,11.4,145,0.97,2777.187585,0,2,78,71
3/1/2021,2:00:00,11.4,145,0.97,2777.187585,0,2,78,71
3/1/2021,3:00:00,11.4,145,0.97,2777.187585,0,2,90,47
3/1/2021,4:00:00,11.6,168,0.97,3274.157995,0,2,90,47
3/1/2021,5:00:00,11.8,192,0.97,3806.41028,0,2,90,47
3/1/2021,6:00:00,11.4,267,0.97,5113.855761,0,2,99,23
3/1/2021,7:00:00,11.3,300,0.97,5695.502671,0,2,99,23
3/1/2021,8:00:00,11.5,283,0.97,5467.850573,0,2,99,23
3/1/2021,9:00:00,11.7,270,0.97,5307.402046,0,2,94,39
3/1/2021,10:00:00,11.8,250,0.97,4956.263386,0,2,94,39
3/1/2021,11:00:00,11.9,221,0.97,4418.466806,0,2,94,39
3/1/2021,12:00:00,11.7,129,0.97,2535.758755,0,2,80,65
3/1/2021,13:00:00,11.5,210,0.97,4057.415619,0,2,80,65
3/1/2021,14:00:00,11.5,213,0.97,4115.3787,0,2,80,65
3/1/2021,15:00:00,11.3,231,0.97,4385.537056,0,2,81,55
3/1/2021,16:00:00,11.8,27,0.97,535.2764457,0,2,81,55
3/1/2021,17:00:00,11.8,38,0.97,753.3520347,0,2,81,55
3/1/2021,18:00:00,11.8,50,0.97,991.2526772,0,2,75,58
3/1/2021,19:00:00,11.8,50,0.97,991.2526772,0,2,75,58
3/1/2021,20:00:00,11.8,44,0.97,872.3023559,0,2,75,58
3/1/2021,21:00:00,11.9,40,0.97,799.7224989,0,2,70,83
3/1/2021,22:00:00,11.5,138,0.97,2666.301693,0,2,70,83
3/1/2021,23:00:00,11.4,140,0.97,2681.422496,0,2,70,83
3/2/2021,0:00:00,11.4,140,0.96,2653.778965,0,2,77,74
3/2/2021,1:00:00,11.4,140,0.96,2653.778965,0,2,77,74
3/2/2021,2:00:00,11.4,140,0.96,2653.778965,0,2,77,74
3/2/2021,3:00:00,11.4,140,0.96,2653.778965,0,2,88,49
3/2/2021,4:00:00,11.5,180,0.96,3441.931365,0,2,88,49
3/2/2021,5:00:00,11.2,240,0.96,4469.522468,0,2,88,49
3/2/2021,6:00:00,11.6,282,0.96,5439.249218,0,2,96,26
3/2/2021,7:00:00,11.2,310,0.96,5773.133188,0,2,96,26
3/2/2021,8:00:00,11.3,308,0.96,5787.100445,0,2,96,26
3/2/2021,9:00:00,11.6,278,0.96,5362.096746,0,2,94,34
3/2/2021,10:00:00,11.7,251,0.96,4883.053062,0,2,94,34
3/2/2021,11:00:00,11.8,233,0.96,4571.616471,0,2,94,34
3/2/2021,12:00:00,11.5,179,0.96,3422.809524,0,2,81,69
3/2/2021,13:00:00,11.8,252,0.96,4944.40923,0,2,81,69
3/2/2021,14:00:00,11.5,306,0.96,5851.28332,0,2,81,69
3/2/2021,15:00:00,11.2,327,0.96,6089.724363,0,2,73,81
3/2/2021,16:00:00,11.5,140,0.96,2677.057728,0,2,73,81
3/2/2021,17:00:00,11.8,286,0.96,5611.512063,0,2,73,81
3/2/2021,18:00:00,11.8,184,0.96,3610.203565,0,2,76,72
3/2/2021,19:00:00,11.6,171,0.96,3298.268143,0,2,76,72
3/2/2021,20:00:00,11.7,151,0.96,2937.613595,0,2,76,72
3/2/2021,21:00:00,11.7,140,0.96,2723.615254,0,2,68,94
3/2/2021,22:00:00,11.5,140,0.96,2677.057728,0,2,68,94
3/2/2021,23:00:00,11.5,140,0.96,2677.057728,0,2,68,94
3/3/2021,0:00:00,11.4,150,0.96,2843.334606,0,2,75,60
3/3/2021,1:00:00,11.4,150,0.96,2843.334606,0,2,75,60
3/3/2021,2:00:00,11.4,150,0.96,2843.334606,0,2,75,60
3/3/2021,3:00:00,11.2,160,0.96,2979.681645,0,2,92,21
3/3/2021,4:00:00,11.4,173,0.96,3279.312579,0,2,92,21
3/3/2021,5:00:00,11.6,228,0.96,4397.690857,0,2,92,21
3/3/2021,6:00:00,11.1,283,0.96,5223.255554,0,2,98,15
3/3/2021,7:00:00,11.4,308,0.96,5838.313724,0,2,98,15
3/3/2021,8:00:00,11.5,286,0.96,5468.846502,0,2,98,15
3/3/2021,9:00:00,11.5,286,0.96,5468.846502,0,2,94,29
3/3/2021,10:00:00,11.7,252,0.96,4902.507457,0,2,94,29
3/3/2021,11:00:00,11.7,246,0.96,4785.781089,0,2,94,29
3/3/2021,12:00:00,11.4,229,0.96,4340.824165,0,2,78,62
3/3/2021,13:00:00,11.4,211,0.96,3999.624012,0,2,78,62
3/3/2021,14:00:00,11.4,211,0.96,3999.624012,0,2,78,62
3/3/2021,15:00:00,11.3,231,0.96,4340.325334,0,2,71,70
3/3/2021,16:00:00,11.2,254,0.96,4730.244612,0,2,71,70
3/3/2021,17:00:00,11.3,204,0.96,3833.014581,0,2,71,70
3/3/2021,18:00:00,11.8,50,0.96,981.0335774,0,2,70,87
3/3/2021,19:00:00,11.8,52,0.96,1020.274921,0,2,70,87
3/3/2021,20:00:00,11.8,48,0.96,941.7922343,0,2,70,87
3/3/2021,21:00:00,11.7,44,0.96,855.9933655,0,2,63,87
3/3/2021,22:00:00,11.7,44,0.96,855.9933655,0,2,63,87
3/3/2021,23:00:00,11.6,136,0.96,2623.18402,0,2,63,87
3/4/2021,0:00:00,11.6,138,0.97,2689.486925,0,2,74,73
3/4/2021,1:00:00,11.6,138,0.97,2689.486925,0,2,74,73
3/4/2021,2:00:00,11.5,138,0.97,2666.301693,0,2,74,73
3/4/2021,3:00:00,11.5,162,0.97,3130.006335,0,2,90,39
3/4/2021,4:00:00,11.3,179,0.97,3398.316593,0,2,90,39
3/4/2021,5:00:00,11.2,220,0.97,4139.739994,0,2,90,39
3/4/2021,6:00:00,11.4,256,0.97,4903.172565,0,2,97,17
3/4/2021,7:00:00,11.2,312,0.97,5870.903992,0,2,97,17
3/4/2021,8:00:00,11.3,287,0.97,5448.697555,0,2,97,17
3/4/2021,9:00:00,11.8,286,0.97,5669.965313,0,2,93,33
3/4/2021,10:00:00,11.6,223,0.97,4346.054958,0,2,93,33
3/4/2021,11:00:00,11.8,216,0.97,4282.211565,0,2,93,33
3/4/2021,12:00:00,11.9,192,0.97,3838.667995,0,2,75,63
3/4/2021,13:00:00,11.8,196,0.97,3885.710495,0,2,75,63
3/4/2021,14:00:00,11.8,199,0.97,3945.185655,0,2,75,63
3/4/2021,15:00:00,11.6,219,0.97,4268.098815,0,2,73,63
3/4/2021,16:00:00,11.4,200,0.97,3830.603566,0,2,73,63
3/4/2021,17:00:00,11.4,188,0.97,3600.767352,0,2,73,63
3/4/2021,18:00:00,11.8,52,0.97,1030.902784,0,2,67,77
3/4/2021,19:00:00,11.8,50,0.97,991.2526772,0,2,67,77
3/4/2021,20:00:00,11.8,48,0.97,951.6025701,0,2,67,77
3/4/2021,21:00:00,11.7,44,0.97,864.9099631,0,2,64,90
3/4/2021,22:00:00,11.7,37,0.97,727.3106508,0,2,64,90
3/4/2021,23:00:00,11.6,140,0.97,2728.464996,0,2,64,90
3/5/2021,0:00:00,11.6,140,0.97,2728.464996,0,2,75,61
3/5/2021,1:00:00,11.6,140,0.97,2728.464996,0,2,75,61
3/5/2021,2:00:00,11.5,140,0.97,2704.943746,0,2,75,61
3/5/2021,3:00:00,11.4,160,0.97,3064.482853,0,2,89,35
3/5/2021,4:00:00,11.2,168,0.97,3161.255996,0,2,89,35
3/5/2021,5:00:00,11.2,224,0.97,4215.007994,0,2,89,35
3/5/2021,6:00:00,11.2,259,0.97,4873.602993,0,2,95,34
3/5/2021,7:00:00,11.4,281,0.97,5381.99801,0,2,95,34
3/5/2021,8:00:00,11.4,269,0.97,5152.161796,0,2,95,34
3/5/2021,9:00:00,11.7,239,0.97,4698.033663,0,2,95,37
3/5/2021,10:00:00,11.7,230,0.97,4521.120261,0,2,95,37
3/5/2021,11:00:00,11.8,204,0.97,4044.310923,0,2,95,37
3/5/2021,12:00:00,11.5,201,0.97,3883.526378,0,2,78,57
3/5/2021,13:00:00,11.6,190,0.97,3702.91678,0,2,78,57
3/5/2021,14:00:00,11.6,189,0.97,3683.427745,0,2,78,57
3/5/2021,15:00:00,11.2,230,0.97,4327.909994,0,2,72,72
3/5/2021,16:00:00,11.4,230,0.97,4405.194101,0,2,72,72
3/5/2021,17:00:00,11.7,186,0.97,3656.210298,0,2,72,72
3/5/2021,18:00:00,11.8,52,0.97,1030.902784,0,2,69,74
3/5/2021,19:00:00,11.8,51,0.97,1011.077731,0,2,69,74
3/5/2021,20:00:00,11.8,45,0.97,892.1274095,0,2,69,74
3/5/2021,21:00:00,11.7,42,0.97,825.5958738,0,2,65,81
3/5/2021,22:00:00,11.5,37,0.97,714.8779901,0,2,65,81
3/5/2021,23:00:00,11.5,151,0.97,2917.475041,0,2,65,81
3/6/2021,0:00:00,11.5,154,0.97,2975.438121,0,2,76,63
3/6/2021,1:00:00,11.5,154,0.97,2975.438121,0,2,76,63
3/6/2021,2:00:00,11.5,154,0.97,2975.438121,0,2,76,63
3/6/2021,3:00:00,11.4,171,0.97,3275.166049,0,2,92,23
3/6/2021,4:00:00,11.3,186,0.97,3531.211656,0,2,92,23
3/6/2021,5:00:00,11.2,225,0.97,4233.824994,0,2,92,23
3/6/2021,6:00:00,11.6,246,0.97,4794.302779,0,2,99,17
3/6/2021,7:00:00,11.5,270,0.97,5216.677225,0,2,99,17
3/6/2021,8:00:00,11.6,265,0.97,5164.594457,0,2,99,17
3/6/2021,9:00:00,11.9,234,0.97,4678.376618,0,2,95,31
3/6/2021,10:00:00,11.9,220,0.97,4398.473744,0,2,95,31
3/6/2021,11:00:00,11.9,204,0.97,4078.584744,0,2,95,31
3/6/2021,12:00:00,11.9,192,0.97,3838.667995,0,2,77,61
3/6/2021,13:00:00,11.6,184,0.97,3585.982566,0,2,77,61
3/6/2021,14:00:00,11.4,189,0.97,3619.92037,0,2,77,61
3/6/2021,15:00:00,11.2,218,0.97,4102.105994,0,2,73,63
3/6/2021,16:00:00,11.2,234,0.97,4403.177994,0,2,73,63
3/6/2021,17:00:00,11.8,210,0.97,4163.261244,0,2,73,63
3/6/2021,18:00:00,11.4,114,0.97,2183.444033,0,2,68,78
3/6/2021,19:00:00,11.8,50,0.97,991.2526772,0,2,68,78
3/6/2021,20:00:00,11.7,48,0.97,943.5381415,0,2,68,78
3/6/2021,21:00:00,11.6,43,0.97,838.0285345,0,2,66,81
3/6/2021,22:00:00,11.5,36,0.97,695.5569633,0,2,66,81
3/6/2021,23:00:00,11.5,156,0.97,3014.080174,0,2,66,81
3/7/2021,0:00:00,11.5,156,0.97,3014.080174,1,2,75,73
3/7/2021,1:00:00,11.5,156,0.97,3014.080174,1,2,75,73
3/7/2021,2:00:00,11.5,156,0.97,3014.080174,1,2,75,73
3/7/2021,3:00:00,11.4,171,0.97,3275.166049,1,2,90,45
3/7/2021,4:00:00,11.3,187,0.97,3550.196665,1,2,90,45
3/7/2021,5:00:00,11.2,225,0.97,4233.824994,1,2,90,45
3/7/2021,6:00:00,11.6,235,0.97,4579.923386,1,2,99,25
3/7/2021,7:00:00,11.5,271,0.97,5235.998252,1,2,99,25
3/7/2021,8:00:00,11.8,266,0.97,5273.464243,1,2,99,25
3/7/2021,9:00:00,11.7,254,0.97,4992.889332,1,2,95,34
3/7/2021,10:00:00,11.5,216,0.97,4173.34178,1,2,95,34
3/7/2021,11:00:00,11.2,242,0.97,4553.713994,1,2,95,34
3/7/2021,12:00:00,11.8,234,0.97,4639.062529,1,2,84,51
3/7/2021,13:00:00,11.6,196,0.97,3819.850995,1,2,84,51
3/7/2021,14:00:00,11.6,198,0.97,3858.829066,1,2,84,51
3/7/2021,15:00:00,11.6,222,0.97,4326.565922,1,2,77,61
3/7/2021,16:00:00,11.5,236,0.97,4559.762315,1,2,77,61
3/7/2021,17:00:00,11.5,211,0.97,4076.736646,1,2,77,61
3/7/2021,18:00:00,11.8,54,0.97,1070.552891,1,2,69,76
3/7/2021,19:00:00,11.8,53,0.97,1050.727838,1,2,69,76
3/7/2021,20:00:00,11.8,48,0.97,951.6025701,1,2,69,76
3/7/2021,21:00:00,11.9,42,0.97,839.7086238,1,2,68,87
3/7/2021,22:00:00,11.9,38,0.97,759.7363739,1,2,68,87
3/7/2021,23:00:00,11.5,154,0.97,2975.438121,1,2,68,87
3/8/2021,0:00:00,11.5,154,0.97,2975.438121,0,2,77,77
3/8/2021,1:00:00,11.5,154,0.97,2975.438121,0,2,77,77
3/8/2021,2:00:00,11.5,154,0.97,2975.438121,0,2,77,77
3/8/2021,3:00:00,11.4,166,0.97,3179.40096,0,2,90,43
3/8/2021,4:00:00,11.4,197,0.97,3773.144513,0,2,90,43
3/8/2021,5:00:00,11.2,235,0.97,4421.994994,0,2,90,43
3/8/2021,6:00:00,11.2,266,0.97,5005.321993,0,2,94,37
3/8/2021,7:00:00,11.4,278,0.97,5324.538957,0,2,94,37
3/8/2021,8:00:00,11.8,266,0.97,5273.464243,0,2,94,37
3/8/2021,9:00:00,11.9,261,0.97,5218.189305,0,2,91,43
3/8/2021,10:00:00,11.7,237,0.97,4658.719574,0,2,91,43
3/8/2021,11:00:00,11.8,228,0.97,4520.112208,0,2,91,43
3/8/2021,12:00:00,11.5,207,0.97,3999.452539,0,2,78,73
3/8/2021,13:00:00,11.4,192,0.97,3677.379423,0,2,78,73
3/8/2021,14:00:00,11.4,199,0.97,3811.450548,0,2,78,73
3/8/2021,15:00:00,11.2,221,0.97,4158.556994,0,2,78,63
3/8/2021,16:00:00,11.2,232,0.97,4365.543994,0,2,78,63
3/8/2021,17:00:00,11.2,206,0.97,3876.301995,0,2,78,63
3/8/2021,18:00:00,11.8,51,0.97,1011.077731,0,2,72,74
3/8/2021,19:00:00,11.7,50,0.97,982.8522308,0,2,72,74
3/8/2021,20:00:00,11.8,48,0.97,951.6025701,0,2,72,74
3/8/2021,21:00:00,11.8,42,0.97,832.6522488,0,2,75,72
3/8/2021,22:00:00,11.5,37,0.97,714.8779901,0,2,75,72
3/8/2021,23:00:00,11.5,152,0.97,2936.796067,0,2,75,72
3/9/2021,0:00:00,11.5,152,0.97,2936.796067,0,2,77,85
3/9/2021,1:00:00,11.5,152,0.97,2936.796067,0,2,77,85
3/9/2021,2:00:00,11.5,152,0.97,2936.796067,0,2,77,85
3/9/2021,3:00:00,11.4,165,0.97,3160.247942,0,2,85,54
3/9/2021,4:00:00,11.2,179,0.97,3368.242995,0,2,85,54
3/9/2021,5:00:00,11.5,203,0.97,3922.168432,0,2,85,54
3/9/2021,6:00:00,11.4,250,0.97,4788.254458,0,2,91,41
3/9/2021,7:00:00,11.2,276,0.97,5193.491993,0,2,91,41
3/9/2021,8:00:00,11.4,257,0.97,4922.325582,0,2,91,41
3/9/2021,9:00:00,11.7,237,0.97,4658.719574,0,2,90,47
3/9/2021,10:00:00,11.8,226,0.97,4480.462101,0,2,90,47
3/9/2021,11:00:00,11.7,217,0.97,4265.578681,0,2,90,47
3/9/2021,12:00:00,11.7,217,0.97,4265.578681,0,2,80,66
3/9/2021,13:00:00,11.3,199,0.97,3778.016771,0,2,80,66
3/9/2021,14:00:00,11.3,211,0.97,4005.836878,0,2,80,66
3/9/2021,15:00:00,11.2,231,0.97,4346.726994,0,2,76,74
3/9/2021,16:00:00,11.2,251,0.97,4723.066993,0,2,76,74
3/9/2021,17:00:00,11.3,217,0.97,4119.746932,0,2,76,74
3/9/2021,18:00:00,11.8,51,0.97,1011.077731,0,2,76,74
3/9/2021,19:00:00,11.8,50,0.97,991.2526772,0,2,76,74
3/9/2021,20:00:00,11.8,47,0.97,931.7775165,0,2,76,74
3/9/2021,21:00:00,11.8,42,0.97,832.6522488,0,2,72,84
3/9/2021,22:00:00,11.7,39,0.97,766.62474,0,2,72,84
3/9/2021,23:00:00,11.5,37,0.97,714.8779901,0,2,72,84
3/10/2021,0:00:00,11.3,168,0.97,3189.481495,0,2,76,78
3/10/2021,1:00:00,11.3,163,0.97,3094.556451,0,2,76,78
3/10/2021,2:00:00,11.3,163,0.97,3094.556451,0,2,76,78
3/10/2021,3:00:00,11.2,175,0.97,3292.974995,0,2,86,58
3/10/2021,4:00:00,11.2,185,0.97,3481.144995,0,2,86,58
3/10/2021,5:00:00,11.2,211,0.97,3970.386994,0,2,86,58
3/10/2021,6:00:00,11.4,257,0.97,4922.325582,0,2,92,46
3/10/2021,7:00:00,11.2,280,0.97,5268.759993,0,2,92,46
3/10/2021,8:00:00,11.5,257,0.97,4965.503877,0,2,92,46
3/10/2021,9:00:00,11.6,247,0.97,4813.791815,0,2,91,54
3/10/2021,10:00:00,11.8,234,0.97,4639.062529,0,2,91,54
3/10/2021,11:00:00,11.7,201,0.97,3951.065968,0,2,91,54
3/10/2021,12:00:00,11.7,170,0.97,3341.697585,0,2,78,76
3/10/2021,13:00:00,11.6,188,0.97,3663.938709,0,2,78,76
3/10/2021,14:00:00,11.5,199,0.97,3844.884325,0,2,78,76
3/10/2021,15:00:00,11.3,210,0.97,3986.851869,0,2,75,72
3/10/2021,16:00:00,11.2,228,0.97,4290.275994,0,2,75,72
3/10/2021,17:00:00,11.8,233,0.97,4619.237476,0,2,75,72
3/10/2021,18:00:00,11.8,53,0.97,1050.727838,0,2,74,79
3/10/2021,19:00:00,11.8,51,0.97,1011.077731,0,2,74,79
3/10/2021,20:00:00,11.8,48,0.97,951.6025701,0,2,74,79
3/10/2021,21:00:00,11.9,44,0.97,879.6947488,0,2,74,74
3/10/2021,22:00:00,11.7,40,0.97,786.2817846,0,2,74,74
3/10/2021,23:00:00,11.4,36,0.97,689.5086419,0,2,74,74
3/11/2021,0:00:00,11.4,165,0.97,3160.247942,0,2,79,70
3/11/2021,1:00:00,11.3,165,0.97,3132.526469,0,2,79,70
3/11/2021,2:00:00,11.2,165,0.97,3104.804996,0,2,79,70
3/11/2021,3:00:00,11.2,178,0.97,3349.425995,0,2,91,40
3/11/2021,4:00:00,11.2,210,0.97,3951.569994,0,2,91,40
3/11/2021,5:00:00,11.2,258,0.97,4854.785993,0,2,91,40
3/11/2021,6:00:00,11.4,266,0.97,5094.702743,0,2,97,27
3/11/2021,7:00:00,11.3,298,0.97,5657.532653,0,2,97,27
3/11/2021,8:00:00,11.3,270,0.97,5125.952403,0,2,97,27
3/11/2021,9:00:00,11.6,238,0.97,4638.390493,0,2,93,37
3/11/2021,10:00:00,11.6,217,0.97,4229.120744,0,2,93,37
3/11/2021,11:00:00,11.6,199,0.97,3878.318102,0,2,93,37
3/11/2021,12:00:00,11.8,193,0.97,3826.235334,0,2,79,64
3/11/2021,13:00:00,11.6,185,0.97,3605.471602,0,2,79,64
3/11/2021,14:00:00,11.5,206,0.97,3980.131512,0,2,79,64
3/11/2021,15:00:00,11.4,214,0.97,4098.745816,0,2,77,62
3/11/2021,16:00:00,11.3,239,0.97,4537.417128,0,2,77,62
3/11/2021,17:00:00,11.8,218,0.97,4321.861672,0,2,77,62
3/11/2021,18:00:00,11.7,53,0.97,1041.823365,0,2,69,87
3/11/2021,19:00:00,11.8,49,0.97,971.4276236,0,2,69,87
3/11/2021,20:00:00,11.8,46,0.97,911.952463,0,2,69,87
3/11/2021,21:00:00,11.9,44,0.97,879.6947488,0,2,69,85
3/11/2021,22:00:00,11.8,41,0.97,812.8271953,0,2,69,85
3/11/2021,23:00:00,11.4,37,0.97,708.6616597,0,2,69,85
3/12/2021,0:00:00,11.4,169,0.96,3203.490322,0,2,79,68
3/12/2021,1:00:00,11.4,169,0.96,3203.490322,0,2,79,68
3/12/2021,2:00:00,11.4,169,0.96,3203.490322,0,2,79,68
3/12/2021,3:00:00,11.2,178,0.96,3314.89583,0,2,89,49
3/12/2021,4:00:00,11.2,188,0.96,3501.125933,0,2,89,49
3/12/2021,5:00:00,11.2,200,0.96,3724.602057,0,2,89,49
3/12/2021,6:00:00,11.3,262,0.96,4922.793236,0,2,96,35
3/12/2021,7:00:00,11.2,283,0.96,5270.31191,0,2,96,35
3/12/2021,8:00:00,11.2,274,0.96,5102.704818,0,2,96,35
3/12/2021,9:00:00,11.6,240,0.96,4629.14827,0,2,93,46
3/12/2021,10:00:00,11.7,232,0.96,4513.419564,0,2,93,46
3/12/2021,11:00:00,11.8,222,0.96,4355.789084,0,2,93,46
3/12/2021,12:00:00,11.7,206,0.96,4007.605302,0,2,77,68
3/12/2021,13:00:00,11.7,196,0.96,3813.061355,0,2,77,68
3/12/2021,14:00:00,11.4,194,0.96,3677.379423,0,2,77,68
3/12/2021,15:00:00,11.3,231,0.96,4340.325334,0,2,74,71
3/12/2021,16:00:00,11.2,246,0.96,4581.26053,0,2,74,71
3/12/2021,17:00:00,11.6,224,0.96,4320.538386,0,2,74,71
3/12/2021,18:00:00,11.7,53,0.96,1031.082918,0,2,72,84
3/12/2021,19:00:00,11.8,51,0.96,1000.654249,0,2,72,84
3/12/2021,20:00:00,11.8,48,0.96,941.7922343,0,2,72,84
3/12/2021,21:00:00,11.6,46,0.96,887.2534185,0,2,66,84
3/12/2021,22:00:00,11.4,41,0.96,777.1781256,0,2,66,84
3/12/2021,23:00:00,11.3,36,0.96,676.4143378,0,2,66,84
3/13/2021,0:00:00,11.5,168,0.93,3112.079609,0,2,76,67
3/13/2021,1:00:00,11.4,168,0.93,3085.018047,0,2,76,67
3/13/2021,2:00:00,11.4,168,0.93,3085.018047,0,2,76,67
3/13/2021,3:00:00,11.4,168,0.93,3085.018047,0,2,87,40
3/13/2021,4:00:00,11.4,192,0.93,3525.734911,0,2,87,40
3/13/2021,5:00:00,11.4,236,0.93,4333.715828,0,2,87,40
3/13/2021,6:00:00,11.3,279,0.93,5078.39202,0,2,93,33
3/13/2021,7:00:00,11.2,281,0.93,5069.53258,0,2,93,33
3/13/2021,8:00:00,11.6,268,0.93,5007.677582,0,2,93,33
3/13/2021,9:00:00,11.9,248,0.93,4753.814359,0,2,91,40
3/13/2021,10:00:00,11.8,222,0.93,4219.670675,0,2,91,40
3/13/2021,11:00:00,11.8,215,0.93,4086.617996,0,2,91,40
3/13/2021,12:00:00,11.7,201,0.93,3788.135412,0,2,74,62
3/13/2021,13:00:00,11.3,246,0.93,4477.721996,0,2,74,62
3/13/2021,14:00:00,11.3,250,0.93,4550.530484,0,2,74,62
3/13/2021,15:00:00,11.2,266,0.93,4798.916962,0,2,72,72
3/13/2021,16:00:00,11.2,270,0.93,4871.081127,0,2,72,72
3/13/2021,17:00:00,11.9,222,0.93,4255.430596,0,2,72,72
3/13/2021,18:00:00,11.8,200,0.93,3801.505112,0,2,70,81
3/13/2021,19:00:00,11.9,185,0.93,3546.192163,0,2,70,81
3/13/2021,20:00:00,11.9,180,0.93,3450.349132,0,2,70,81
3/13/2021,21:00:00,11.8,178,0.93,3383.33955,0,2,70,81
3/13/2021,22:00:00,11.8,175,0.93,3326.316973,0,2,70,67
3/13/2021,23:00:00,11.5,173,0.93,3204.701026,0,2,87,67
3/14/2021,0:00:00,11.5,173,0.97,3342.537629,1,2,75,67
3/14/2021,1:00:00,11.4,170,0.97,3256.013031,1,2,75,67
3/14/2021,2:00:00,11.4,170,0.97,3256.013031,1,2,75,67
3/14/2021,3:00:00,11.4,170,0.97,3256.013031,1,2,87,41
3/14/2021,4:00:00,11.4,200,0.97,3830.603566,1,2,87,41
3/14/2021,5:00:00,11.3,244,0.97,4632.342172,1,2,87,41
3/14/2021,6:00:00,11.2,260,0.97,4892.419993,1,2,97,26
3/14/2021,7:00:00,11.4,267,0.97,5113.855761,1,2,97,26
3/14/2021,8:00:00,11.7,236,0.97,4639.062529,1,2,97,26
3/14/2021,9:00:00,11.7,236,0.97,4639.062529,1,2,94,26
3/14/2021,10:00:00,11.8,203,0.97,4024.485869,1,2,94,26
3/14/2021,11:00:00,11.8,195,0.97,3865.885441,1,2,94,26
3/14/2021,12:00:00,11.6,195,0.97,3800.361959,1,2,77,59
3/14/2021,13:00:00,11.7,189,0.97,3715.181432,1,2,77,59
3/14/2021,14:00:00,11.7,177,0.97,3479.296897,1,2,77,59
3/14/2021,15:00:00,11.4,215,0.97,4117.898833,1,2,71,68
3/14/2021,16:00:00,11.3,235,0.97,4461.477092,1,2,71,68
3/14/2021,17:00:00,11.7,186,0.97,3656.210298,1,2,71,68
3/14/2021,18:00:00,11.8,52,0.97,1030.902784,1,2,68,79
3/14/2021,19:00:00,11.8,51,0.97,1011.077731,1,2,68,79
3/14/2021,20:00:00,11.8,48,0.97,951.6025701,1,2,68,79
3/14/2021,21:00:00,11.8,45,0.97,892.1274095,1,2,67,87
3/14/2021,22:00:00,11.8,41,0.97,812.8271953,1,2,67,87
3/14/2021,23:00:00,11.8,36,0.97,713.7019276,1,2,67,87
3/15/2021,0:00:00,11.4,151,0.97,2892.105692,0,2,76,64
3/15/2021,1:00:00,11.4,155,0.97,2968.717764,0,2,76,64
3/15/2021,2:00:00,11.3,155,0.97,2942.67638,0,2,76,64
3/15/2021,3:00:00,11.2,174,0.97,3274.157995,0,2,90,45
3/15/2021,4:00:00,11.2,206,0.97,3876.301995,0,2,90,45
3/15/2021,5:00:00,11.2,239,0.97,4497.262994,0,2,90,45
3/15/2021,6:00:00,11.4,262,0.97,5018.090671,0,2,96,37
3/15/2021,7:00:00,11.2,264,0.97,4967.687993,0,2,96,37
3/15/2021,8:00:00,11.5,258,0.97,4984.824904,0,2,96,37
3/15/2021,9:00:00,11.7,220,0.97,4324.549815,0,2,91,42
3/15/2021,10:00:00,11.9,212,0.97,4238.529244,0,2,91,42
3/15/2021,11:00:00,11.8,208,0.97,4123.611137,0,2,91,42
3/15/2021,12:00:00,11.7,195,0.97,3833.1237,0,2,78,71
3/15/2021,13:00:00,11.5,176,0.97,3400.500709,0,2,78,71
3/15/2021,14:00:00,11.2,209,0.97,3932.752994,0,2,78,71
3/15/2021,15:00:00,11.2,210,0.97,3951.569994,0,2,72,80
3/15/2021,16:00:00,11.2,212,0.97,3989.203994,0,2,72,80
3/15/2021,17:00:00,11.8,182,0.97,3608.159745,0,2,72,80
3/15/2021,18:00:00,11.8,53,0.97,1050.727838,0,2,68,81
3/15/2021,19:00:00,11.7,51,0.97,1002.509275,0,2,68,81
3/15/2021,20:00:00,11.7,47,0.97,923.8810969,0,2,68,81
3/15/2021,21:00:00,11.8,45,0.97,892.1274095,0,2,71,78
3/15/2021,22:00:00,11.8,40,0.97,793.0021417,0,2,71,78
3/15/2021,23:00:00,11.8,36,0.97,713.7019276,0,2,71,78
3/16/2021,0:00:00,11.6,165,0.96,3182.539436,0,2,77,71
3/16/2021,1:00:00,11.6,165,0.96,3182.539436,0,2,77,71
3/16/2021,2:00:00,11.6,165,0.96,3182.539436,0,2,77,71
3/16/2021,3:00:00,11.6,170,0.96,3278.980025,0,2,88,54
3/16/2021,4:00:00,11.6,210,0.96,4050.504737,0,2,88,54
3/16/2021,5:00:00,11.4,234,0.96,4435.601985,0,2,88,54
3/16/2021,6:00:00,11.4,276,0.96,5231.735674,0,2,98,34
3/16/2021,7:00:00,11.3,270,0.96,5073.107533,0,2,98,34
3/16/2021,8:00:00,11.6,260,0.96,5014.910626,0,2,98,34
3/16/2021,9:00:00,11.7,240,0.96,4669.054721,0,2,90,48
3/16/2021,10:00:00,11.7,233,0.96,4532.873958,0,2,90,48
3/16/2021,11:00:00,11.8,228,0.96,4473.513113,0,2,90,48
3/16/2021,12:00:00,11.8,207,0.96,4061.47901,0,2,79,66
3/16/2021,13:00:00,11.6,196,0.96,3780.471087,0,2,79,66
3/16/2021,14:00:00,11.4,186,0.96,3525.734911,0,2,79,66
3/16/2021,15:00:00,11.3,213,0.96,4002.118165,0,2,74,78
3/16/2021,16:00:00,11.2,233,0.96,4339.161396,0,2,74,78
3/16/2021,17:00:00,11.8,204,0.96,4002.616996,0,2,74,78
3/16/2021,18:00:00,11.3,50,0.96,939.464358,0,2,70,92
3/16/2021,19:00:00,11.6,51,0.96,983.6940074,0,2,70,92
3/16/2021,20:00:00,11.8,47,0.96,922.1715628,0,2,70,92
3/16/2021,21:00:00,11.8,43,0.96,843.6888766,0,2,71,87
3/16/2021,22:00:00,11.5,39,0.96,745.7517957,0,2,71,87
3/16/2021,23:00:00,11.3,35,0.96,657.6250506,0,2,71,87
3/17/2021,0:00:00,11.4,157,0.94,2914.023063,0,2,79,79
3/17/2021,1:00:00,11.4,161,0.94,2988.265689,0,2,79,79
3/17/2021,2:00:00,11.4,174,0.94,3229.554223,0,2,79,79
3/17/2021,3:00:00,11.5,174,0.94,3257.883646,0,2,92,47
3/17/2021,4:00:00,11.6,187,0.94,3531.734735,0,2,92,47
3/17/2021,5:00:00,11.2,227,0.94,4139.352015,0,2,92,47
3/17/2021,6:00:00,11.2,254,0.94,4631.697849,0,2,96,44
3/17/2021,7:00:00,11.4,258,0.94,4788.649365,0,2,96,44
3/17/2021,8:00:00,11.7,239,0.94,4552.733653,0,2,96,44
3/17/2021,9:00:00,11.6,246,0.94,4646.025373,0,2,95,47
3/17/2021,10:00:00,11.6,238,0.94,4494.935117,0,2,95,47
3/17/2021,11:00:00,11.7,237,0.94,4514.635463,0,2,95,47
3/17/2021,12:00:00,11.8,219,0.94,4207.407755,0,2,81,76
3/17/2021,13:00:00,11.7,172,0.94,3276.444302,0,2,81,76
3/17/2021,14:00:00,11.7,176,0.94,3352.640682,0,2,81,76
3/17/2021,15:00:00,11.5,197,0.94,3688.523438,0,2,79,76
3/17/2021,16:00:00,11.6,227,0.94,4287.186015,0,2,79,76
3/17/2021,17:00:00,11.9,192,0.94,3719.946304,0,2,79,76
3/17/2021,18:00:00,11.6,50,0.94,944.3141003,0,2,72,77
3/17/2021,19:00:00,11.8,50,0.94,960.5953779,0,2,72,77
3/17/2021,20:00:00,11.8,47,0.94,902.9596552,0,2,72,77
3/17/2021,21:00:00,11.8,44,0.94,845.3239325,0,2,75,75
3/17/2021,22:00:00,11.5,39,0.94,730.2153,0,2,75,75
3/17/2021,23:00:00,11.3,36,0.94,662.3223724,0,2,75,75
3/18/2021,0:00:00,11.4,160,0.97,3064.482853,0,2,78,72
3/18/2021,1:00:00,11.4,162,0.97,3102.788888,0,2,78,72
3/18/2021,2:00:00,11.4,162,0.97,3102.788888,0,2,78,72
3/18/2021,3:00:00,11.4,175,0.97,3351.77812,0,2,88,49
3/18/2021,4:00:00,11.3,178,0.97,3379.331585,0,2,88,49
3/18/2021,5:00:00,11.6,201,0.97,3917.296173,0,2,88,49
3/18/2021,6:00:00,11.6,248,0.97,4833.28085,0,2,96,40
3/18/2021,7:00:00,11.5,256,0.97,4946.18285,0,2,96,40
3/18/2021,8:00:00,11.5,247,0.97,4772.293609,0,2,96,40
3/18/2021,9:00:00,11.7,234,0.97,4599.74844,0,2,91,44
3/18/2021,10:00:00,11.8,215,0.97,4262.386512,0,2,91,44
3/18/2021,11:00:00,11.6,213,0.97,4151.164601,0,2,91,44
3/18/2021,12:00:00,11.8,204,0.97,4044.310923,0,2,85,52
3/18/2021,13:00:00,11.5,192,0.97,3709.637138,0,2,85,52
3/18/2021,14:00:00,11.5,180,0.97,3477.784817,0,2,85,52
3/18/2021,15:00:00,11.4,203,0.97,3888.06262,0,2,83,63
3/18/2021,16:00:00,11.4,225,0.97,4309.429012,0,2,83,63
3/18/2021,17:00:00,11.4,201,0.97,3849.756584,0,2,83,63
3/18/2021,18:00:00,11.8,52,0.97,1030.902784,0,2,78,66
3/18/2021,19:00:00,11.8,51,0.97,1011.077731,0,2,78,66
3/18/2021,20:00:00,11.8,48,0.97,951.6025701,0,2,78,66
3/18/2021,21:00:00,11.8,43,0.97,852.4773024,0,2,76,72
3/18/2021,22:00:00,11.6,38,0.97,740.5833561,0,2,76,72
3/18/2021,23:00:00,11.4,36,0.97,689.5086419,0,2,76,72
3/19/2021,0:00:00,11.4,159,0.97,3045.329835,0,2,80,69
3/19/2021,1:00:00,11.4,161,0.97,3083.635871,0,2,80,69
3/19/2021,2:00:00,11.4,161,0.97,3083.635871,0,2,80,69
3/19/2021,3:00:00,11.3,173,0.97,3284.40654,0,2,89,51
3/19/2021,4:00:00,11.2,207,0.97,3895.118994,0,2,89,51
3/19/2021,5:00:00,11.8,225,0.97,4460.637047,0,2,89,51
3/19/2021,6:00:00,11.2,269,0.97,5061.772993,0,2,96,27
3/19/2021,7:00:00,11.5,274,0.97,5293.961332,0,2,96,27
3/19/2021,8:00:00,11.6,256,0.97,4989.193136,0,2,96,27
3/19/2021,9:00:00,11.7,240,0.97,4717.690708,0,2,92,38
3/19/2021,10:00:00,11.9,221,0.97,4418.466806,0,2,92,38
3/19/2021,11:00:00,11.9,201,0.97,4018.605557,0,2,92,38
3/19/2021,12:00:00,11.6,190,0.97,3702.91678,0,2,78,64
3/19/2021,13:00:00,11.7,184,0.97,3616.896209,0,2,78,64
3/19/2021,14:00:00,11.8,173,0.97,3429.734263,0,2,78,64
3/19/2021,15:00:00,11.4,206,0.97,3945.521673,0,2,76,66
3/19/2021,16:00:00,11.3,232,0.97,4404.522065,0,2,76,66
3/19/2021,17:00:00,11.4,188,0.97,3600.767352,0,2,76,66
3/19/2021,18:00:00,11.8,53,0.97,1050.727838,0,2,81,64
3/19/2021,19:00:00,11.8,50,0.97,991.2526772,0,2,81,64
3/19/2021,20:00:00,11.9,46,0.97,919.6808737,0,2,81,64
3/19/2021,21:00:00,11.8,42,0.97,832.6522488,0,2,74,67
3/19/2021,22:00:00,11.6,38,0.97,740.5833561,0,2,74,67
3/19/2021,23:00:00,11.6,36,0.97,701.6052847,0,2,74,67
3/20/2021,0:00:00,11.5,160,0.97,3091.364281,0,2,77,63
3/20/2021,1:00:00,11.5,160,0.97,3091.364281,0,2,77,63
3/20/2021,2:00:00,11.4,161,0.97,3083.635871,0,2,77,63
3/20/2021,3:00:00,11.4,175,0.97,3351.77812,0,2,88,41
3/20/2021,4:00:00,11.2,210,0.97,3951.569994,0,2,88,41
3/20/2021,5:00:00,11.8,220,0.97,4361.51178,0,2,88,41
3/20/2021,6:00:00,11.7,227,0.97,4462.149128,0,2,95,32
3/20/2021,7:00:00,11.4,268,0.97,5133.008778,0,2,95,32
3/20/2021,8:00:00,11.8,240,0.97,4758.01285,0,2,95,32
3/20/2021,9:00:00,11.8,238,0.97,4718.362743,0,2,95,40
3/20/2021,10:00:00,11.3,213,0.97,4043.806896,0,2,95,40
3/20/2021,11:00:00,11.3,212,0.97,4024.821887,0,2,95,40
3/20/2021,12:00:00,11.5,192,0.97,3709.637138,0,2,81,71
3/20/2021,13:00:00,11.4,118,0.97,2260.056104,0,2,81,71
3/20/2021,14:00:00,11.2,195,0.97,3669.314995,0,2,81,71
3/20/2021,15:00:00,11.2,243,0.97,4572.530994,0,2,75,76
3/20/2021,16:00:00,11.2,229,0.97,4309.092994,0,2,75,76
3/20/2021,17:00:00,11.2,207,0.97,3895.118994,0,2,75,76
3/20/2021,18:00:00,11.6,49,0.97,954.9627487,0,2,78,64
3/20/2021,19:00:00,11.5,48,0.97,927.4092844,0,2,78,64
3/20/2021,20:00:00,11.8,48,0.97,951.6025701,0,2,78,64
3/20/2021,21:00:00,11.8,42,0.97,832.6522488,0,2,71,75
3/20/2021,22:00:00,11.6,38,0.97,740.5833561,0,2,71,75
3/20/2021,23:00:00,11.6,36,0.97,701.6052847,0,2,71,75
3/21/2021,0:00:00,11.4,163,0.95,3057.57197,1,2,77,61
3/21/2021,1:00:00,11.4,163,0.95,3057.57197,1,2,77,61
3/21/2021,2:00:00,11.4,163,0.95,3057.57197,1,2,77,61
3/21/2021,3:00:00,11.4,173,0.95,3245.153073,1,2,88,43
3/21/2021,4:00:00,11.6,180,0.95,3435.695982,1,2,88,43
3/21/2021,5:00:00,11.2,208,0.95,3833.236283,1,2,88,43
3/21/2021,6:00:00,11.2,243,0.95,4478.252004,1,2,96,30
3/21/2021,7:00:00,11.4,259,0.95,4858.350554,1,2,96,30
3/21/2021,8:00:00,11.3,248,0.95,4611.204224,1,2,96,30
3/21/2021,9:00:00,11.6,227,0.95,4332.794377,1,2,93,45
3/21/2021,10:00:00,11.7,204,0.95,3927.355924,1,2,93,45
3/21/2021,11:00:00,11.8,195,0.95,3786.176463,1,2,93,45
3/21/2021,12:00:00,11.8,189,0.95,3669.678725,1,2,81,65
3/21/2021,13:00:00,11.5,174,0.95,3292.541983,1,2,81,65
3/21/2021,14:00:00,11.2,186,0.95,3427.79783,1,2,81,65
3/21/2021,15:00:00,11.2,201,0.95,3704.233139,1,2,76,76
3/21/2021,16:00:00,11.5,203,0.95,3841.29898,1,2,76,76
3/21/2021,17:00:00,11.7,186,0.95,3580.824519,1,2,76,76
3/21/2021,18:00:00,11.7,50,0.95,962.5872363,1,2,75,64
3/21/2021,19:00:00,11.8,50,0.95,970.8144776,1,2,75,64
3/21/2021,20:00:00,11.7,47,0.95,904.8320021,1,2,75,64
3/21/2021,21:00:00,11.6,43,0.95,820.7495957,1,2,72,89
3/21/2021,22:00:00,11.5,37,0.95,700.1382377,1,2,72,89
3/21/2021,23:00:00,11.4,35,0.95,656.5338586,1,2,72,89
3/22/2021,0:00:00,11.3,172,0.97,3265.421531,0,2,79,72
3/22/2021,1:00:00,11.3,176,0.97,3341.361567,0,2,79,72
3/22/2021,2:00:00,11.3,176,0.97,3341.361567,0,2,79,72
3/22/2021,3:00:00,11.2,182,0.97,3424.693995,0,2,91,40
3/22/2021,4:00:00,11.4,194,0.97,3715.685459,0,2,91,40
3/22/2021,5:00:00,11.5,211,0.97,4076.736646,0,2,91,40
3/22/2021,6:00:00,11.4,239,0.97,4577.571261,0,2,91,40
3/22/2021,7:00:00,11.3,261,0.97,4955.087323,0,2,91,40
3/22/2021,8:00:00,11.4,247,0.97,4730.795404,0,2,91,40
3/22/2021,9:00:00,11.8,236,0.97,4678.712636,0,2,96,43
3/22/2021,10:00:00,11.7,202,0.97,3970.723012,0,2,96,43
3/22/2021,11:00:00,11.4,190,0.97,3639.073388,0,2,96,43
3/22/2021,12:00:00,11.5,179,0.97,3458.46379,0,2,86,48
3/22/2021,13:00:00,11.7,170,0.97,3341.697585,0,2,86,48
3/22/2021,14:00:00,11.7,180,0.97,3538.268031,0,2,86,48
3/22/2021,15:00:00,11.6,196,0.97,3819.850995,0,2,86,31
3/22/2021,16:00:00,11.4,215,0.97,4117.898833,0,2,86,31
3/22/2021,17:00:00,11.8,176,0.97,3489.209424,0,2,86,31
3/22/2021,18:00:00,11.9,53,0.97,1059.632311,0,2,73,87
3/22/2021,19:00:00,11.8,53,0.97,1050.727838,0,2,73,87
3/22/2021,20:00:00,11.8,48,0.97,951.6025701,0,2,73,87
3/22/2021,21:00:00,11.8,43,0.97,852.4773024,0,2,79,60
3/22/2021,22:00:00,11.7,40,0.97,786.2817846,0,2,79,60
3/22/2021,23:00:00,11.6,38,0.97,740.5833561,0,2,79,60
3/23/2021,0:00:00,11.4,168,0.98,3250.879233,0,2,82,50
3/23/2021,1:00:00,11.4,168,0.98,3250.879233,0,2,82,50
3/23/2021,2:00:00,11.4,170,0.98,3289.580176,0,2,82,50
3/23/2021,3:00:00,11.3,180,0.98,3452.531516,0,2,90,39
3/23/2021,4:00:00,11.3,196,0.98,3759.423206,0,2,90,39
3/23/2021,5:00:00,11.5,215,0.98,4196.845709,0,2,90,39
3/23/2021,6:00:00,11.3,235,0.98,4507.471701,0,2,93,36
3/23/2021,7:00:00,11.3,276,0.98,5293.881657,0,2,93,36
3/23/2021,8:00:00,11.3,248,0.98,4756.821199,0,2,93,36
3/23/2021,9:00:00,11.5,249,0.98,4860.532938,0,2,90,38
3/23/2021,10:00:00,11.3,233,0.98,4469.11024,0,2,90,38
3/23/2021,11:00:00,11.5,208,0.98,4060.204221,0,2,90,38
3/23/2021,12:00:00,11.5,210,0.98,4099.244646,0,2,83,44
3/23/2021,13:00:00,11.4,206,0.98,3986.197154,0,2,83,44
3/23/2021,14:00:00,11.3,205,0.98,3932.049782,0,2,83,44
3/23/2021,15:00:00,11.1,235,0.98,4427.693441,0,2,79,55
3/23/2021,16:00:00,11.1,227,0.98,4276.963451,0,2,79,55
3/23/2021,17:00:00,11.2,186,0.98,3536.044077,0,2,79,55
3/23/2021,18:00:00,11.8,150,0.98,3004.415331,0,2,81,50
3/23/2021,19:00:00,11.8,79,0.98,1582.325408,0,2,81,50
3/23/2021,20:00:00,11.8,78,0.98,1562.295972,0,2,81,50
3/23/2021,21:00:00,11.8,48,0.98,961.4129059,0,2,70,74
3/23/2021,22:00:00,11.7,42,0.98,834.1071715,0,2,70,74
3/23/2021,23:00:00,11.6,36,0.98,708.8383289,0,2,70,74
3/24/2021,0:00:00,11.4,168,0.96,3184.534758,0,2,78,68
3/24/2021,1:00:00,11.4,168,0.96,3184.534758,0,2,78,68
3/24/2021,2:00:00,11.4,168,0.96,3184.534758,0,2,78,68
3/24/2021,3:00:00,11.3,182,0.96,3419.650263,0,2,91,35
3/24/2021,4:00:00,11.2,196,0.96,3650.110015,0,2,91,35
3/24/2021,5:00:00,11.2,208,0.96,3873.586139,0,2,91,35
3/24/2021,6:00:00,11.5,247,0.96,4723.094706,0,2,98,29
3/24/2021,7:00:00,11.5,260,0.96,4971.678638,0,2,98,29
3/24/2021,8:00:00,11.7,228,0.96,4435.601985,0,2,98,29
3/24/2021,9:00:00,11.8,214,0.96,4198.823711,0,2,97,44
3/24/2021,10:00:00,11.7,195,0.96,3793.606961,0,2,97,44
3/24/2021,11:00:00,11.8,184,0.96,3610.203565,0,2,97,44
3/24/2021,12:00:00,11.9,175,0.96,3462.715974,0,2,81,61
3/24/2021,13:00:00,11.6,175,0.96,3375.420614,0,2,81,61
3/24/2021,14:00:00,11.5,176,0.96,3365.444001,0,2,81,61
3/24/2021,15:00:00,11.2,228,0.96,4246.046345,0,2,76,77
3/24/2021,16:00:00,11.2,238,0.96,4432.276447,0,2,76,77
3/24/2021,17:00:00,11.4,196,0.96,3715.290551,0,2,76,77
3/24/2021,18:00:00,11.5,52,0.96,994.3357276,0,2,78,65
3/24/2021,19:00:00,11.8,51,0.96,1000.654249,0,2,78,65
3/24/2021,20:00:00,11.8,50,0.96,981.0335774,0,2,78,65
3/24/2021,21:00:00,11.8,48,0.96,941.7922343,0,2,73,86
3/24/2021,22:00:00,11.7,42,0.96,817.0845762,0,2,73,86
3/24/2021,23:00:00,11.7,38,0.96,739.2669975,0,2,73,86
3/25/2021,0:00:00,11.7,170,0.95,3272.796603,0,2,81,71
3/25/2021,1:00:00,11.7,170,0.95,3272.796603,0,2,81,71
3/25/2021,2:00:00,11.7,170,0.95,3272.796603,0,2,81,71
3/25/2021,3:00:00,11.7,182,0.95,3503.81754,0,2,96,29
3/25/2021,4:00:00,11.7,190,0.95,3657.831498,0,2,96,29
3/25/2021,5:00:00,11.6,202,0.95,3855.61438,0,2,96,29
3/25/2021,6:00:00,11.8,240,0.95,4659.909493,0,2,99,27
3/25/2021,7:00:00,11.6,248,0.95,4733.625575,0,2,99,27
3/25/2021,8:00:00,11.6,245,0.95,4676.363975,0,2,99,27
3/25/2021,9:00:00,11.8,240,0.95,4659.909493,0,2,96,37
3/25/2021,10:00:00,11.7,230,0.95,4427.901287,0,2,96,37
3/25/2021,11:00:00,11.8,222,0.95,4310.416281,0,2,96,37
3/25/2021,12:00:00,11.8,204,0.95,3960.923069,0,2,82,59
3/25/2021,13:00:00,11.8,193,0.95,3747.343884,0,2,82,59
3/25/2021,14:00:00,11.4,180,0.95,3376.459844,0,2,82,59
3/25/2021,15:00:00,11.3,230,0.95,4276.520046,0,2,78,72
3/25/2021,16:00:00,11.2,237,0.95,4367.67788,0,2,78,72
3/25/2021,17:00:00,11.8,211,0.95,4096.837096,0,2,78,72
3/25/2021,18:00:00,11.8,55,0.95,1067.895925,0,2,75,76
3/25/2021,19:00:00,11.8,52,0.95,1009.647057,0,2,75,76
3/25/2021,20:00:00,11.8,51,0.95,990.2307672,0,2,75,76
3/25/2021,21:00:00,11.7,47,0.95,904.8320021,0,2,73,86
3/25/2021,22:00:00,11.5,42,0.95,794.7515131,0,2,73,86
3/25/2021,23:00:00,11.3,39,0.95,725.1490514,0,2,73,86
3/26/2021,0:00:00,11.5,167,0.97,3226.611469,0,2,81,71
3/26/2021,1:00:00,11.5,167,0.97,3226.611469,0,2,81,71
3/26/2021,2:00:00,11.5,167,0.97,3226.611469,0,2,81,71
3/26/2021,3:00:00,11.4,177,0.97,3390.084156,0,2,96,29
3/26/2021,4:00:00,11.4,192,0.97,3677.379423,0,2,96,29
3/26/2021,5:00:00,11.4,205,0.97,3926.368655,0,2,96,29
3/26/2021,6:00:00,11.3,226,0.97,4290.612012,0,2,99,27
3/26/2021,7:00:00,11.2,236,0.97,4440.811994,0,2,99,27
3/26/2021,8:00:00,11.5,244,0.97,4714.330529,0,2,99,27
3/26/2021,9:00:00,11.8,218,0.97,4321.861672,0,2,96,37
3/26/2021,10:00:00,11.9,198,0.97,3958.626369,0,2,96,37
3/26/2021,11:00:00,11.5,186,0.97,3593.710977,0,2,96,37
3/26/2021,12:00:00,11.5,177,0.97,3419.821736,0,2,82,59
3/26/2021,13:00:00,11.4,168,0.97,3217.706995,0,2,82,59
3/26/2021,14:00:00,11.4,173,0.97,3313.472085,0,2,82,59
3/26/2021,15:00:00,11.3,212,0.97,4024.821887,0,2,78,72
3/26/2021,16:00:00,11.2,230,0.97,4327.909994,0,2,78,72
3/26/2021,17:00:00,11.8,198,0.97,3925.360602,0,2,78,72
3/26/2021,18:00:00,11.8,52,0.97,1030.902784,0,2,75,76
3/26/2021,19:00:00,11.8,54,0.97,1070.552891,0,2,75,76
3/26/2021,20:00:00,11.7,52,0.97,1022.16632,0,2,75,76
3/26/2021,21:00:00,11.6,48,0.97,935.473713,0,2,70,76
3/26/2021,22:00:00,11.4,46,0.97,881.0388202,0,2,70,76
3/26/2021,23:00:00,11.2,40,0.97,752.6799989,0,2,70,76
3/27/2021,0:00:00,11.4,167,0.98,3231.528761,0,2,81,69
3/27/2021,1:00:00,11.4,167,0.98,3231.528761,0,2,81,69
3/27/2021,2:00:00,11.5,167,0.98,3259.875504,0,2,81,69
3/27/2021,3:00:00,11.6,178,0.98,3504.811737,0,2,95,29
3/27/2021,4:00:00,11.5,188,0.98,3669.799969,0,2,95,29
3/27/2021,5:00:00,11.5,196,0.98,3825.96167,0,2,95,29
3/27/2021,6:00:00,11.3,240,0.98,4603.375354,0,2,103,21
3/27/2021,7:00:00,11.4,257,0.98,4973.071207,0,2,103,21
3/27/2021,8:00:00,11.6,233,0.98,4587.759184,0,2,103,21
3/27/2021,9:00:00,11.9,208,0.98,4201.428716,0,2,98,33
3/27/2021,10:00:00,11.2,204,0.98,3878.241891,0,2,98,33
3/27/2021,11:00:00,11.4,193,0.98,3734.641023,0,2,98,33
3/27/2021,12:00:00,11.4,177,0.98,3425.033477,0,2,82,60
3/27/2021,13:00:00,11.7,185,0.98,3674.043494,0,2,82,60
3/27/2021,14:00:00,11.4,161,0.98,3115.425931,0,2,82,60
3/27/2021,15:00:00,11.2,215,0.98,4087.362778,0,2,76,72
3/27/2021,16:00:00,11.2,236,0.98,4486.593561,0,2,76,72
3/27/2021,17:00:00,11.3,195,0.98,3740.242475,0,2,76,72
3/27/2021,18:00:00,11.7,135,0.98,2681.058766,0,2,72,69
3/27/2021,19:00:00,11.7,53,0.98,1052.563812,0,2,72,69
3/27/2021,20:00:00,11.7,51,0.98,1012.844423,0,2,72,69
3/27/2021,21:00:00,11.6,48,0.98,945.1177719,0,2,71,83
3/27/2021,22:00:00,11.4,46,0.98,890.1216946,0,2,71,83
3/27/2021,23:00:00,11.2,40,0.98,760.4395866,0,2,71,83
3/28/2021,0:00:00,11.4,168,0.96,3184.534758,1,2,84,65
3/28/2021,1:00:00,11.4,168,0.96,3184.534758,1,2,84,65
3/28/2021,2:00:00,11.4,168,0.96,3184.534758,1,2,84,65
3/28/2021,3:00:00,11.4,181,0.96,3430.957091,1,2,96,44
3/28/2021,4:00:00,11.3,192,0.96,3607.543135,1,2,96,44
3/28/2021,5:00:00,11.2,201,0.96,3743.225067,1,2,96,44
3/28/2021,6:00:00,11.5,248,0.96,4742.216547,1,2,104,15
3/28/2021,7:00:00,11.4,261,0.96,4947.402214,1,2,104,15
3/28/2021,8:00:00,11.5,235,0.96,4493.632615,1,2,104,15
3/28/2021,9:00:00,11.8,225,0.96,4414.651098,1,2,97,29
3/28/2021,10:00:00,11.6,215,0.96,4146.945326,1,2,97,29
3/28/2021,11:00:00,11.6,207,0.96,3992.640383,1,2,97,29
3/28/2021,12:00:00,11.6,196,0.96,3780.471087,1,2,81,57
3/28/2021,13:00:00,11.7,172,0.96,3346.155883,1,2,81,57
3/28/2021,14:00:00,11.7,150,0.96,2918.159201,1,2,81,57
3/28/2021,15:00:00,11.3,213,0.96,4002.118165,1,2,76,66
3/28/2021,16:00:00,11.2,232,0.96,4320.538386,1,2,76,66
3/28/2021,17:00:00,11.7,198,0.96,3851.970145,1,2,76,66
3/28/2021,18:00:00,11.8,55,0.96,1079.136935,1,2,74,72
3/28/2021,19:00:00,11.7,53,0.96,1031.082918,1,2,74,72
3/28/2021,20:00:00,11.7,50,0.96,972.7197335,1,2,74,72
3/28/2021,21:00:00,11.6,48,0.96,925.8296541,1,2,72,78
3/28/2021,22:00:00,11.3,46,0.96,864.3072094,1,2,72,78
3/28/2021,23:00:00,11.3,42,0.96,789.1500607,1,2,72,78
3/29/2021,0:00:00,11.5,172,0.97,3323.216602,0,2,83,66
3/29/2021,1:00:00,11.5,172,0.97,3323.216602,0,2,83,66
3/29/2021,2:00:00,11.5,172,0.97,3323.216602,0,2,83,66
3/29/2021,3:00:00,11.4,182,0.97,3485.849245,0,2,95,48
3/29/2021,4:00:00,11.4,192,0.97,3677.379423,0,2,95,48
3/29/2021,5:00:00,11.3,204,0.97,3872.941816,0,2,95,48
3/29/2021,6:00:00,11.4,250,0.97,4788.254458,0,2,103,31
3/29/2021,7:00:00,11.4,254,0.97,4864.866529,0,2,103,31
3/29/2021,8:00:00,11.5,240,0.97,4637.046422,0,2,103,31
3/29/2021,9:00:00,11.7,220,0.97,4324.549815,0,2,99,36
3/29/2021,10:00:00,11.6,202,0.97,3936.785209,0,2,99,36
3/29/2021,11:00:00,11.7,180,0.97,3538.268031,0,2,99,36
3/29/2021,12:00:00,11.5,170,0.97,3284.574549,0,2,85,65
3/29/2021,13:00:00,11.4,167,0.97,3198.553978,0,2,85,65
3/29/2021,14:00:00,11.4,167,0.97,3198.553978,0,2,85,65
3/29/2021,15:00:00,11.2,189,0.97,3556.412995,0,2,81,68
3/29/2021,16:00:00,11.2,231,0.97,4346.726994,0,2,81,68
3/29/2021,17:00:00,11.3,205,0.97,3891.926825,0,2,81,68
3/29/2021,18:00:00,11.8,58,0.97,1149.853106,0,2,73,76
3/29/2021,19:00:00,11.8,58,0.97,1149.853106,0,2,73,76
3/29/2021,20:00:00,11.8,54,0.97,1070.552891,0,2,73,76
3/29/2021,21:00:00,11.6,48,0.97,935.473713,0,2,75,83
3/29/2021,22:00:00,11.4,47,0.97,900.191838,0,2,75,83
3/29/2021,23:00:00,11.3,43,0.97,816.3553828,0,2,75,83
3/30/2021,0:00:00,11.4,146,0.97,2796.340603,0,2,84,63
3/30/2021,1:00:00,11.4,143,0.97,2738.88155,0,2,84,63
3/30/2021,2:00:00,11.4,143,0.97,2738.88155,0,2,84,63
3/30/2021,3:00:00,11.4,150,0.97,2872.952675,0,2,99,32
3/30/2021,4:00:00,11.3,172,0.97,3265.421531,0,2,99,32
3/30/2021,5:00:00,11.3,186,0.97,3531.211656,0,2,99,32
3/30/2021,6:00:00,11.3,256,0.97,4860.162279,0,2,104,19
3/30/2021,7:00:00,11.3,264,0.97,5012.04235,0,2,104,19
3/30/2021,8:00:00,11.5,234,0.97,4521.120261,0,2,104,19
3/30/2021,9:00:00,11.5,225,0.97,4347.231021,0,2,102,22
3/30/2021,10:00:00,11.7,211,0.97,4147.636414,0,2,102,22
3/30/2021,11:00:00,11.4,201,0.97,3849.756584,0,2,102,22
3/30/2021,12:00:00,11.4,184,0.97,3524.155281,0,2,85,46
3/30/2021,13:00:00,11.5,170,0.97,3284.574549,0,2,85,46
3/30/2021,14:00:00,11.5,170,0.97,3284.574549,0,2,85,46
3/30/2021,15:00:00,11.6,194,0.97,3780.872923,0,2,76,68
3/30/2021,16:00:00,11.2,225,0.97,4233.824994,0,2,76,68
3/30/2021,17:00:00,11.5,188,0.97,3632.353031,0,2,76,68
3/30/2021,18:00:00,11.7,54,0.97,1061.480409,0,2,77,83
3/30/2021,19:00:00,11.7,54,0.97,1061.480409,0,2,77,83
3/30/2021,20:00:00,11.7,51,0.97,1002.509275,0,2,77,83
3/30/2021,21:00:00,11.5,47,0.97,908.0882576,0,2,77,61
3/30/2021,22:00:00,11.4,42,0.97,804.4267489,0,2,77,61
3/30/2021,23:00:00,11.3,40,0.97,759.4003561,0,2,77,61
3/31/2021,0:00:00,11.3,172,0.97,3265.421531,0,2,85,48
3/31/2021,1:00:00,11.3,172,0.97,3265.421531,0,2,85,48
3/31/2021,2:00:00,11.3,172,0.97,3265.421531,0,2,85,48
3/31/2021,3:00:00,11.2,184,0.97,3462.327995,0,2,100,26
3/31/2021,4:00:00,11.2,196,0.97,3688.131995,0,2,100,26
3/31/2021,5:00:00,11.2,212,0.97,3989.203994,0,2,100,26
3/31/2021,6:00:00,11.4,250,0.97,4788.254458,0,2,106,16
3/31/2021,7:00:00,11.4,233,0.97,4462.653154,0,2,106,16
3/31/2021,8:00:00,11.6,219,0.97,4268.098815,0,2,106,16
3/31/2021,9:00:00,11.8,205,0.97,4064.135976,0,2,101,22
3/31/2021,10:00:00,11.8,181,0.97,3588.334691,0,2,101,22
3/31/2021,11:00:00,11.6,145,0.97,2825.910175,0,2,101,22
3/31/2021,12:00:00,11.6,145,0.97,2825.910175,0,2,82,52
3/31/2021,13:00:00,11.5,179,0.97,3458.46379,0,2,82,52
3/31/2021,14:00:00,11.4,193,0.97,3696.532441,0,2,82,52
3/31/2021,15:00:00,11.3,204,0.97,3872.941816,0,2,75,64
3/31/2021,16:00:00,11.2,215,0.97,4045.654994,0,2,75,64
3/31/2021,17:00:00,11.5,192,0.97,3709.637138,0,2,75,64
3/31/2021,18:00:00,11.7,54,0.97,1061.480409,0,2,78,57
3/31/2021,19:00:00,11.7,54,0.97,1061.480409,0,2,78,57
3/31/2021,20:00:00,11.7,51,0.97,1002.509275,0,2,78,57
3/31/2021,21:00:00,11.5,47,0.97,908.0882576,0,2,75,64
3/31/2021,22:00:00,11.5,44,0.97,850.1251774,0,2,75,64
3/31/2021,23:00:00,11.4,42,0.97,804.4267489,0,2,75,64
4/1/2021,0:00:00,11.4,169,0.96,3203.490322,0,2,85,45
4/1/2021,1:00:00,11.4,169,0.96,3203.490322,0,2,85,45
4/1/2021,2:00:00,11.4,169,0.96,3203.490322,0,2,85,45
4/1/2021,3:00:00,11.3,182,0.96,3419.650263,0,2,99,33
4/1/2021,4:00:00,11.2,199,0.96,3705.979046,0,2,99,33
4/1/2021,5:00:00,11.4,212,0.96,4018.579576,0,2,99,33
4/1/2021,6:00:00,11.2,260,0.96,4841.982674,0,2,105,21
4/1/2021,7:00:00,11.4,260,0.96,4928.44665,0,2,105,21
4/1/2021,8:00:00,11.6,236,0.96,4551.995799,0,2,105,21
4/1/2021,9:00:00,11.9,210,0.96,4155.259169,0,2,101,26
4/1/2021,10:00:00,11.9,196,0.96,3878.241891,0,2,101,26
4/1/2021,11:00:00,11.9,173,0.96,3423.142078,0,2,101,26
4/1/2021,12:00:00,11.5,168,0.96,3212.469274,0,2,84,51
4/1/2021,13:00:00,11.6,165,0.96,3182.539436,0,2,84,51
4/1/2021,14:00:00,11.6,163,0.96,3143.9632,0,2,84,51
4/1/2021,15:00:00,11.4,173,0.96,3279.312579,0,2,77,68
4/1/2021,16:00:00,11.3,179,0.96,3363.282402,0,2,77,68
4/1/2021,17:00:00,11.3,187,0.96,3513.596699,0,2,77,68
4/1/2021,18:00:00,11.7,55,0.96,1069.991707,0,2,74,68
4/1/2021,19:00:00,11.7,54,0.96,1050.537312,0,2,74,68
4/1/2021,20:00:00,11.7,52,0.96,1011.628523,0,2,74,68
4/1/2021,21:00:00,11.5,48,0.96,917.8483639,0,2,73,72
4/1/2021,22:00:00,11.5,44,0.96,841.3610003,0,2,73,72
4/1/2021,23:00:00,11.3,40,0.96,751.5714864,0,2,73,72
4/2/2021,0:00:00,11.4,168,0.97,3217.706995,0,2,84,47
4/2/2021,1:00:00,11.4,168,0.97,3217.706995,0,2,84,47
4/2/2021,2:00:00,11.4,168,0.97,3217.706995,0,2,84,47
4/2/2021,3:00:00,11.4,183,0.97,3505.002263,0,2,99,26
4/2/2021,4:00:00,11.3,188,0.97,3569.181674,0,2,99,26
4/2/2021,5:00:00,11.3,228,0.97,4328.58203,0,2,99,26
4/2/2021,6:00:00,11.4,246,0.97,4711.642386,0,2,106,22
4/2/2021,7:00:00,11.6,240,0.97,4677.368565,0,2,106,22
4/2/2021,8:00:00,11.7,232,0.97,4560.434351,0,2,106,22
4/2/2021,9:00:00,11.8,212,0.97,4202.911351,0,2,100,28
4/2/2021,10:00:00,11.9,188,0.97,3758.695745,0,2,100,28
4/2/2021,11:00:00,11.6,169,0.97,3293.647031,0,2,100,28
4/2/2021,12:00:00,11.6,160,0.97,3118.24571,0,2,83,57
4/2/2021,13:00:00,11.6,151,0.97,2942.844389,0,2,83,57
4/2/2021,14:00:00,11.5,166,0.97,3207.290442,0,2,83,57
4/2/2021,15:00:00,11.3,178,0.97,3379.331585,0,2,78,64
4/2/2021,16:00:00,11.5,32,0.97,618.2728563,0,2,78,64
4/2/2021,17:00:00,11.5,33,0.97,637.593883,0,2,78,64
4/2/2021,18:00:00,11.6,54,0.97,1052.407927,0,2,75,71
4/2/2021,19:00:00,11.7,57,0.97,1120.451543,0,2,75,71
4/2/2021,20:00:00,11.6,54,0.97,1052.407927,0,2,75,71
4/2/2021,21:00:00,11.5,48,0.97,927.4092844,0,2,72,72
4/2/2021,22:00:00,11.5,43,0.97,830.8041506,0,2,72,72
4/2/2021,23:00:00,11.3,40,0.97,759.4003561,0,2,72,72
4/3/2021,0:00:00,11.4,159,0.96,3013.934682,0,2,81,67
4/3/2021,1:00:00,11.4,159,0.96,3013.934682,0,2,81,67
4/3/2021,2:00:00,11.4,159,0.96,3013.934682,0,2,81,67
4/3/2021,3:00:00,11.4,165,0.96,3127.668066,0,2,96,34
4/3/2021,4:00:00,11.3,173,0.96,3250.546679,0,2,96,34
4/3/2021,5:00:00,11.5,213,0.96,4072.952115,0,2,96,34
4/3/2021,6:00:00,11.5,260,0.96,4971.678638,0,2,102,29
4/3/2021,7:00:00,11.7,263,0.96,5116.505798,0,2,102,29
4/3/2021,8:00:00,11.9,248,0.96,4907.16321,0,2,102,29
4/3/2021,9:00:00,11.5,216,0.96,4130.317638,0,2,98,45
4/3/2021,10:00:00,11.6,198,0.96,3819.047323,0,2,98,45
4/3/2021,11:00:00,11.7,175,0.96,3404.519067,0,2,98,45
4/3/2021,12:00:00,11.8,166,0.96,3257.031477,0,2,86,72
4/3/2021,13:00:00,11.8,167,0.96,3276.652149,0,2,86,72
4/3/2021,14:00:00,11.8,170,0.96,3335.514163,0,2,86,72
4/3/2021,15:00:00,11.6,186,0.96,3587.58991,0,2,80,85
4/3/2021,16:00:00,11.4,211,0.96,3999.624012,0,2,80,85
4/3/2021,17:00:00,11.8,94,0.96,1844.343126,0,2,80,85
4/3/2021,18:00:00,11.6,54,0.96,1041.558361,0,2,76,70
4/3/2021,19:00:00,11.6,54,0.96,1041.558361,0,2,76,70
4/3/2021,20:00:00,11.7,55,0.96,1069.991707,0,2,76,70
4/3/2021,21:00:00,11.6,48,0.96,925.8296541,0,2,81,87
4/3/2021,22:00:00,11.6,43,0.96,829.3890651,0,2,81,87
4/3/2021,23:00:00,11.3,43,0.96,807.9393479,0,2,81,87
4/4/2021,0:00:00,11.2,154,0.97,2897.817996,1,2,83,81
4/4/2021,1:00:00,11.2,154,0.97,2897.817996,1,2,83,81
4/4/2021,2:00:00,11.2,154,0.97,2897.817996,1,2,83,81
4/4/2021,3:00:00,11.2,165,0.97,3104.804996,1,2,91,64
4/4/2021,4:00:00,11.5,179,0.97,3458.46379,1,2,91,64
4/4/2021,5:00:00,11.3,199,0.97,3778.016771,1,2,91,64
4/4/2021,6:00:00,11.8,220,0.97,4361.51178,1,2,97,52
4/4/2021,7:00:00,11.8,204,0.97,4044.310923,1,2,97,52
4/4/2021,8:00:00,11.8,200,0.97,3965.010709,1,2,97,52
4/4/2021,9:00:00,11.8,185,0.97,3667.634906,1,2,95,61
4/4/2021,10:00:00,11.8,188,0.97,3727.110066,1,2,95,61
4/4/2021,11:00:00,11.6,174,0.97,3391.092209,1,2,95,61
4/4/2021,12:00:00,11.7,165,0.97,3243.412361,1,2,85,76
4/4/2021,13:00:00,11.7,158,0.97,3105.813049,1,2,85,76
4/4/2021,14:00:00,11.7,154,0.97,3027.184871,1,2,85,76
4/4/2021,15:00:00,11.5,174,0.97,3361.858656,1,2,81,81
4/4/2021,16:00:00,11.3,206,0.97,3910.911834,1,2,81,81
4/4/2021,17:00:00,11.2,170,0.97,3198.889995,1,2,81,81
4/4/2021,18:00:00,11.6,55,0.97,1071.896963,1,2,83,73
4/4/2021,19:00:00,11.7,54,0.97,1061.480409,1,2,83,73
4/4/2021,20:00:00,11.7,53,0.97,1041.823365,1,2,83,73
4/4/2021,21:00:00,11.6,48,0.97,935.473713,1,2,77,95
4/4/2021,22:00:00,11.5,43,0.97,830.8041506,1,2,77,95
4/4/2021,23:00:00,11.3,40,0.97,759.4003561,1,2,77,95
4/5/2021,0:00:00,11.3,144,0.97,2733.841282,0,2,86,76
4/5/2021,1:00:00,11.3,144,0.97,2733.841282,0,2,86,76
4/5/2021,2:00:00,11.3,144,0.97,2733.841282,0,2,86,76
4/5/2021,3:00:00,11.3,146,0.97,2771.8113,0,2,93,67
4/5/2021,4:00:00,11.2,156,0.97,2935.451996,0,2,93,67
4/5/2021,5:00:00,11.2,188,0.97,3537.595995,0,2,93,67
4/5/2021,6:00:00,11.3,226,0.97,4290.612012,0,2,98,53
4/5/2021,7:00:00,11.8,218,0.97,4321.861672,0,2,98,53
4/5/2021,8:00:00,11.8,217,0.97,4302.036619,0,2,98,53
4/5/2021,9:00:00,11.8,204,0.97,4044.310923,0,2,95,61
4/5/2021,10:00:00,11.4,165,0.97,3160.247942,0,2,95,61
4/5/2021,11:00:00,11.3,173,0.97,3284.40654,0,2,95,61
4/5/2021,12:00:00,11.4,179,0.97,3428.390192,0,2,85,75
4/5/2021,13:00:00,11.4,168,0.97,3217.706995,0,2,85,75
4/5/2021,14:00:00,11.3,178,0.97,3379.331585,0,2,85,75
4/5/2021,15:00:00,11.3,189,0.97,3588.166682,0,2,83,83
4/5/2021,16:00:00,11.4,192,0.97,3677.379423,0,2,83,83
4/5/2021,17:00:00,11.8,179,0.97,3548.684584,0,2,83,83
4/5/2021,18:00:00,11.6,55,0.97,1071.896963,0,2,83,83
4/5/2021,19:00:00,11.6,54,0.97,1052.407927,0,2,83,91
4/5/2021,20:00:00,11.6,51,0.97,993.94082,0,2,76,91
4/5/2021,21:00:00,11.5,48,0.97,927.4092844,0,2,76,91
4/5/2021,22:00:00,11.3,44,0.97,835.3403917,0,2,76,91
4/5/2021,23:00:00,11.3,42,0.97,797.3703739,0,2,76,91
4/6/2021,0:00:00,11.4,151,0.97,2892.105692,0,2,86,71
4/6/2021,1:00:00,11.4,151,0.97,2892.105692,0,2,86,71
4/6/2021,2:00:00,11.4,151,0.97,2892.105692,0,2,86,71
4/6/2021,3:00:00,11.3,168,0.97,3189.481495,0,2,95,59
4/6/2021,4:00:00,11.3,178,0.97,3379.331585,0,2,95,59
4/6/2021,5:00:00,11.2,200,0.97,3763.399995,0,2,95,59
4/6/2021,6:00:00,11.3,229,0.97,4347.567039,0,2,100,48
4/6/2021,7:00:00,11.5,219,0.97,4231.30486,0,2,100,48
4/6/2021,8:00:00,11.8,206,0.97,4083.96103,0,2,100,48
4/6/2021,9:00:00,11.8,181,0.97,3588.334691,0,2,98,53
4/6/2021,10:00:00,11.8,180,0.97,3568.509638,0,2,98,53
4/6/2021,11:00:00,11.6,165,0.97,3215.690888,0,2,98,53
4/6/2021,12:00:00,11.7,153,0.97,3007.527826,0,2,88,63
4/6/2021,13:00:00,11.8,153,0.97,3033.233192,0,2,88,63
4/6/2021,14:00:00,11.8,153,0.97,3033.233192,0,2,88,63
4/6/2021,15:00:00,11.6,168,0.97,3274.157995,0,2,81,77
4/6/2021,16:00:00,11.3,196,0.97,3721.061745,0,2,81,77
4/6/2021,17:00:00,11.7,178,0.97,3498.953941,0,2,81,77
4/6/2021,18:00:00,11.7,53,0.97,1041.823365,0,2,80,83
4/6/2021,19:00:00,11.7,55,0.97,1081.137454,0,2,80,83
4/6/2021,20:00:00,11.7,55,0.97,1081.137454,0,2,80,83
4/6/2021,21:00:00,11.6,50,0.97,974.4517843,0,2,78,83
4/6/2021,22:00:00,11.6,48,0.97,935.473713,0,2,78,83
4/6/2021,23:00:00,11.6,42,0.97,818.5394988,0,2,78,83
4/7/2021,0:00:00,11.5,140,0.97,2704.943746,0,2,81,83
4/7/2021,1:00:00,11.5,140,0.97,2704.943746,0,2,81,83
4/7/2021,2:00:00,11.5,140,0.97,2704.943746,0,2,81,83
4/7/2021,3:00:00,11.5,154,0.97,2975.438121,0,2,94,54
4/7/2021,4:00:00,11.6,156,0.97,3040.289567,0,2,94,54
4/7/2021,5:00:00,11.6,166,0.97,3235.179924,0,2,94,54
4/7/2021,6:00:00,11.2,206,0.97,3876.301995,0,2,100,44
4/7/2021,7:00:00,11.2,207,0.97,3895.118994,0,2,100,44
4/7/2021,8:00:00,11.6,191,0.97,3722.405816,0,2,100,44
4/7/2021,9:00:00,11.6,171,0.97,3332.625102,0,2,96,49
4/7/2021,10:00:00,11.7,168,0.97,3302.383495,0,2,96,49
4/7/2021,11:00:00,11.7,151,0.97,2968.213737,0,2,96,49
4/7/2021,12:00:00,11.8,141,0.97,2795.33255,0,2,89,61
4/7/2021,13:00:00,11.9,140,0.97,2799.028746,0,2,89,61
4/7/2021,14:00:00,11.9,137,0.97,2739.049559,0,2,89,61
4/7/2021,15:00:00,11.4,157,0.97,3007.023799,0,2,87,52
4/7/2021,16:00:00,11.2,177,0.97,3330.608995,0,2,87,52
4/7/2021,17:00:00,11.7,146,0.97,2869.928514,0,2,87,52
4/7/2021,18:00:00,11.6,53,0.97,1032.918891,0,2,78,86
4/7/2021,19:00:00,11.7,55,0.97,1081.137454,0,2,78,86
4/7/2021,20:00:00,11.7,51,0.97,1002.509275,0,2,78,86
4/7/2021,21:00:00,11.6,48,0.97,935.473713,0,2,81,72
4/7/2021,22:00:00,11.5,44,0.97,850.1251774,0,2,81,72
4/7/2021,23:00:00,11.3,40,0.97,759.4003561,0,2,81,72
4/8/2021,0:00:00,11.5,136,0.98,2654.748914,0,2,83,76
4/8/2021,1:00:00,11.5,136,0.98,2654.748914,0,2,83,76
4/8/2021,2:00:00,11.5,136,0.98,2654.748914,0,2,83,76
4/8/2021,3:00:00,11.5,154,0.98,3006.112741,0,2,94,56
4/8/2021,4:00:00,11.4,161,0.98,3115.425931,0,2,94,56
4/8/2021,5:00:00,11.3,168,0.98,3222.362748,0,2,94,56
4/8/2021,6:00:00,11.2,203,0.98,3859.230902,0,2,100,40
4/8/2021,7:00:00,11.2,203,0.98,3859.230902,0,2,100,40
4/8/2021,8:00:00,11.4,188,0.98,3637.888665,0,2,100,40
4/8/2021,9:00:00,11.8,165,0.98,3304.856864,0,2,97,39
4/8/2021,10:00:00,11.6,180,0.98,3544.191644,0,2,97,39
4/8/2021,11:00:00,11.8,160,0.98,3204.709686,0,2,97,39
4/8/2021,12:00:00,11.8,146,0.98,2924.297589,0,2,86,54
4/8/2021,13:00:00,11.8,142,0.98,2844.179846,0,2,86,54
4/8/2021,14:00:00,11.5,155,0.98,3025.632953,0,2,86,54
4/8/2021,15:00:00,11.4,166,0.98,3212.178289,0,2,87,60
4/8/2021,16:00:00,11.3,175,0.98,3356.627863,0,2,87,60
4/8/2021,17:00:00,11.5,142,0.98,2771.870189,0,2,87,60
4/8/2021,18:00:00,11.8,55,0.98,1101.618955,0,2,84,61
4/8/2021,19:00:00,11.8,55,0.98,1101.618955,0,2,84,61
4/8/2021,20:00:00,11.6,53,0.98,1043.56754,0,2,84,61
4/8/2021,21:00:00,11.5,49,0.98,956.4904175,0,2,81,69
4/8/2021,22:00:00,11.3,44,0.98,843.9521483,0,2,81,69
4/8/2021,23:00:00,11.3,41,0.98,786.4099564,0,2,81,69
4/9/2021,0:00:00,11.5,127,0.98,2479.067,0,2,82,77
4/9/2021,1:00:00,11.5,127,0.98,2479.067,0,2,82,77
4/9/2021,2:00:00,11.5,127,0.98,2479.067,0,2,82,77
4/9/2021,3:00:00,11.3,140,0.98,2685.30229,0,2,91,59
4/9/2021,4:00:00,11.2,154,0.98,2927.692408,0,2,91,59
4/9/2021,5:00:00,11.2,171,0.98,3250.879233,0,2,91,59
4/9/2021,6:00:00,11.3,193,0.98,3701.881014,0,2,93,56
4/9/2021,7:00:00,11.4,184,0.98,3560.486778,0,2,93,56
4/9/2021,8:00:00,11.8,162,0.98,3244.768557,0,2,93,56
4/9/2021,9:00:00,11.8,152,0.98,3044.474202,0,2,93,55
4/9/2021,10:00:00,11.8,141,0.98,2824.150411,0,2,93,55
4/9/2021,11:00:00,11.4,142,0.98,2747.76697,0,2,93,55
4/9/2021,12:00:00,11.5,140,0.98,2732.829764,0,2,87,64
4/9/2021,13:00:00,11.6,132,0.98,2599.073873,0,2,87,64
4/9/2021,14:00:00,11.5,140,0.98,2732.829764,0,2,87,64
4/9/2021,15:00:00,11.4,143,0.98,2767.117442,0,2,85,64
4/9/2021,16:00:00,11.3,158,0.98,3030.555442,0,2,85,64
4/9/2021,17:00:00,11.8,138,0.98,2764.062104,0,2,85,64
4/9/2021,18:00:00,11.8,52,0.98,1041.530648,0,2,81,75
4/9/2021,19:00:00,11.8,53,0.98,1061.560084,0,2,81,75
4/9/2021,20:00:00,11.7,53,0.98,1052.563812,0,2,81,75
4/9/2021,21:00:00,11.7,48,0.98,953.2653389,0,2,82,75
4/9/2021,22:00:00,11.6,42,0.98,826.9780504,0,2,82,75
4/9/2021,23:00:00,11.8,110,0.98,2203.237909,0,2,82,75
4/10/2021,0:00:00,11.7,110,0.98,2184.566402,0,2,82,77
4/10/2021,1:00:00,11.7,110,0.98,2184.566402,0,2,82,77
4/10/2021,2:00:00,11.7,110,0.98,2184.566402,0,2,82,77
4/10/2021,3:00:00,11.6,110,0.98,2165.894894,0,2,92,58
4/10/2021,4:00:00,11.5,120,0.98,2342.425512,0,2,92,58
4/10/2021,5:00:00,11.5,135,0.98,2635.228701,0,2,92,58
4/10/2021,6:00:00,11.2,176,0.98,3345.934181,0,2,97,47
4/10/2021,7:00:00,11.4,180,0.98,3483.084892,0,2,97,47
4/10/2021,8:00:00,11.6,169,0.98,3327.602155,0,2,97,47
4/10/2021,9:00:00,11.8,162,0.98,3244.768557,0,2,95,50
4/10/2021,10:00:00,11.4,184,0.98,3560.486778,0,2,95,50
4/10/2021,11:00:00,11.2,170,0.98,3231.868243,0,2,95,50
4/10/2021,12:00:00,11.2,167,0.98,3174.835274,0,2,86,67
4/10/2021,13:00:00,11.2,152,0.98,2889.670429,0,2,86,67
4/10/2021,14:00:00,11.2,146,0.98,2775.604491,0,2,86,67
4/10/2021,15:00:00,11.2,163,0.98,3098.791315,0,2,80,73
4/10/2021,16:00:00,11.2,171,0.98,3250.879233,0,2,80,73
4/10/2021,17:00:00,11.2,154,0.98,2927.692408,0,2,80,73
4/10/2021,18:00:00,11.8,53,0.98,1061.560084,0,2,85,67
4/10/2021,19:00:00,11.8,55,0.98,1101.618955,0,2,85,67
4/10/2021,20:00:00,11.8,54,0.98,1081.589519,0,2,85,67
4/10/2021,21:00:00,11.8,48,0.98,961.4129059,0,2,76,78
4/10/2021,22:00:00,11.7,42,0.98,834.1071715,0,2,76,78
4/10/2021,23:00:00,11.7,40,0.98,794.3877824,0,2,76,78
4/11/2021,0:00:00,11.7,113,0.98,2244.145485,1,2,80,66
4/11/2021,1:00:00,11.7,113,0.98,2244.145485,1,2,80,66
4/11/2021,2:00:00,11.7,113,0.98,2244.145485,1,2,80,66
4/11/2021,3:00:00,11.6,118,0.98,2323.414522,1,2,90,48
4/11/2021,4:00:00,11.5,120,0.98,2342.425512,1,2,90,48
4/11/2021,5:00:00,11.3,149,0.98,2857.928866,1,2,90,48
4/11/2021,6:00:00,11.2,172,0.98,3269.890222,1,2,90,54
4/11/2021,7:00:00,11.3,172,0.98,3299.085671,1,2,90,54
4/11/2021,8:00:00,11.5,168,0.98,3279.395717,1,2,90,54
4/11/2021,9:00:00,11.7,168,0.98,3336.428686,1,2,88,64
4/11/2021,10:00:00,11.8,168,0.98,3364.945171,1,2,88,64
4/11/2021,11:00:00,11.5,144,0.98,2810.910615,1,2,88,64
4/11/2021,12:00:00,11.7,128,0.98,2542.040904,1,2,79,80
4/11/2021,13:00:00,11.7,128,0.98,2542.040904,1,2,79,80
4/11/2021,14:00:00,11.6,138,0.98,2717.213594,1,2,79,80
4/11/2021,15:00:00,11.4,151,0.98,2921.921215,1,2,78,79
4/11/2021,16:00:00,11.6,142,0.98,2795.973408,1,2,78,79
4/11/2021,17:00:00,11.8,132,0.98,2643.885491,1,2,78,79
4/11/2021,18:00:00,11.8,54,0.98,1081.589519,1,2,79,83
4/11/2021,19:00:00,11.8,55,0.98,1101.618955,1,2,79,83
4/11/2021,20:00:00,11.8,51,0.98,1021.501212,1,2,79,83
4/11/2021,21:00:00,11.8,48,0.98,961.4129059,1,2,75,83
4/11/2021,22:00:00,11.7,44,0.98,873.8265606,1,2,75,83
4/11/2021,23:00:00,11.7,42,0.98,834.1071715,1,2,75,83
4/12/2021,0:00:00,11.7,125,0.98,2482.46182,0,2,85,68
4/12/2021,1:00:00,11.7,125,0.98,2482.46182,0,2,85,68
4/12/2021,2:00:00,11.7,125,0.98,2482.46182,0,2,85,68
4/12/2021,3:00:00,11.6,134,0.98,2638.45378,0,2,93,56
4/12/2021,4:00:00,11.6,143,0.98,2815.663362,0,2,93,56
4/12/2021,5:00:00,11.6,154,0.98,3032.252851,0,2,93,56
4/12/2021,6:00:00,11.3,187,0.98,3586.79663,0,2,97,41
4/12/2021,7:00:00,11.4,175,0.98,3386.332534,0,2,97,41
4/12/2021,8:00:00,11.4,175,0.98,3386.332534,0,2,97,41
4/12/2021,9:00:00,11.6,152,0.98,2992.872944,0,2,95,46
4/12/2021,10:00:00,11.7,135,0.98,2681.058766,0,2,95,46
4/12/2021,11:00:00,11.8,125,0.98,2503.679442,0,2,95,46
4/12/2021,12:00:00,11.8,122,0.98,2443.591136,0,2,88,54
4/12/2021,13:00:00,11.7,118,0.98,2343.443958,0,2,88,54
4/12/2021,14:00:00,11.7,118,0.98,2343.443958,0,2,88,54
4/12/2021,15:00:00,11.7,120,0.98,2383.163347,0,2,82,59
4/12/2021,16:00:00,11.7,128,0.98,2542.040904,0,2,82,59
4/12/2021,17:00:00,11.8,113,0.98,2263.326216,0,2,82,59
4/12/2021,18:00:00,11.7,51,0.98,1012.844423,0,2,76,81
4/12/2021,19:00:00,11.7,53,0.98,1052.563812,0,2,76,81
4/12/2021,20:00:00,11.7,53,0.98,1052.563812,0,2,76,81
4/12/2021,21:00:00,11.7,48,0.98,953.2653389,0,2,74,83
4/12/2021,22:00:00,11.7,42,0.98,834.1071715,0,2,74,83
4/12/2021,23:00:00,11.7,41,0.98,814.2474769,0,2,74,83
4/13/2021,0:00:00,11.7,98,0.99,1966.109761,0,2,83,70
4/13/2021,1:00:00,11.7,98,0.99,1966.109761,0,2,83,70
4/13/2021,2:00:00,11.7,98,0.99,1966.109761,0,2,83,70
4/13/2021,3:00:00,11.7,98,0.99,1966.109761,0,2,94,48
4/13/2021,4:00:00,11.6,120,0.99,2386.904577,0,2,94,48
4/13/2021,5:00:00,11.4,140,0.99,2736.709558,0,2,94,48
4/13/2021,6:00:00,11.4,154,0.99,3010.380514,0,2,98,44
4/13/2021,7:00:00,11.3,174,0.99,3371.502715,0,2,98,44
4/13/2021,8:00:00,11.4,169,0.99,3303.599395,0,2,98,44
4/13/2021,9:00:00,11.4,160,0.99,3127.668066,0,2,97,47
4/13/2021,10:00:00,11.7,144,0.99,2888.977609,0,2,97,47
4/13/2021,11:00:00,11.8,131,0.99,2650.630097,0,2,97,47
4/13/2021,12:00:00,11.9,120,0.99,2448.634868,0,2,87,54
4/13/2021,13:00:00,11.6,115,0.99,2287.45022,0,2,87,54
4/13/2021,14:00:00,11.6,118,0.99,2347.122834,0,2,87,54
4/13/2021,15:00:00,11.4,128,0.99,2502.134453,0,2,93,53
4/13/2021,16:00:00,11.4,146,0.99,2853.99711,0,2,93,53
4/13/2021,17:00:00,11.8,125,0.99,2529.227192,0,2,93,53
4/13/2021,18:00:00,11.7,58,0.99,1163.615981,0,2,78,72
4/13/2021,19:00:00,11.7,57,0.99,1143.553637,0,2,78,72
4/13/2021,20:00:00,11.7,55,0.99,1103.428948,0,2,78,72
4/13/2021,21:00:00,11.7,48,0.99,962.9925362,0,2,77,65
4/13/2021,22:00:00,11.9,43,0.99,877.4274943,0,2,77,65
4/13/2021,23:00:00,11.9,43,0.99,877.4274943,0,2,77,65
4/14/2021,0:00:00,11.9,40,0.94,774.9888133,0,2,81,64
4/14/2021,1:00:00,11.9,40,0.94,774.9888133,0,2,81,64
4/14/2021,2:00:00,11.9,35,0.94,678.1152117,0,2,81,64
4/14/2021,3:00:00,11.9,33,0.94,639.365771,0,2,87,56
4/14/2021,4:00:00,11.9,32,0.94,619.9910507,0,2,87,56
4/14/2021,5:00:00,11.8,32,0.94,614.7810418,0,2,87,56
4/14/2021,6:00:00,11.5,66,0.94,1235.748969,0,2,89,56
4/14/2021,7:00:00,11.9,76,0.94,1472.478745,0,2,89,56
4/14/2021,8:00:00,11.8,80,0.94,1536.952605,0,2,89,56
4/14/2021,9:00:00,11.8,76,0.94,1460.104974,0,2,93,48
4/14/2021,10:00:00,11.7,78,0.94,1485.829393,0,2,93,48
4/14/2021,11:00:00,11.8,78,0.94,1498.528789,0,2,93,48
4/14/2021,12:00:00,11.8,78,0.94,1498.528789,0,2,82,75
4/14/2021,13:00:00,11.7,82,0.94,1562.025772,0,2,82,75
4/14/2021,14:00:00,11.7,85,0.94,1619.173056,0,2,82,75
4/14/2021,15:00:00,11.7,78,0.94,1485.829393,0,2,79,82
4/14/2021,16:00:00,11.8,79,0.94,1517.740697,0,2,79,82
4/14/2021,17:00:00,11.8,79,0.94,1517.740697,0,2,79,82
4/14/2021,18:00:00,11.8,54,0.94,1037.443008,0,2,80,65
4/14/2021,19:00:00,11.8,54,0.94,1037.443008,0,2,80,65
4/14/2021,20:00:00,11.8,51,0.94,979.8072854,0,2,80,65
4/14/2021,21:00:00,11.8,47,0.94,902.9596552,0,2,77,66
4/14/2021,22:00:00,11.8,44,0.94,845.3239325,0,2,77,66
4/14/2021,23:00:00,11.8,40,0.94,768.4763023,0,2,77,66
4/15/2021,0:00:00,11.7,77,0.98,1529.196481,0,2,81,59
4/15/2021,1:00:00,11.7,77,0.98,1529.196481,0,2,81,59
4/15/2021,2:00:00,11.7,77,0.98,1529.196481,0,2,81,59
4/15/2021,3:00:00,11.7,77,0.98,1529.196481,0,2,92,40
4/15/2021,4:00:00,11.6,82,0.98,1614.576194,0,2,92,40
4/15/2021,5:00:00,11.7,64,0.98,1271.020452,0,2,92,40
4/15/2021,6:00:00,11.4,67,0.98,1296.481599,0,2,99,38
4/15/2021,7:00:00,11.4,66,0.98,1277.131127,0,2,99,38
4/15/2021,8:00:00,11.3,100,0.98,1918.073064,0,2,99,38
4/15/2021,9:00:00,11.5,101,0.98,1971.541473,0,2,95,40
4/15/2021,10:00:00,11.5,102,0.98,1991.061685,0,2,95,40
4/15/2021,11:00:00,11.6,96,0.98,1890.235544,0,2,95,40
4/15/2021,12:00:00,11.6,94,0.98,1850.855637,0,2,80,66
4/15/2021,13:00:00,11.6,94,0.98,1850.855637,0,2,80,66
4/15/2021,14:00:00,11.6,94,0.98,1850.855637,0,2,80,66
4/15/2021,15:00:00,11.5,90,0.98,1756.819134,0,2,80,67
4/15/2021,16:00:00,11.4,98,0.98,1896.346219,0,2,80,67
4/15/2021,17:00:00,11.5,92,0.98,1795.859559,0,2,80,67
4/15/2021,18:00:00,11.6,53,0.98,1043.56754,0,2,80,56
4/15/2021,19:00:00,11.7,58,0.98,1151.862284,0,2,80,56
4/15/2021,20:00:00,11.6,55,0.98,1082.947447,0,2,80,56
4/15/2021,21:00:00,11.6,47,0.98,925.4278183,0,2,75,83
4/15/2021,22:00:00,11.6,44,0.98,866.3579575,0,2,75,83
4/15/2021,23:00:00,11.6,40,0.98,787.5981432,0,2,75,83
4/16/2021,0:00:00,11.8,80,0.99,1618.705403,0,2,83,74
4/16/2021,1:00:00,11.8,80,0.99,1618.705403,0,2,83,74
4/16/2021,2:00:00,11.8,80,0.99,1618.705403,0,2,83,74
4/16/2021,3:00:00,11.8,80,0.99,1618.705403,0,2,94,58
4/16/2021,4:00:00,11.6,82,0.99,1631.051461,0,2,94,58
4/16/2021,5:00:00,11.5,85,0.99,1676.148868,0,2,94,58
4/16/2021,6:00:00,11.3,105,0.99,2034.5275,0,2,100,34
4/16/2021,7:00:00,11.3,118,0.99,2286.421381,0,2,100,34
4/16/2021,8:00:00,11.3,116,0.99,2247.668477,0,2,100,34
4/16/2021,9:00:00,11.3,120,0.99,2325.174286,0,2,98,42
4/16/2021,10:00:00,11.4,110,0.99,2150.271796,0,2,98,42
4/16/2021,11:00:00,11.3,104,0.99,2015.151048,0,2,98,42
4/16/2021,12:00:00,11.4,96,0.99,1876.60084,0,2,85,61
4/16/2021,13:00:00,11.5,95,0.99,1873.342852,0,2,85,61
4/16/2021,14:00:00,11.5,95,0.99,1873.342852,0,2,85,61
4/16/2021,15:00:00,11.4,102,0.99,1993.888392,0,2,81,68
4/16/2021,16:00:00,11.3,102,0.99,1976.398143,0,2,81,68
4/16/2021,17:00:00,11.4,97,0.99,1896.148765,0,2,81,68
4/16/2021,18:00:00,11.6,54,0.99,1074.10706,0,2,79,70
4/16/2021,19:00:00,11.6,54,0.99,1074.10706,0,2,79,70
4/16/2021,20:00:00,11.6,53,0.99,1054.216188,0,2,79,70
4/16/2021,21:00:00,11.6,47,0.99,934.8709593,0,2,80,82
4/16/2021,22:00:00,11.6,44,0.99,875.1983449,0,2,80,82
4/16/2021,23:00:00,11.6,42,0.99,835.4166019,0,2,80,82
4/17/2021,0:00:00,11.8,84,0.99,1699.640673,0,2,85,72
4/17/2021,1:00:00,11.8,84,0.99,1699.640673,0,2,85,72
4/17/2021,2:00:00,11.8,84,0.99,1699.640673,0,2,85,72
4/17/2021,3:00:00,11.8,86,0.99,1740.108308,0,2,94,55
4/17/2021,4:00:00,11.9,87,0.99,1775.260279,0,2,94,55
4/17/2021,5:00:00,11.5,98,0.99,1932.501048,0,2,94,55
4/17/2021,6:00:00,11.5,110,0.99,2169.133829,0,2,100,43
4/17/2021,7:00:00,11.3,104,0.99,2015.151048,0,2,100,43
4/17/2021,8:00:00,11.3,125,0.99,2422.056548,0,2,100,43
4/17/2021,9:00:00,11.3,126,0.99,2441.433,0,2,98,49
4/17/2021,10:00:00,11.4,127,0.99,2482.586528,0,2,98,49
4/17/2021,11:00:00,11.4,127,0.99,2482.586528,0,2,98,49
4/17/2021,12:00:00,11.4,115,0.99,2248.011423,0,2,87,65
4/17/2021,13:00:00,11.4,108,0.99,2111.175945,0,2,87,65
4/17/2021,14:00:00,11.4,107,0.99,2091.628019,0,2,87,65
4/17/2021,15:00:00,11.4,104,0.99,2032.984243,0,2,86,50
4/17/2021,16:00:00,11.4,109,0.99,2130.72387,0,2,86,50
4/17/2021,17:00:00,11.4,115,0.99,2248.011423,0,2,86,50
4/17/2021,18:00:00,11.6,56,0.99,1113.888803,0,2,83,73
4/17/2021,19:00:00,11.6,56,0.99,1113.888803,0,2,83,73
4/17/2021,20:00:00,11.6,54,0.99,1074.10706,0,2,83,73
4/17/2021,21:00:00,11.6,50,0.99,994.5435737,0,2,81,75
4/17/2021,22:00:00,11.6,45,0.99,895.0892163,0,2,81,75
4/17/2021,23:00:00,11.6,43,0.99,855.3074734,0,2,81,75
4/18/2021,0:00:00,11.7,89,0.94,1695.369436,1,2,87,67
4/18/2021,1:00:00,11.7,89,0.94,1695.369436,1,2,87,67
4/18/2021,2:00:00,11.7,89,0.94,1695.369436,1,2,87,67
4/18/2021,3:00:00,11.6,96,0.94,1813.083073,1,2,98,45
4/18/2021,4:00:00,11.5,103,0.94,1928.517331,1,2,98,45
4/18/2021,5:00:00,11.3,108,0.94,1986.967117,1,2,98,45
4/18/2021,6:00:00,11.2,126,0.94,2297.613894,1,2,103,39
4/18/2021,7:00:00,11.2,126,0.94,2297.613894,1,2,103,39
4/18/2021,8:00:00,11.2,130,0.94,2370.554017,1,2,103,39
4/18/2021,9:00:00,11.3,128,0.94,2354.923991,1,2,99,47
4/18/2021,10:00:00,11.4,121,0.94,2245.839431,1,2,99,47
4/18/2021,11:00:00,11.4,117,0.94,2171.596805,1,2,99,47
4/18/2021,12:00:00,11.2,118,0.94,2151.733646,1,2,86,67
4/18/2021,13:00:00,11.2,123,0.94,2242.908801,1,2,86,67
4/18/2021,14:00:00,11.2,128,0.94,2334.083955,1,2,86,67
4/18/2021,15:00:00,11.2,128,0.94,2334.083955,1,2,85,67
4/18/2021,16:00:00,11.2,138,0.94,2516.434264,1,2,85,67
4/18/2021,17:00:00,11.3,123,0.94,2262.934772,1,2,85,67
4/18/2021,18:00:00,11.7,54,0.94,1028.651118,1,2,81,65
4/18/2021,19:00:00,11.7,54,0.94,1028.651118,1,2,81,65
4/18/2021,20:00:00,11.7,54,0.94,1028.651118,1,2,81,65
4/18/2021,21:00:00,11.6,48,0.94,906.5415363,1,2,80,80
4/18/2021,22:00:00,11.6,44,0.94,830.9964083,1,2,80,80
4/18/2021,23:00:00,11.6,42,0.94,793.2238442,1,2,80,80
4/19/2021,0:00:00,11.4,98,0.93,1799.593861,0,2,88,69
4/19/2021,1:00:00,11.4,98,0.93,1799.593861,0,2,88,69
4/19/2021,2:00:00,11.4,98,0.93,1799.593861,0,2,88,69
4/19/2021,3:00:00,11.3,105,0.93,1911.222803,0,2,100,44
4/19/2021,4:00:00,11.3,110,0.93,2002.233413,0,2,100,44
4/19/2021,5:00:00,11.2,117,0.93,2110.801822,0,2,100,44
4/19/2021,6:00:00,11.2,105,0.93,1894.309327,0,2,107,29
4/19/2021,7:00:00,11.2,115,0.93,2074.719739,0,2,107,29
4/19/2021,8:00:00,11.2,150,0.93,2706.156182,0,2,107,29
4/19/2021,9:00:00,11.2,150,0.93,2706.156182,0,2,100,45
4/19/2021,10:00:00,11.3,138,0.93,2511.892827,0,2,100,45
4/19/2021,11:00:00,11.4,127,0.93,2332.126738,0,2,100,45
4/19/2021,12:00:00,11.5,123,0.93,2278.486857,0,2,90,53
4/19/2021,13:00:00,11.5,120,0.93,2222.914006,0,2,90,53
4/19/2021,14:00:00,11.5,120,0.93,2222.914006,0,2,90,53
4/19/2021,15:00:00,11.4,123,0.93,2258.673927,0,2,88,50
4/19/2021,16:00:00,11.3,133,0.93,2420.882218,0,2,88,50
4/19/2021,17:00:00,11.5,105,0.93,1945.049756,0,2,88,50
4/19/2021,18:00:00,11.6,52,0.93,971.6389338,0,2,83,77
4/19/2021,19:00:00,11.6,56,0.93,1046.38039,0,2,83,77
4/19/2021,20:00:00,11.6,54,0.93,1009.009662,0,2,83,77
4/19/2021,21:00:00,11.6,48,0.93,896.8974774,0,2,84,79
4/19/2021,22:00:00,11.6,45,0.93,840.841385,0,2,84,79
4/19/2021,23:00:00,11.6,44,0.93,822.1560209,0,2,84,79
4/20/2021,0:00:00,11.5,93,0.86,1593.088371,0,2,88,71
4/20/2021,1:00:00,11.5,93,0.86,1593.088371,0,2,88,71
4/20/2021,2:00:00,11.5,93,0.86,1593.088371,0,2,88,71
4/20/2021,3:00:00,11.5,98,0.86,1678.738284,0,2,97,51
4/20/2021,4:00:00,11.5,105,0.86,1798.648161,0,2,97,51
4/20/2021,5:00:00,11.5,120,0.86,2055.597898,0,2,97,51
4/20/2021,6:00:00,11.3,139,0.86,2339.657695,0,2,104,41
4/20/2021,7:00:00,11.3,147,0.86,2474.314253,0,2,104,41
4/20/2021,8:00:00,11.3,144,0.86,2423.818044,0,2,104,41
4/20/2021,9:00:00,11.3,145,0.86,2440.650113,0,2,101,41
4/20/2021,10:00:00,11.4,141,0.86,2394.324683,0,2,101,41
4/20/2021,11:00:00,11.4,138,0.86,2343.381604,0,2,101,41
4/20/2021,12:00:00,11.5,130,0.86,2226.897723,0,2,94,52
4/20/2021,13:00:00,11.5,127,0.86,2175.507776,0,2,94,52
4/20/2021,14:00:00,11.5,127,0.86,2175.507776,0,2,94,52
4/20/2021,15:00:00,11.4,126,0.86,2139.609291,0,2,91,54
4/20/2021,16:00:00,11.3,136,0.86,2289.161486,0,2,91,54
4/20/2021,17:00:00,11.5,132,0.86,2261.157688,0,2,91,54
4/20/2021,18:00:00,11.6,55,0.86,950.3416371,0,2,87,61
4/20/2021,19:00:00,11.7,58,0.86,1010.817923,0,2,87,61
4/20/2021,20:00:00,11.6,56,0.86,967.620576,0,2,87,61
4/20/2021,21:00:00,11.6,50,0.86,863.9469428,0,2,80,75
4/20/2021,22:00:00,11.6,44,0.86,760.2733097,0,2,80,75
4/20/2021,23:00:00,11.6,42,0.86,725.715432,0,2,80,75
4/21/2021,0:00:00,11.5,90,0.69,1236.944084,0,2,89,68
4/21/2021,1:00:00,11.5,90,0.69,1236.944084,0,2,89,68
4/21/2021,2:00:00,11.5,90,0.69,1236.944084,0,2,89,68
4/21/2021,3:00:00,11.4,93,0.69,1267.060984,0,2,97,51
4/21/2021,4:00:00,11.3,98,0.69,1323.470414,0,2,97,51
4/21/2021,5:00:00,11.3,106,0.69,1431.508816,0,2,97,51
4/21/2021,6:00:00,11.2,128,0.69,1713.316946,0,2,102,40
4/21/2021,7:00:00,11.3,139,0.69,1877.16722,0,2,102,40
4/21/2021,8:00:00,11.2,133,0.69,1780.243389,0,2,102,40
4/21/2021,9:00:00,11.2,134,0.69,1793.628678,0,2,99,47
4/21/2021,10:00:00,11.3,132,0.69,1782.633619,0,2,99,47
4/21/2021,11:00:00,11.3,122,0.69,1647.585618,0,2,99,47
4/21/2021,12:00:00,11.4,122,0.69,1662.166022,0,2,84,84
4/21/2021,13:00:00,11.6,118,0.69,1635.87349,0,2,84,84
4/21/2021,14:00:00,11.3,111,0.69,1499.032816,0,2,84,84
4/21/2021,15:00:00,11.3,134,0.69,1809.64322,0,2,80,78
4/21/2021,16:00:00,11.5,129,0.69,1772.953187,0,2,80,78
4/21/2021,17:00:00,11.6,124,0.69,1719.053498,0,2,80,78
4/21/2021,18:00:00,11.6,56,0.69,776.3467412,0,2,84,89
4/21/2021,19:00:00,11.6,54,0.69,748.6200718,0,2,84,89
4/21/2021,20:00:00,11.6,52,0.69,720.8934025,0,2,84,89
4/21/2021,21:00:00,11.6,49,0.69,679.3033985,0,2,76,83
4/21/2021,22:00:00,11.6,46,0.69,637.7133945,0,2,76,83
4/21/2021,23:00:00,11.6,42,0.69,582.2600559,0,2,76,83
4/22/2021,0:00:00,11.6,40,0.87,699.19427,0,2,85,64
4/22/2021,1:00:00,11.6,40,0.87,699.19427,0,2,85,64
4/22/2021,2:00:00,11.6,40,0.87,699.19427,0,2,85,64
4/22/2021,3:00:00,11.5,40,0.87,693.1667332,0,2,94,56
4/22/2021,4:00:00,11.5,40,0.87,693.1667332,0,2,94,56
4/22/2021,5:00:00,11.3,65,0.87,1106.806447,0,2,94,56
4/22/2021,6:00:00,11.4,93,0.87,1597.598632,0,2,98,43
4/22/2021,7:00:00,11.4,102,0.87,1752.204951,0,2,98,43
4/22/2021,8:00:00,11.4,108,0.87,1855.27583,0,2,98,43
4/22/2021,9:00:00,11.3,92,0.87,1566.556817,0,2,92,53
4/22/2021,10:00:00,11.3,102,0.87,1736.834732,0,2,92,53
4/22/2021,11:00:00,11.4,100,0.87,1717.847991,0,2,92,53
4/22/2021,12:00:00,11.4,100,0.87,1717.847991,0,2,86,62
4/22/2021,13:00:00,11.4,92,0.87,1580.420152,0,2,86,62
4/22/2021,14:00:00,11.3,91,0.87,1549.529026,0,2,86,62
4/22/2021,15:00:00,11.3,91,0.87,1549.529026,0,2,80,79
4/22/2021,16:00:00,11.3,99,0.87,1685.751357,0,2,80,79
4/22/2021,17:00:00,11.5,91,0.87,1576.954318,0,2,80,79
4/22/2021,18:00:00,11.7,56,0.87,987.3105295,0,2,78,80
4/22/2021,19:00:00,11.7,58,0.87,1022.57162,0,2,78,80
4/22/2021,20:00:00,11.6,52,0.87,908.952551,0,2,78,80
4/22/2021,21:00:00,11.6,49,0.87,856.5129807,0,2,78,88
4/22/2021,22:00:00,11.7,46,0.87,811.0050778,0,2,78,88
4/22/2021,23:00:00,11.7,43,0.87,758.1134423,0,2,78,88
4/23/2021,0:00:00,11.7,70,0.86,1219.952666,0,2,87,70
4/23/2021,1:00:00,11.7,69,0.86,1202.524771,0,2,87,70
4/23/2021,2:00:00,11.7,69,0.86,1202.524771,0,2,87,70
4/23/2021,3:00:00,11.6,69,0.86,1192.246781,0,2,96,49
4/23/2021,4:00:00,11.5,75,0.86,1284.748687,0,2,96,49
4/23/2021,5:00:00,11.4,82,0.86,1392.444142,0,2,96,49
4/23/2021,6:00:00,11.3,94,0.86,1582.214556,0,2,102,36
4/23/2021,7:00:00,11.3,106,0.86,1784.199393,0,2,102,36
4/23/2021,8:00:00,11.3,107,0.86,1801.031463,0,2,102,36
4/23/2021,9:00:00,11.3,102,0.86,1716.871114,0,2,95,38
4/23/2021,10:00:00,11.3,108,0.86,1817.863533,0,2,95,38
4/23/2021,11:00:00,11.3,108,0.86,1817.863533,0,2,95,38
4/23/2021,12:00:00,11.4,102,0.86,1732.064664,0,2,87,61
4/23/2021,13:00:00,11.5,102,0.86,1747.258214,0,2,87,61
4/23/2021,14:00:00,11.5,93,0.86,1593.088371,0,2,87,61
4/23/2021,15:00:00,11.4,85,0.86,1443.38722,0,2,86,61
4/23/2021,16:00:00,11.3,102,0.86,1716.871114,0,2,86,61
4/23/2021,17:00:00,11.6,92,0.86,1589.662375,0,2,86,61
4/23/2021,18:00:00,11.7,56,0.86,975.9621326,0,2,82,80
4/23/2021,19:00:00,11.7,55,0.86,958.5342374,0,2,82,80
4/23/2021,20:00:00,11.7,52,0.86,906.2505517,0,2,82,80
4/23/2021,21:00:00,11.7,49,0.86,853.9668661,0,2,78,80
4/23/2021,22:00:00,11.7,46,0.86,801.6831804,0,2,78,80
4/23/2021,23:00:00,11.7,42,0.86,731.9715995,0,2,78,80
4/24/2021,0:00:00,11.6,71,0.85,1212.539488,0,2,89,69
4/24/2021,1:00:00,11.6,71,0.85,1212.539488,0,2,89,69
4/24/2021,2:00:00,11.6,71,0.85,1212.539488,0,2,89,69
4/24/2021,3:00:00,11.6,71,0.85,1212.539488,0,2,98,45
4/24/2021,4:00:00,11.5,79,0.85,1337.532935,0,2,98,45
4/24/2021,5:00:00,11.5,87,0.85,1472.979308,0,2,98,45
4/24/2021,6:00:00,11.4,107,0.85,1795.842239,0,2,105,27
4/24/2021,7:00:00,11.3,112,0.85,1863.270977,0,2,105,27
4/24/2021,8:00:00,11.3,112,0.85,1863.270977,0,2,105,27
4/24/2021,9:00:00,11.4,98,0.85,1644.790088,0,2,99,46
4/24/2021,10:00:00,11.4,98,0.85,1644.790088,0,2,99,46
4/24/2021,11:00:00,11.4,101,0.85,1695.140805,0,2,99,46
4/24/2021,12:00:00,11.5,101,0.85,1710.010461,0,2,86,61
4/24/2021,13:00:00,11.5,94,0.85,1591.494885,0,2,86,61
4/24/2021,14:00:00,11.5,94,0.85,1591.494885,0,2,86,61
4/24/2021,15:00:00,11.4,95,0.85,1594.439371,0,2,81,68
4/24/2021,16:00:00,11.3,104,0.85,1730.180193,0,2,81,68
4/24/2021,17:00:00,11.6,38,0.85,648.9647966,0,2,81,68
4/24/2021,18:00:00,11.6,55,0.85,939.2911529,0,2,83,70
4/24/2021,19:00:00,11.6,55,0.85,939.2911529,0,2,83,70
4/24/2021,20:00:00,11.7,54,0.85,930.1632452,0,2,83,70
4/24/2021,21:00:00,11.7,49,0.85,844.0370188,0,2,78,80
4/24/2021,22:00:00,11.7,46,0.85,792.3612829,0,2,78,80
4/24/2021,23:00:00,11.8,43,0.85,747.0161928,0,2,78,80
4/25/2021,0:00:00,11.6,78,0.86,1347.757231,1,2,89,67
4/25/2021,1:00:00,11.6,78,0.86,1347.757231,1,2,89,67
4/25/2021,2:00:00,11.6,78,0.86,1347.757231,1,2,89,67
4/25/2021,3:00:00,11.6,80,0.86,1382.315109,1,2,99,48
4/25/2021,4:00:00,11.5,84,0.86,1438.918529,1,2,99,48
4/25/2021,5:00:00,11.5,89,0.86,1524.568441,1,2,99,48
4/25/2021,6:00:00,11.4,98,0.86,1664.14056,1,2,103,39
4/25/2021,7:00:00,11.4,116,0.86,1969.79903,1,2,103,39
4/25/2021,8:00:00,11.4,115,0.86,1952.818004,1,2,103,39
4/25/2021,9:00:00,11.4,118,0.86,2003.761082,1,2,102,39
4/25/2021,10:00:00,11.4,107,0.86,1816.969795,1,2,102,39
4/25/2021,11:00:00,11.4,110,0.86,1867.912873,1,2,102,39
4/25/2021,12:00:00,11.4,105,0.86,1783.007742,1,2,92,53
4/25/2021,13:00:00,11.4,105,0.86,1783.007742,1,2,92,53
4/25/2021,14:00:00,11.4,100,0.86,1698.102612,1,2,92,53
4/25/2021,15:00:00,11.4,111,0.86,1884.893899,1,2,84,64
4/25/2021,16:00:00,11.5,113,0.86,1935.688021,1,2,84,64
4/25/2021,17:00:00,11.5,96,0.86,1644.478319,1,2,84,64
4/25/2021,18:00:00,11.7,54,0.86,941.1063422,1,2,80,75
4/25/2021,19:00:00,11.7,56,0.86,975.9621326,1,2,80,75
4/25/2021,20:00:00,11.6,53,0.86,915.7837594,1,2,80,75
4/25/2021,21:00:00,11.6,49,0.86,846.668004,1,2,81,69
4/25/2021,22:00:00,11.6,46,0.86,794.8311874,1,2,81,69
4/25/2021,23:00:00,11.6,43,0.86,742.9943708,1,2,81,69
4/26/2021,0:00:00,11.6,73,0.92,1349.364574,0,2,90,53
4/26/2021,1:00:00,11.6,73,0.92,1349.364574,0,2,90,53
4/26/2021,2:00:00,11.6,73,0.92,1349.364574,0,2,90,53
4/26/2021,3:00:00,11.6,73,0.92,1349.364574,0,2,100,36
4/26/2021,4:00:00,11.6,76,0.92,1404.817913,0,2,100,36
4/26/2021,5:00:00,11.4,89,0.92,1616.751649,0,2,100,36
4/26/2021,6:00:00,11.3,110,0.92,1980.704022,0,2,103,27
4/26/2021,7:00:00,11.3,121,0.92,2178.774424,0,2,103,27
4/26/2021,8:00:00,11.3,116,0.92,2088.742423,0,2,103,27
4/26/2021,9:00:00,11.3,111,0.92,1998.710422,0,2,100,31
4/26/2021,10:00:00,11.3,110,0.92,1980.704022,0,2,100,31
4/26/2021,11:00:00,11.3,110,0.92,1980.704022,0,2,100,31
4/26/2021,12:00:00,11.4,104,0.92,1889.237882,0,2,89,50
4/26/2021,13:00:00,11.3,89,0.92,1602.569617,0,2,89,50
4/26/2021,14:00:00,11.5,78,0.92,1429.357608,0,2,89,50
4/26/2021,15:00:00,11.6,78,0.92,1441.786805,0,2,87,43
4/26/2021,16:00:00,11.6,96,0.92,1774.506837,0,2,87,43
4/26/2021,17:00:00,11.7,85,0.92,1584.722566,0,2,87,43
4/26/2021,18:00:00,11.7,54,0.92,1006.764924,0,2,82,67
4/26/2021,19:00:00,11.7,52,0.92,969.4773344,0,2,82,67
4/26/2021,20:00:00,11.7,50,0.92,932.1897446,0,2,82,67
4/26/2021,21:00:00,11.7,47,0.92,876.25836,0,2,82,44
4/26/2021,22:00:00,11.6,44,0.92,813.3156336,0,2,82,44
4/26/2021,23:00:00,11.6,42,0.92,776.3467412,0,2,82,44
4/27/2021,0:00:00,11.7,61,0.97,1199.079722,0,2,84,63
4/27/2021,1:00:00,11.7,61,0.97,1199.079722,0,2,84,63
4/27/2021,2:00:00,11.7,61,0.97,1199.079722,0,2,84,63
4/27/2021,3:00:00,11.7,61,0.97,1199.079722,0,2,93,45
4/27/2021,4:00:00,11.6,72,0.97,1403.210569,0,2,93,45
4/27/2021,5:00:00,11.3,82,0.97,1556.77073,0,2,93,45
4/27/2021,6:00:00,11.4,88,0.97,1685.465569,0,2,102,28
4/27/2021,7:00:00,11.4,90,0.97,1723.771605,0,2,102,28
4/27/2021,8:00:00,11.4,91,0.97,1742.924623,0,2,102,28
4/27/2021,9:00:00,11.4,90,0.97,1723.771605,0,2,97,42
4/27/2021,10:00:00,11.4,87,0.97,1666.312551,0,2,97,42
4/27/2021,11:00:00,11.4,87,0.97,1666.312551,0,2,97,42
4/27/2021,12:00:00,11.5,85,0.97,1642.287274,0,2,85,56
4/27/2021,13:00:00,11.5,81,0.97,1565.003167,0,2,85,56
4/27/2021,14:00:00,11.5,81,0.97,1565.003167,0,2,85,56
4/27/2021,15:00:00,11.4,84,0.97,1608.853498,0,2,80,65
4/27/2021,16:00:00,11.4,84,0.97,1608.853498,0,2,80,65
4/27/2021,17:00:00,11.4,84,0.97,1608.853498,0,2,80,65
4/27/2021,18:00:00,11.7,58,0.97,1140.108588,0,2,86,43
4/27/2021,19:00:00,11.7,56,0.97,1100.794498,0,2,86,43
4/27/2021,20:00:00,11.7,53,0.97,1041.823365,0,2,86,43
4/27/2021,21:00:00,11.7,50,0.97,982.8522308,0,2,78,78
4/27/2021,22:00:00,11.7,46,0.97,904.2240523,0,2,78,78
4/27/2021,23:00:00,11.7,42,0.97,825.5958738,0,2,78,78
4/28/2021,0:00:00,11.8,61,0.98,1221.795568,0,2,89,56
4/28/2021,1:00:00,11.8,61,0.98,1221.795568,0,2,89,56
4/28/2021,2:00:00,11.8,61,0.98,1221.795568,0,2,89,56
4/28/2021,3:00:00,11.7,64,0.98,1271.020452,0,2,100,31
4/28/2021,4:00:00,11.6,66,0.98,1299.536936,0,2,100,31
4/28/2021,5:00:00,11.6,57,0.98,1122.327354,0,2,100,31
4/28/2021,6:00:00,11.6,63,0.98,1240.467076,0,2,106,23
4/28/2021,7:00:00,11.6,72,0.98,1417.676658,0,2,106,23
4/28/2021,8:00:00,11.6,96,0.98,1890.235544,0,2,106,23
4/28/2021,9:00:00,11.5,84,0.98,1639.697859,0,2,102,40
4/28/2021,10:00:00,11.5,81,0.98,1581.137221,0,2,102,40
4/28/2021,11:00:00,11.5,80,0.98,1561.617008,0,2,102,40
4/28/2021,12:00:00,11.6,79,0.98,1555.506333,0,2,88,53
4/28/2021,13:00:00,11.6,78,0.98,1535.816379,0,2,88,53
4/28/2021,14:00:00,11.5,80,0.98,1561.617008,0,2,88,53
4/28/2021,15:00:00,11.4,86,0.98,1664.14056,0,2,84,58
4/28/2021,16:00:00,11.4,89,0.98,1722.191974,0,2,84,58
4/28/2021,17:00:00,11.6,80,0.98,1575.196286,0,2,84,58
4/28/2021,18:00:00,11.7,57,0.98,1132.00259,0,2,83,58
4/28/2021,19:00:00,11.7,56,0.98,1112.142895,0,2,83,58
4/28/2021,20:00:00,11.7,55,0.98,1092.283201,0,2,83,58
4/28/2021,21:00:00,11.7,50,0.98,992.984728,0,2,79,69
4/28/2021,22:00:00,11.7,46,0.98,913.5459497,0,2,79,69
4/28/2021,23:00:00,11.7,42,0.98,834.1071715,0,2,79,69
4/29/2021,0:00:00,11.8,58,0.96,1137.99895,0,2,91,52
4/29/2021,1:00:00,11.8,58,0.96,1137.99895,0,2,91,52
4/29/2021,2:00:00,11.8,58,0.96,1137.99895,0,2,91,52
4/29/2021,3:00:00,11.8,58,0.96,1137.99895,0,2,100,36
4/29/2021,4:00:00,11.7,61,0.96,1186.718075,0,2,100,36
4/29/2021,5:00:00,11.6,70,0.96,1350.168246,0,2,100,36
4/29/2021,6:00:00,11.5,79,0.96,1510.625432,0,2,106,25
4/29/2021,7:00:00,11.5,88,0.96,1682.722001,0,2,106,25
4/29/2021,8:00:00,11.4,91,0.96,1724.956327,0,2,106,25
4/29/2021,9:00:00,11.4,95,0.96,1800.778584,0,2,102,34
4/29/2021,10:00:00,11.5,78,0.96,1491.503591,0,2,102,34
4/29/2021,11:00:00,11.5,67,0.96,1281.163341,0,2,102,34
4/29/2021,12:00:00,11.5,76,0.96,1453.25991,0,2,89,40
4/29/2021,13:00:00,11.5,79,0.96,1510.625432,0,2,89,40
4/29/2021,14:00:00,11.5,83,0.96,1587.112796,0,2,89,40
4/29/2021,15:00:00,11.5,83,0.96,1587.112796,0,2,83,54
4/29/2021,16:00:00,11.6,75,0.96,1446.608834,0,2,83,54
4/29/2021,17:00:00,11.6,70,0.96,1350.168246,0,2,83,54
4/29/2021,18:00:00,11.7,55,0.96,1069.991707,0,2,83,61
4/29/2021,19:00:00,11.7,56,0.96,1089.446102,0,2,83,61
4/29/2021,20:00:00,11.7,55,0.96,1069.991707,0,2,83,61
4/29/2021,21:00:00,11.7,50,0.96,972.7197335,0,2,78,67
4/29/2021,22:00:00,11.7,46,0.96,894.9021548,0,2,78,67
4/29/2021,23:00:00,11.7,42,0.96,817.0845762,0,2,78,67
4/30/2021,0:00:00,11.8,58,0.96,1137.99895,0,2,89,49
4/30/2021,1:00:00,11.8,58,0.96,1137.99895,0,2,89,49
4/30/2021,2:00:00,11.8,58,0.96,1137.99895,0,2,89,49
4/30/2021,3:00:00,11.8,58,0.96,1137.99895,0,2,100,40
4/30/2021,4:00:00,11.7,58,0.96,1128.354891,0,2,100,40
4/30/2021,5:00:00,11.7,58,0.96,1128.354891,0,2,100,40
4/30/2021,6:00:00,11.6,78,0.96,1504.473188,0,2,104,29
4/30/2021,7:00:00,11.6,79,0.96,1523.761306,0,2,104,29
4/30/2021,8:00:00,11.5,84,0.96,1606.234637,0,2,104,29
4/30/2021,9:00:00,11.5,88,0.96,1682.722001,0,2,101,38
4/30/2021,10:00:00,11.5,86,0.96,1644.478319,0,2,101,38
4/30/2021,11:00:00,11.5,80,0.96,1529.747273,0,2,101,38
4/30/2021,12:00:00,11.6,77,0.96,1485.18507,0,2,93,50
4/30/2021,13:00:00,11.6,77,0.96,1485.18507,0,2,93,50
4/30/2021,14:00:00,11.6,77,0.96,1485.18507,0,2,93,50
4/30/2021,15:00:00,11.6,81,0.96,1562.337541,0,2,89,57
4/30/2021,16:00:00,11.5,85,0.96,1625.356478,0,2,89,57
4/30/2021,17:00:00,11.6,65,0.96,1253.727657,0,2,89,57
4/30/2021,18:00:00,11.7,56,0.96,1089.446102,0,2,82,59
4/30/2021,19:00:00,11.7,56,0.96,1089.446102,0,2,82,59
4/30/2021,20:00:00,11.7,55,0.96,1069.991707,0,2,82,59
4/30/2021,21:00:00,11.7,50,0.96,972.7197335,0,2,80,80
4/30/2021,22:00:00,11.7,46,0.96,894.9021548,0,2,80,80
4/30/2021,23:00:00,11.7,42,0.96,817.0845762,0,2,80,80
5/1/2021,0:00:00,11.8,56,0.96,1098.757607,0,2,90,59
5/1/2021,1:00:00,11.8,56,0.96,1098.757607,0,2,90,59
5/1/2021,2:00:00,11.7,64,0.96,1245.081259,0,2,90,59
5/1/2021,3:00:00,11.6,64,0.96,1234.439539,0,2,98,44
5/1/2021,4:00:00,11.6,64,0.96,1234.439539,0,2,98,44
5/1/2021,5:00:00,11.6,67,0.96,1292.303892,0,2,98,44
5/1/2021,6:00:00,11.7,67,0.96,1303.444443,0,2,100,40
5/1/2021,7:00:00,11.7,76,0.96,1478.533995,0,2,100,40
5/1/2021,8:00:00,11.6,85,0.96,1639.490012,0,2,100,40
5/1/2021,9:00:00,11.6,82,0.96,1581.625659,0,2,97,44
5/1/2021,10:00:00,11.6,77,0.96,1485.18507,0,2,97,44
5/1/2021,11:00:00,11.6,75,0.96,1446.608834,0,2,97,44
5/1/2021,12:00:00,11.6,75,0.96,1446.608834,0,2,91,49
5/1/2021,13:00:00,11.7,77,0.96,1497.98839,0,2,91,49
5/1/2021,14:00:00,11.7,72,0.96,1400.716416,0,2,91,49
5/1/2021,15:00:00,11.5,83,0.96,1587.112796,0,2,89,55
5/1/2021,16:00:00,11.4,94,0.96,1781.82302,0,2,89,55
5/1/2021,17:00:00,11.6,75,0.96,1446.608834,0,2,89,55
5/1/2021,18:00:00,11.7,56,0.96,1089.446102,0,2,87,62
5/1/2021,19:00:00,11.7,56,0.96,1089.446102,0,2,87,62
5/1/2021,20:00:00,11.7,54,0.96,1050.537312,0,2,87,62
5/1/2021,21:00:00,11.7,51,0.96,992.1741282,0,2,78,70
5/1/2021,22:00:00,11.7,45,0.96,875.4477602,0,2,78,70
5/1/2021,23:00:00,11.7,44,0.96,855.9933655,0,2,78,70
5/2/2021,0:00:00,11.8,62,0.98,1241.825003,1,2,88,53
5/2/2021,1:00:00,11.8,64,0.98,1281.883874,1,2,88,53
5/2/2021,2:00:00,11.8,64,0.98,1281.883874,1,2,88,53
5/2/2021,3:00:00,11.8,64,0.98,1281.883874,1,2,96,47
5/2/2021,4:00:00,11.7,64,0.98,1271.020452,1,2,96,47
5/2/2021,5:00:00,11.8,58,0.98,1161.707261,1,2,96,47
5/2/2021,6:00:00,11.6,61,0.98,1201.087168,1,2,96,47
5/2/2021,7:00:00,11.5,73,0.98,1424.97552,1,2,96,47
5/2/2021,8:00:00,11.5,83,0.98,1620.177646,1,2,96,47
5/2/2021,9:00:00,11.5,77,0.98,1503.05637,1,2,90,56
5/2/2021,10:00:00,11.6,76,0.98,1496.436472,1,2,90,56
5/2/2021,11:00:00,11.6,82,0.98,1614.576194,1,2,90,56
5/2/2021,12:00:00,11.6,78,0.98,1535.816379,1,2,90,53
5/2/2021,13:00:00,11.6,78,0.98,1535.816379,1,2,90,53
5/2/2021,14:00:00,11.6,78,0.98,1535.816379,1,2,90,53
5/2/2021,15:00:00,11.6,74,0.98,1457.056565,1,2,87,47
5/2/2021,16:00:00,11.5,78,0.98,1522.576583,1,2,87,47
5/2/2021,17:00:00,11.6,72,0.98,1417.676658,1,2,87,47
5/2/2021,18:00:00,11.7,52,0.98,1032.704117,1,2,85,61
5/2/2021,19:00:00,11.7,54,0.98,1072.423506,1,2,85,61
5/2/2021,20:00:00,11.7,54,0.98,1072.423506,1,2,85,61
5/2/2021,21:00:00,11.7,51,0.98,1012.844423,1,2,79,74
5/2/2021,22:00:00,11.7,45,0.98,893.6862552,1,2,79,74
5/2/2021,23:00:00,11.7,44,0.98,873.8265606,1,2,79,74
5/3/2021,0:00:00,11.8,56,0.96,1098.757607,0,2,82,77
5/3/2021,1:00:00,11.7,36,0.96,700.3582081,0,2,82,77
5/3/2021,2:00:00,11.7,36,0.96,700.3582081,0,2,82,77
5/3/2021,3:00:00,11.7,36,0.96,700.3582081,0,2,95,44
5/3/2021,4:00:00,11.7,36,0.96,700.3582081,0,2,95,44
5/3/2021,5:00:00,11.7,36,0.96,700.3582081,0,2,95,44
5/3/2021,6:00:00,11.6,65,0.96,1253.727657,0,2,100,35
5/3/2021,7:00:00,11.8,60,0.96,1177.240293,0,2,100,35
5/3/2021,8:00:00,11.7,62,0.96,1206.17247,0,2,100,35
5/3/2021,9:00:00,11.6,63,0.96,1215.151421,0,2,96,41
5/3/2021,10:00:00,11.6,60,0.96,1157.287068,0,2,96,41
5/3/2021,11:00:00,11.7,60,0.96,1167.26368,0,2,96,41
5/3/2021,12:00:00,11.8,61,0.96,1196.860964,0,2,88,55
5/3/2021,13:00:00,11.8,58,0.96,1137.99895,0,2,88,55
5/3/2021,14:00:00,11.8,60,0.96,1177.240293,0,2,88,55
5/3/2021,15:00:00,11.8,63,0.96,1236.102308,0,2,86,58
5/3/2021,16:00:00,11.7,65,0.96,1264.535654,0,2,86,58
5/3/2021,17:00:00,11.8,60,0.96,1177.240293,0,2,86,58
5/3/2021,18:00:00,11.7,53,0.96,1031.082918,0,2,80,75
5/3/2021,19:00:00,11.7,54,0.96,1050.537312,0,2,80,75
5/3/2021,20:00:00,11.7,55,0.96,1069.991707,0,2,80,75
5/3/2021,21:00:00,11.7,54,0.96,1050.537312,0,2,80,75
5/3/2021,22:00:00,11.7,50,0.96,972.7197335,0,2,88,63
5/3/2021,23:00:00,11.7,48,0.96,933.8109442,0,2,88,63
5/4/2021,0:00:00,11.8,56,0.94,1075.866823,0,2,88,63
5/4/2021,1:00:00,11.8,56,0.94,1075.866823,0,2,88,63
5/4/2021,2:00:00,11.8,56,0.94,1075.866823,0,2,88,63
5/4/2021,3:00:00,11.7,58,0.94,1104.847497,0,2,97,46
5/4/2021,4:00:00,11.6,62,0.94,1170.949484,0,2,97,46
5/4/2021,5:00:00,11.5,65,0.94,1217.0255,0,2,97,46
5/4/2021,6:00:00,11.6,65,0.94,1227.60833,0,2,101,42
5/4/2021,7:00:00,11.8,75,0.94,1440.893067,0,2,101,42
5/4/2021,8:00:00,11.6,72,0.94,1359.812304,0,2,101,42
5/4/2021,9:00:00,11.5,73,0.94,1366.813254,0,2,98,46
5/4/2021,10:00:00,11.6,79,0.94,1492.016278,0,2,98,46
5/4/2021,11:00:00,11.8,69,0.94,1325.621621,0,2,98,46
5/4/2021,12:00:00,11.8,65,0.94,1248.773991,0,2,91,58
5/4/2021,13:00:00,11.8,65,0.94,1248.773991,0,2,91,58
5/4/2021,14:00:00,11.7,70,0.94,1333.436635,0,2,91,58
5/4/2021,15:00:00,11.7,70,0.94,1333.436635,0,2,89,57
5/4/2021,16:00:00,11.6,80,0.94,1510.90256,0,2,89,57
5/4/2021,17:00:00,11.6,68,0.94,1284.267176,0,2,89,57
5/4/2021,18:00:00,11.7,55,0.94,1047.700213,0,2,78,77
5/4/2021,19:00:00,11.7,55,0.94,1047.700213,0,2,78,77
5/4/2021,20:00:00,11.7,49,0.94,933.4056443,0,2,78,77
5/4/2021,21:00:00,11.7,45,0.94,857.2092652,0,2,82,77
5/4/2021,22:00:00,11.7,44,0.94,838.1601704,0,2,82,77
5/4/2021,23:00:00,11.7,43,0.94,819.1110756,0,2,82,77
5/5/2021,0:00:00,11.8,61,0.94,1171.926361,0,2,85,80
5/5/2021,1:00:00,11.8,61,0.94,1171.926361,0,2,85,80
5/5/2021,2:00:00,11.8,61,0.94,1171.926361,0,2,85,80
5/5/2021,3:00:00,11.8,61,0.94,1171.926361,0,2,91,60
5/5/2021,4:00:00,11.7,65,0.94,1238.191161,0,2,91,60
5/5/2021,5:00:00,11.7,58,0.94,1104.847497,0,2,91,60
5/5/2021,6:00:00,11.7,58,0.94,1104.847497,0,2,97,51
5/5/2021,7:00:00,11.8,73,0.94,1402.469252,0,2,97,51
5/5/2021,8:00:00,11.7,72,0.94,1371.534824,0,2,97,51
5/5/2021,9:00:00,11.7,76,0.94,1447.731203,0,2,99,51
5/5/2021,10:00:00,11.5,89,0.94,1666.388761,0,2,99,51
5/5/2021,11:00:00,11.6,83,0.94,1567.561406,0,2,99,51
5/5/2021,12:00:00,11.7,78,0.94,1485.829393,0,2,90,61
5/5/2021,13:00:00,11.7,78,0.94,1485.829393,0,2,90,61
5/5/2021,14:00:00,11.7,78,0.94,1485.829393,0,2,90,61
5/5/2021,15:00:00,11.6,74,0.94,1397.584868,0,2,86,65
5/5/2021,16:00:00,11.6,79,0.94,1492.016278,0,2,86,65
5/5/2021,17:00:00,11.7,78,0.94,1485.829393,0,2,86,65
5/5/2021,18:00:00,11.7,73,0.94,1390.583919,0,2,84,67
5/5/2021,19:00:00,11.7,73,0.94,1390.583919,0,2,84,67
5/5/2021,20:00:00,11.7,70,0.94,1333.436635,0,2,84,67
5/5/2021,21:00:00,11.7,70,0.94,1333.436635,0,2,84,67
5/5/2021,22:00:00,11.7,64,0.94,1219.142066,0,2,87,70
5/5/2021,23:00:00,11.7,58,0.94,1104.847497,0,2,87,70
5/6/2021,0:00:00,11.6,64,0.94,1208.722048,0,2,87,70
5/6/2021,1:00:00,11.6,51,0.94,963.2003823,0,2,87,70
5/6/2021,2:00:00,11.6,51,0.94,963.2003823,0,2,87,70
5/6/2021,3:00:00,11.6,51,0.94,963.2003823,0,2,99,48
5/6/2021,4:00:00,11.7,60,0.94,1142.945687,0,2,99,48
5/6/2021,5:00:00,11.6,63,0.94,1189.835766,0,2,99,48
5/6/2021,6:00:00,11.6,69,0.94,1303.153458,0,2,104,39
5/6/2021,7:00:00,11.7,73,0.94,1390.583919,0,2,104,39
5/6/2021,8:00:00,11.7,28,0.94,533.3746539,0,2,104,39
5/6/2021,9:00:00,11.7,30,0.94,571.4728434,0,2,99,46
5/6/2021,10:00:00,11.6,57,0.94,1076.518074,0,2,99,46
5/6/2021,11:00:00,11.6,91,0.94,1718.651663,0,2,99,46
5/6/2021,12:00:00,11.6,86,0.94,1624.220252,0,2,90,64
5/6/2021,13:00:00,11.7,82,0.94,1562.025772,0,2,90,64
5/6/2021,14:00:00,11.6,80,0.94,1510.90256,0,2,90,64
5/6/2021,15:00:00,11.6,78,0.94,1473.129996,0,2,88,65
5/6/2021,16:00:00,11.1,75,0.94,1355.416359,0,2,88,65
5/6/2021,17:00:00,11.7,70,0.94,1333.436635,0,2,88,65
5/6/2021,18:00:00,11.7,58,0.94,1104.847497,0,2,83,77
5/6/2021,19:00:00,11.7,56,0.94,1066.749308,0,2,83,77
5/6/2021,20:00:00,11.7,55,0.94,1047.700213,0,2,83,77
5/6/2021,21:00:00,11.7,54,0.94,1028.651118,0,2,83,67
5/6/2021,22:00:00,11.7,50,0.94,952.4547391,0,2,83,67
5/6/2021,23:00:00,11.7,44,0.94,838.1601704,0,2,83,67
5/7/2021,0:00:00,11.7,64,0.95,1232.111662,0,2,86,72
5/7/2021,1:00:00,11.7,62,0.95,1193.608173,0,2,86,72
5/7/2021,2:00:00,11.7,62,0.95,1193.608173,0,2,86,72
5/7/2021,3:00:00,11.7,61,0.95,1174.356428,0,2,94,55
5/7/2021,4:00:00,11.6,61,0.95,1164.319194,0,2,94,55
5/7/2021,5:00:00,11.6,76,0.95,1450.627192,0,2,94,55
5/7/2021,6:00:00,11.8,61,0.95,1184.393663,0,2,101,41
5/7/2021,7:00:00,11.7,70,0.95,1347.622131,0,2,101,41
5/7/2021,8:00:00,11.7,68,0.95,1309.118641,0,2,101,41
5/7/2021,9:00:00,11.7,72,0.95,1386.12562,0,2,97,51
5/7/2021,10:00:00,11.7,74,0.95,1424.62911,0,2,97,51
5/7/2021,11:00:00,11.6,88,0.95,1679.673591,0,2,97,51
5/7/2021,12:00:00,11.5,84,0.95,1589.503026,0,2,90,49
5/7/2021,13:00:00,11.5,76,0.95,1438.121786,0,2,90,49
5/7/2021,14:00:00,11.4,76,0.95,1425.616379,0,2,90,49
5/7/2021,15:00:00,11.4,76,0.95,1425.616379,0,2,88,58
5/7/2021,16:00:00,11.4,79,0.95,1481.890709,0,2,88,58
5/7/2021,17:00:00,11.4,75,0.95,1406.858268,0,2,88,58
5/7/2021,18:00:00,11.5,62,0.95,1173.204615,0,2,86,65
5/7/2021,19:00:00,11.6,60,0.95,1145.231994,0,2,86,65
5/7/2021,20:00:00,11.6,56,0.95,1068.883194,0,2,86,65
5/7/2021,21:00:00,11.6,54,0.95,1030.708795,0,2,85,69
5/7/2021,22:00:00,11.6,48,0.95,916.1855952,0,2,85,69
5/7/2021,23:00:00,11.5,44,0.95,832.5968232,0,2,85,69
5/8/2021,0:00:00,11.4,62,0.93,1138.518565,0,2,85,76
5/8/2021,1:00:00,11.4,62,0.93,1138.518565,0,2,85,76
5/8/2021,2:00:00,11.4,65,0.93,1193.608173,0,2,85,76
5/8/2021,3:00:00,11.4,69,0.93,1267.060984,0,2,94,59
5/8/2021,4:00:00,11.4,73,0.93,1340.513794,0,2,94,59
5/8/2021,5:00:00,11.5,77,0.93,1426.369821,0,2,94,59
5/8/2021,6:00:00,11.5,69,0.93,1278.175554,0,2,101,44
5/8/2021,7:00:00,11.5,68,0.93,1259.65127,0,2,101,44
5/8/2021,8:00:00,11.6,58,0.93,1083.751118,0,2,101,44
5/8/2021,9:00:00,11.6,69,0.93,1289.290124,0,2,100,43
5/8/2021,10:00:00,11.5,82,0.93,1518.991238,0,2,100,43
5/8/2021,11:00:00,11.5,78,0.93,1444.894104,0,2,100,43
5/8/2021,12:00:00,11.5,73,0.93,1352.272687,0,2,91,56
5/8/2021,13:00:00,11.5,73,0.93,1352.272687,0,2,91,56
5/8/2021,14:00:00,11.5,73,0.93,1352.272687,0,2,91,56
5/8/2021,15:00:00,11.4,82,0.93,1505.782618,0,2,89,65
5/8/2021,16:00:00,11.4,94,0.93,1726.14105,0,2,89,65
5/8/2021,17:00:00,11.5,80,0.93,1481.942671,0,2,89,65
5/8/2021,18:00:00,11.6,51,0.93,952.9535697,0,2,86,70
5/8/2021,19:00:00,11.6,57,0.93,1065.065754,0,2,86,70
5/8/2021,20:00:00,11.6,56,0.93,1046.38039,0,2,86,70
5/8/2021,21:00:00,11.6,54,0.93,1009.009662,0,2,83,77
5/8/2021,22:00:00,11.6,48,0.93,896.8974774,0,2,83,77
5/8/2021,23:00:00,11.7,43,0.93,810.397128,0,2,83,77
5/9/2021,0:00:00,11.7,67,0.98,1330.599535,1,2,89,68
5/9/2021,1:00:00,11.7,67,0.98,1330.599535,1,2,89,68
5/9/2021,2:00:00,11.7,67,0.98,1330.599535,1,2,89,68
5/9/2021,3:00:00,11.6,68,0.98,1338.916843,1,2,99,46
5/9/2021,4:00:00,11.6,68,0.98,1338.916843,1,2,99,46
5/9/2021,5:00:00,11.5,68,0.98,1327.374457,1,2,99,46
5/9/2021,6:00:00,11.6,33,0.98,649.7684682,1,2,102,40
5/9/2021,7:00:00,11.7,36,0.98,714.9490041,1,2,102,40
5/9/2021,8:00:00,11.6,42,0.98,826.9780504,1,2,102,40
5/9/2021,9:00:00,11.5,43,0.98,839.3691419,1,2,100,44
5/9/2021,10:00:00,11.5,43,0.98,839.3691419,1,2,100,44
5/9/2021,11:00:00,11.4,74,0.98,1431.9349,1,2,100,44
5/9/2021,12:00:00,11.6,66,0.98,1299.536936,1,2,93,56
5/9/2021,13:00:00,11.6,74,0.98,1457.056565,1,2,93,56
5/9/2021,14:00:00,11.5,82,0.98,1600.657433,1,2,93,56
5/9/2021,15:00:00,11.5,82,0.98,1600.657433,1,2,89,63
5/9/2021,16:00:00,11.4,87,0.98,1683.491031,1,2,89,63
5/9/2021,17:00:00,11.4,87,0.98,1683.491031,1,2,89,63
5/9/2021,18:00:00,11.7,55,0.98,1092.283201,1,2,86,66
5/9/2021,19:00:00,11.7,56,0.98,1112.142895,1,2,86,66
5/9/2021,20:00:00,11.6,56,0.98,1102.637401,1,2,86,66
5/9/2021,21:00:00,11.6,53,0.98,1043.56754,1,2,85,69
5/9/2021,22:00:00,11.6,46,0.98,905.7378647,1,2,85,69
5/9/2021,23:00:00,11.7,44,0.98,873.8265606,1,2,85,69
5/10/2021,0:00:00,11.9,57,0.99,1163.101562,0,2,90,66
5/10/2021,1:00:00,11.9,57,0.99,1163.101562,0,2,90,66
5/10/2021,2:00:00,11.9,57,0.99,1163.101562,0,2,90,66
5/10/2021,3:00:00,11.8,66,0.99,1335.431957,0,2,97,53
5/10/2021,4:00:00,11.8,72,0.99,1456.834862,0,2,97,53
5/10/2021,5:00:00,11.6,76,0.99,1511.706232,0,2,97,53
5/10/2021,6:00:00,11.6,70,0.99,1392.361003,0,2,104,41
5/10/2021,7:00:00,11.7,66,0.99,1324.114737,0,2,104,41
5/10/2021,8:00:00,11.6,67,0.99,1332.688389,0,2,104,41
5/10/2021,9:00:00,11.5,72,0.99,1419.796688,0,2,78,93
5/10/2021,10:00:00,11.4,84,0.99,1642.025735,0,2,78,93
5/10/2021,11:00:00,11.4,75,0.99,1466.094406,0,2,78,93
5/10/2021,12:00:00,11.4,74,0.99,1446.546481,0,2,81,96
5/10/2021,13:00:00,11.5,68,0.99,1340.919094,0,2,81,96
5/10/2021,14:00:00,11.5,64,0.99,1262.0415,0,2,81,96
5/10/2021,15:00:00,11.5,64,0.99,1262.0415,0,2,81,95
5/10/2021,16:00:00,11.6,64,0.99,1273.015774,0,2,81,95
5/10/2021,17:00:00,11.6,64,0.99,1273.015774,0,2,81,95
5/10/2021,18:00:00,11.7,55,0.99,1103.428948,0,2,86,65
5/10/2021,19:00:00,11.7,57,0.99,1143.553637,0,2,86,65
5/10/2021,20:00:00,11.7,56,0.99,1123.491292,0,2,86,65
5/10/2021,21:00:00,11.7,53,0.99,1063.304259,0,2,82,78
5/10/2021,22:00:00,11.7,50,0.99,1003.117225,0,2,82,78
5/10/2021,23:00:00,11.7,44,0.99,882.7431582,0,2,82,78
5/11/2021,0:00:00,11.8,56,0.96,1098.757607,0,2,88,87
5/11/2021,1:00:00,11.7,56,0.96,1089.446102,0,2,88,87
5/11/2021,2:00:00,11.7,56,0.96,1089.446102,0,2,88,87
5/11/2021,3:00:00,11.7,56,0.96,1089.446102,0,2,96,97
5/11/2021,4:00:00,11.7,56,0.96,1089.446102,0,2,96,97
5/11/2021,5:00:00,11.7,60,0.96,1167.26368,0,2,96,97
5/11/2021,6:00:00,11.7,70,0.96,1361.807627,0,2,91,102
5/11/2021,7:00:00,11.8,68,0.96,1334.205665,0,2,91,102
5/11/2021,8:00:00,11.8,72,0.96,1412.688351,0,2,91,102
5/11/2021,9:00:00,11.8,76,0.96,1491.171038,0,2,91,101
5/11/2021,10:00:00,11.5,79,0.96,1510.625432,0,2,91,101
5/11/2021,11:00:00,11.5,83,0.96,1587.112796,0,2,91,101
5/11/2021,12:00:00,11.6,78,0.96,1504.473188,0,2,86,94
5/11/2021,13:00:00,11.6,78,0.96,1504.473188,0,2,86,94
5/11/2021,14:00:00,11.7,52,0.96,1011.628523,0,2,86,94
5/11/2021,15:00:00,11.7,64,0.96,1245.081259,0,2,83,91
5/11/2021,16:00:00,11.6,71,0.96,1369.456363,0,2,83,91
5/11/2021,17:00:00,11.7,68,0.96,1322.898838,0,2,83,91
5/11/2021,18:00:00,11.7,49,0.96,953.2653389,0,2,81,81
5/11/2021,19:00:00,11.7,55,0.96,1069.991707,0,2,81,81
5/11/2021,20:00:00,11.8,58,0.96,1137.99895,0,2,81,81
5/11/2021,21:00:00,11.7,56,0.96,1089.446102,0,2,78,76
5/11/2021,22:00:00,11.7,54,0.96,1050.537312,0,2,78,76
5/11/2021,23:00:00,11.7,50,0.96,972.7197335,0,2,78,76
5/12/2021,0:00:00,11.7,58,0.97,1140.108588,0,2,87,69
5/12/2021,1:00:00,11.7,58,0.97,1140.108588,0,2,87,69
5/12/2021,2:00:00,11.7,58,0.97,1140.108588,0,2,87,69
5/12/2021,3:00:00,11.7,58,0.97,1140.108588,0,2,97,56
5/12/2021,4:00:00,11.6,60,0.97,1169.342141,0,2,97,56
5/12/2021,5:00:00,11.5,66,0.97,1275.187766,0,2,97,56
5/12/2021,6:00:00,11.6,63,0.97,1227.809248,0,2,102,45
5/12/2021,7:00:00,11.6,70,0.97,1364.232498,0,2,102,45
5/12/2021,8:00:00,11.6,77,0.97,1500.655748,0,2,102,45
5/12/2021,9:00:00,11.6,76,0.97,1481.166712,0,2,101,46
5/12/2021,10:00:00,11.6,81,0.97,1578.611891,0,2,101,46
5/12/2021,11:00:00,11.5,82,0.97,1584.324194,0,2,101,46
5/12/2021,12:00:00,11.6,74,0.97,1442.188641,0,2,94,61
5/12/2021,13:00:00,11.6,72,0.97,1403.210569,0,2,94,61
5/12/2021,14:00:00,11.5,79,0.97,1526.361114,0,2,94,61
5/12/2021,15:00:00,11.4,81,0.97,1551.394444,0,2,91,63
5/12/2021,16:00:00,11.5,77,0.97,1487.71906,0,2,91,63
5/12/2021,17:00:00,11.6,75,0.97,1461.677677,0,2,91,63
5/12/2021,18:00:00,11.7,50,0.97,982.8522308,0,2,81,72
5/12/2021,19:00:00,11.7,56,0.97,1100.794498,0,2,81,72
5/12/2021,20:00:00,11.6,58,0.97,1130.36407,0,2,81,72
5/12/2021,21:00:00,11.6,56,0.97,1091.385998,0,2,85,79
5/12/2021,22:00:00,11.7,55,0.97,1081.137454,0,2,85,79
5/12/2021,23:00:00,11.7,48,0.97,943.5381415,0,2,85,79
5/13/2021,0:00:00,11.7,56,0.99,1123.491292,0,2,91,60
5/13/2021,1:00:00,11.7,56,0.99,1123.491292,0,2,91,60
5/13/2021,2:00:00,11.7,56,0.99,1123.491292,0,2,91,60
5/13/2021,3:00:00,11.6,66,0.99,1312.797517,0,2,99,33
5/13/2021,4:00:00,11.6,70,0.99,1392.361003,0,2,99,33
5/13/2021,5:00:00,11.5,72,0.99,1419.796688,0,2,99,33
5/13/2021,6:00:00,11.6,63,0.99,1253.124903,0,2,104,33
5/13/2021,7:00:00,11.5,68,0.99,1340.919094,0,2,104,33
5/13/2021,8:00:00,11.5,71,0.99,1400.07729,0,2,104,33
5/13/2021,9:00:00,11.4,79,0.99,1544.286108,0,2,100,23
5/13/2021,10:00:00,11.4,79,0.99,1544.286108,0,2,100,23
5/13/2021,11:00:00,11.5,78,0.99,1538.113079,0,2,100,23
5/13/2021,12:00:00,11.6,72,0.99,1432.142746,0,2,93,44
5/13/2021,13:00:00,11.6,68,0.99,1352.57926,0,2,93,44
5/13/2021,14:00:00,11.5,74,0.99,1459.235485,0,2,93,44
5/13/2021,15:00:00,11.5,78,0.99,1538.113079,0,2,90,42
5/13/2021,16:00:00,11.5,78,0.99,1538.113079,0,2,90,42
5/13/2021,17:00:00,11.5,78,0.99,1538.113079,0,2,90,42
5/13/2021,18:00:00,11.7,53,0.99,1063.304259,0,2,87,73
5/13/2021,19:00:00,11.7,56,0.99,1123.491292,0,2,87,73
5/13/2021,20:00:00,11.7,55,0.99,1103.428948,0,2,87,73
5/13/2021,21:00:00,11.7,53,0.99,1063.304259,0,2,84,69
5/13/2021,22:00:00,11.7,49,0.99,983.0548807,0,2,84,69
5/13/2021,23:00:00,11.7,44,0.99,882.7431582,0,2,84,69
5/14/2021,0:00:00,11.8,51,0.99,1031.924694,0,2,90,70
5/14/2021,1:00:00,11.8,51,0.99,1031.924694,0,2,90,70
5/14/2021,2:00:00,11.7,51,0.99,1023.17957,0,2,90,70
5/14/2021,3:00:00,11.7,51,0.99,1023.17957,0,2,100,40
5/14/2021,4:00:00,11.7,51,0.99,1023.17957,0,2,100,40
5/14/2021,5:00:00,11.6,61,0.99,1213.34316,0,2,100,40
5/14/2021,6:00:00,11.5,67,0.99,1321.199696,0,2,104,32
5/14/2021,7:00:00,11.4,76,0.99,1485.642331,0,2,104,32
5/14/2021,8:00:00,11.4,75,0.99,1466.094406,0,2,104,32
5/14/2021,9:00:00,11.5,75,0.99,1478.954883,0,2,94,41
5/14/2021,10:00:00,11.4,80,0.99,1563.834033,0,2,94,41
5/14/2021,11:00:00,11.5,74,0.99,1459.235485,0,2,94,41
5/14/2021,12:00:00,11.6,75,0.99,1491.815361,0,2,90,52
5/14/2021,13:00:00,11.1,74,0.99,1408.479468,0,2,90,52
5/14/2021,14:00:00,11.6,74,0.99,1471.924489,0,2,90,52
5/14/2021,15:00:00,11.7,65,0.99,1304.052393,0,2,85,58
5/14/2021,16:00:00,11.7,65,0.99,1304.052393,0,2,85,58
5/14/2021,17:00:00,11.7,41,0.99,822.5561247,0,2,85,58
5/14/2021,18:00:00,11.5,59,0.99,1163.444508,0,2,88,51
5/14/2021,19:00:00,11.5,61,0.99,1202.883305,0,2,88,51
5/14/2021,20:00:00,11.6,56,0.99,1113.888803,0,2,88,51
5/14/2021,21:00:00,11.7,53,0.99,1063.304259,0,2,85,70
5/14/2021,22:00:00,11.7,49,0.99,983.0548807,0,2,85,70
5/14/2021,23:00:00,11.7,44,0.99,882.7431582,0,2,85,70
5/15/2021,0:00:00,11.7,42,0.98,834.1071715,0,2,87,70
5/15/2021,1:00:00,11.7,42,0.98,834.1071715,0,2,87,70
5/15/2021,2:00:00,11.7,42,0.98,834.1071715,0,2,87,70
5/15/2021,3:00:00,11.7,40,0.98,794.3877824,0,2,95,45
5/15/2021,4:00:00,11.7,39,0.98,774.5280878,0,2,95,45
5/15/2021,5:00:00,11.6,42,0.98,826.9780504,0,2,95,45
5/15/2021,6:00:00,11.5,42,0.98,819.8489293,0,2,104,29
5/15/2021,7:00:00,11.6,55,0.98,1082.947447,0,2,104,29
5/15/2021,8:00:00,11.7,45,0.98,893.6862552,0,2,104,29
5/15/2021,9:00:00,11.7,45,0.98,893.6862552,0,2,98,31
5/15/2021,10:00:00,11.7,57,0.98,1132.00259,0,2,98,31
5/15/2021,11:00:00,11.7,58,0.98,1151.862284,0,2,98,31
5/15/2021,12:00:00,11.7,68,0.98,1350.45923,0,2,95,46
5/15/2021,13:00:00,11.6,68,0.98,1338.916843,0,2,95,46
5/15/2021,14:00:00,11.6,67,0.98,1319.22689,0,2,95,46
5/15/2021,15:00:00,11.5,67,0.98,1307.854244,0,2,90,50
5/15/2021,16:00:00,11.5,68,0.98,1327.374457,0,2,90,50
5/15/2021,17:00:00,11.5,64,0.98,1249.293606,0,2,90,50
5/15/2021,18:00:00,11.6,58,0.98,1142.017308,0,2,86,62
5/15/2021,19:00:00,11.6,58,0.98,1142.017308,0,2,86,62
5/15/2021,20:00:00,11.6,58,0.98,1142.017308,0,2,86,62
5/15/2021,21:00:00,11.6,56,0.98,1102.637401,0,2,85,72
5/15/2021,22:00:00,11.7,52,0.98,1032.704117,0,2,85,72
5/15/2021,23:00:00,11.7,40,0.98,794.3877824,0,2,85,72
5/16/2021,0:00:00,11.7,50,1,1013.249722,1,2,88,65
5/16/2021,1:00:00,11.7,50,1,1013.249722,1,2,88,65
5/16/2021,2:00:00,11.7,50,1,1013.249722,1,2,88,65
5/16/2021,3:00:00,11.7,50,1,1013.249722,1,2,97,44
5/16/2021,4:00:00,11.7,50,1,1013.249722,1,2,97,44
5/16/2021,5:00:00,11.6,52,1,1044.773047,1,2,97,44
5/16/2021,6:00:00,11.6,56,1,1125.140205,1,2,97,46
5/16/2021,7:00:00,11.5,60,1,1195.115057,1,2,97,46
5/16/2021,8:00:00,11.6,61,1,1225.599151,1,2,97,46
5/16/2021,9:00:00,11.6,65,1,1305.966309,1,2,95,51
5/16/2021,10:00:00,11.7,66,1,1337.489634,1,2,95,51
5/16/2021,11:00:00,11.7,66,1,1337.489634,1,2,95,51
5/16/2021,12:00:00,11.7,66,1,1337.489634,1,2,90,60
5/16/2021,13:00:00,11.7,60,1,1215.899667,1,2,90,60
5/16/2021,14:00:00,11.7,60,1,1215.899667,1,2,90,60
5/16/2021,15:00:00,11.6,64,1,1285.87452,1,2,88,60
5/16/2021,16:00:00,11.7,56,1,1134.839689,1,2,88,60
5/16/2021,17:00:00,11.7,51,1,1033.514717,1,2,88,60
5/16/2021,18:00:00,11.7,51,1,1033.514717,1,2,87,65
5/16/2021,19:00:00,11.8,52,1,1062.786376,1,2,87,65
5/16/2021,20:00:00,11.8,52,1,1062.786376,1,2,87,65
5/16/2021,21:00:00,11.8,47,1,960.5953779,1,2,85,69
5/16/2021,22:00:00,11.8,47,1,960.5953779,1,2,85,69
5/16/2021,23:00:00,11.8,47,1,960.5953779,1,2,85,69
5/17/2021,0:00:00,11.8,46,0.97,911.952463,0,2,86,72
5/17/2021,1:00:00,11.8,43,0.97,852.4773024,0,2,86,72
5/17/2021,2:00:00,11.8,42,0.97,832.6522488,0,2,86,72
5/17/2021,3:00:00,11.8,43,0.97,852.4773024,0,2,94,48
5/17/2021,4:00:00,11.7,45,0.97,884.5670077,0,2,94,48
5/17/2021,5:00:00,11.6,52,0.97,1013.429856,0,2,94,48
5/17/2021,6:00:00,11.6,54,0.97,1052.407927,0,2,99,35
5/17/2021,7:00:00,11.6,63,0.97,1227.809248,0,2,99,35
5/17/2021,8:00:00,11.6,63,0.97,1227.809248,0,2,99,35
5/17/2021,9:00:00,11.6,63,0.97,1227.809248,0,2,99,32
5/17/2021,10:00:00,11.6,58,0.97,1130.36407,0,2,99,32
5/17/2021,11:00:00,11.6,66,0.97,1286.276355,0,2,99,32
5/17/2021,12:00:00,11.6,66,0.97,1286.276355,0,2,93,40
5/17/2021,13:00:00,11.7,64,0.97,1258.050855,0,2,93,40
5/17/2021,14:00:00,11.7,67,0.97,1317.021989,0,2,93,40
5/17/2021,15:00:00,11.6,64,0.97,1247.298284,0,2,90,51
5/17/2021,16:00:00,11.6,69,0.97,1344.743462,0,2,90,51
5/17/2021,17:00:00,11.6,63,0.97,1227.809248,0,2,90,51
5/17/2021,18:00:00,11.6,50,0.97,974.4517843,0,2,86,64
5/17/2021,19:00:00,11.6,57,0.97,1110.875034,0,2,86,64
5/17/2021,20:00:00,11.7,57,0.97,1120.451543,0,2,86,64
5/17/2021,21:00:00,11.7,56,0.97,1100.794498,0,2,85,70
5/17/2021,22:00:00,11.7,52,0.97,1022.16632,0,2,85,70
5/17/2021,23:00:00,11.7,42,0.97,825.5958738,0,2,85,70
5/18/2021,0:00:00,11.8,57,0.99,1153.327599,0,2,90,72
5/18/2021,1:00:00,11.8,57,0.99,1153.327599,0,2,90,72
5/18/2021,2:00:00,11.8,57,0.99,1153.327599,0,2,90,72
5/18/2021,3:00:00,11.8,57,0.99,1153.327599,0,2,99,55
5/18/2021,4:00:00,11.7,60,0.99,1203.74067,0,2,99,55
5/18/2021,5:00:00,11.6,63,0.99,1253.124903,0,2,99,55
5/18/2021,6:00:00,11.6,63,0.99,1253.124903,0,2,100,53
5/18/2021,7:00:00,11.6,70,0.99,1392.361003,0,2,100,53
5/18/2021,8:00:00,11.6,75,0.99,1491.815361,0,2,100,53
5/18/2021,9:00:00,11.5,78,0.99,1538.113079,0,2,101,55
5/18/2021,10:00:00,11.5,77,0.99,1518.39368,0,2,101,55
5/18/2021,11:00:00,11.5,75,0.99,1478.954883,0,2,101,55
5/18/2021,12:00:00,11.6,73,0.99,1452.033618,0,2,94,64
5/18/2021,13:00:00,11.6,70,0.99,1392.361003,0,2,94,64
5/18/2021,14:00:00,11.7,66,0.99,1324.114737,0,2,94,64
5/18/2021,15:00:00,11.7,70,0.99,1404.364115,0,2,92,65
5/18/2021,16:00:00,11.5,74,0.99,1459.235485,0,2,92,65
5/18/2021,17:00:00,11.5,68,0.99,1340.919094,0,2,92,65
5/18/2021,18:00:00,11.6,54,0.99,1074.10706,0,2,87,65
5/18/2021,19:00:00,11.7,58,0.99,1163.615981,0,2,87,65
5/18/2021,20:00:00,11.7,58,0.99,1163.615981,0,2,87,65
5/18/2021,21:00:00,11.7,48,0.99,962.9925362,0,2,85,82
5/18/2021,22:00:00,11.7,46,0.99,922.8678472,0,2,85,82
5/18/2021,23:00:00,11.7,42,0.99,842.6184692,0,2,85,82
5/19/2021,0:00:00,11.7,50,0.96,972.7197335,0,2,91,70
5/19/2021,1:00:00,11.7,50,0.96,972.7197335,0,2,91,70
5/19/2021,2:00:00,11.7,50,0.96,972.7197335,0,2,91,70
5/19/2021,3:00:00,11.7,52,0.96,1011.628523,0,2,86,78
5/19/2021,4:00:00,11.6,54,0.96,1041.558361,0,2,86,78
5/19/2021,5:00:00,11.5,56,0.96,1070.823091,0,2,86,78
5/19/2021,6:00:00,11.5,62,0.96,1185.554137,0,2,81,90
5/19/2021,7:00:00,11.5,69,0.96,1319.407023,0,2,81,90
5/19/2021,8:00:00,11.5,72,0.96,1376.772546,0,2,81,90
5/19/2021,9:00:00,11.5,72,0.96,1376.772546,0,2,86,89
5/19/2021,10:00:00,11.5,75,0.96,1434.138069,0,2,86,89
5/19/2021,11:00:00,11.6,73,0.96,1408.032599,0,2,86,89
5/19/2021,12:00:00,11.7,71,0.96,1381.262022,0,2,85,90
5/19/2021,13:00:00,11.7,70,0.96,1361.807627,0,2,85,90
5/19/2021,14:00:00,11.6,72,0.96,1388.744481,0,2,85,90
5/19/2021,15:00:00,11.5,73,0.96,1395.894387,0,2,86,63
5/19/2021,16:00:00,11.5,74,0.96,1415.016228,0,2,86,63
5/19/2021,17:00:00,11.5,70,0.96,1338.528864,0,2,86,63
5/19/2021,18:00:00,11.6,56,0.96,1080.134596,0,2,87,74
5/19/2021,19:00:00,11.7,60,0.96,1167.26368,0,2,87,74
5/19/2021,20:00:00,11.7,56,0.96,1089.446102,0,2,87,74
5/19/2021,21:00:00,11.6,51,0.96,983.6940074,0,2,84,69
5/19/2021,22:00:00,11.7,46,0.96,894.9021548,0,2,84,69
5/19/2021,23:00:00,11.7,43,0.96,836.5389708,0,2,84,69
5/20/2021,0:00:00,11.8,58,0.99,1173.561417,0,2,88,59
5/20/2021,1:00:00,11.8,58,0.99,1173.561417,0,2,88,59
5/20/2021,2:00:00,11.7,58,0.99,1163.615981,0,2,88,59
5/20/2021,3:00:00,11.7,58,0.99,1163.615981,0,2,93,39
5/20/2021,4:00:00,11.7,62,0.99,1243.865359,0,2,93,39
5/20/2021,5:00:00,11.6,68,0.99,1352.57926,0,2,93,39
5/20/2021,6:00:00,11.6,62,0.99,1233.234031,0,2,99,34
5/20/2021,7:00:00,11.5,65,0.99,1281.760899,0,2,99,34
5/20/2021,8:00:00,11.6,66,0.99,1312.797517,0,2,99,34
5/20/2021,9:00:00,11.6,67,0.99,1332.688389,0,2,98,34
5/20/2021,10:00:00,11.6,63,0.99,1253.124903,0,2,98,34
5/20/2021,11:00:00,11.6,70,0.99,1392.361003,0,2,98,34
5/20/2021,12:00:00,11.5,70,0.99,1380.357891,0,2,89,46
5/20/2021,13:00:00,11.6,68,0.99,1352.57926,0,2,89,46
5/20/2021,14:00:00,11.6,68,0.99,1352.57926,0,2,89,46
5/20/2021,15:00:00,11.5,75,0.99,1478.954883,0,2,86,65
5/20/2021,16:00:00,11.4,84,0.99,1642.025735,0,2,86,65
5/20/2021,17:00:00,11.4,78,0.99,1524.738182,0,2,86,65
5/20/2021,18:00:00,11.6,56,0.99,1113.888803,0,2,85,65
5/20/2021,19:00:00,11.6,58,0.99,1153.670545,0,2,85,65
5/20/2021,20:00:00,11.6,57,0.99,1133.779674,0,2,85,65
5/20/2021,21:00:00,11.7,53,0.99,1063.304259,0,2,80,79
5/20/2021,22:00:00,11.7,49,0.99,983.0548807,0,2,80,79
5/20/2021,23:00:00,11.7,44,0.99,882.7431582,0,2,80,79
5/21/2021,0:00:00,11.7,53,0.99,1063.304259,0,2,90,59
5/21/2021,1:00:00,11.7,53,0.99,1063.304259,0,2,90,59
5/21/2021,2:00:00,11.7,53,0.99,1063.304259,0,2,90,59
5/21/2021,3:00:00,11.7,53,0.99,1063.304259,0,2,96,24
5/21/2021,4:00:00,11.6,59,0.99,1173.561417,0,2,96,24
5/21/2021,5:00:00,11.6,60,0.99,1193.452288,0,2,96,24
5/21/2021,6:00:00,11.6,63,0.99,1253.124903,0,2,100,14
5/21/2021,7:00:00,11.5,66,0.99,1301.480297,0,2,100,14
5/21/2021,8:00:00,11.5,73,0.99,1439.516086,0,2,100,14
5/21/2021,9:00:00,11.4,71,0.99,1387.902704,0,2,98,14
5/21/2021,10:00:00,11.4,72,0.99,1407.45063,0,2,98,14
5/21/2021,11:00:00,11.4,72,0.99,1407.45063,0,2,98,14
5/21/2021,12:00:00,11.5,65,0.99,1281.760899,0,2,91,34
5/21/2021,13:00:00,11.5,65,0.99,1281.760899,0,2,91,34
5/21/2021,14:00:00,11.5,70,0.99,1380.357891,0,2,91,34
5/21/2021,15:00:00,11.4,76,0.99,1485.642331,0,2,88,52
5/21/2021,16:00:00,11.4,83,0.99,1622.477809,0,2,88,52
5/21/2021,17:00:00,11.6,67,0.99,1332.688389,0,2,88,52
5/21/2021,18:00:00,11.7,54,0.99,1083.366603,0,2,85,69
5/21/2021,19:00:00,11.7,56,0.99,1123.491292,0,2,85,69
5/21/2021,20:00:00,11.7,54,0.99,1083.366603,0,2,85,69
5/21/2021,21:00:00,11.7,49,0.99,983.0548807,0,2,84,74
5/21/2021,22:00:00,11.7,46,0.99,922.8678472,0,2,84,74
5/21/2021,23:00:00,11.7,43,0.99,862.6808137,0,2,84,74
5/22/2021,0:00:00,11.8,50,0.99,1011.690877,0,2,87,73
5/22/2021,1:00:00,11.7,50,0.99,1003.117225,0,2,87,73
5/22/2021,2:00:00,11.7,50,0.99,1003.117225,0,2,87,73
5/22/2021,3:00:00,11.7,50,0.99,1003.117225,0,2,96,40
5/22/2021,4:00:00,11.6,56,0.99,1113.888803,0,2,96,40
5/22/2021,5:00:00,11.6,59,0.99,1173.561417,0,2,96,40
5/22/2021,6:00:00,11.5,63,0.99,1242.322102,0,2,102,32
5/22/2021,7:00:00,11.4,71,0.99,1387.902704,0,2,102,32
5/22/2021,8:00:00,11.4,76,0.99,1485.642331,0,2,102,32
5/22/2021,9:00:00,11.4,78,0.99,1524.738182,0,2,98,31
5/22/2021,10:00:00,11.4,74,0.99,1446.546481,0,2,98,31
5/22/2021,11:00:00,11.4,70,0.99,1368.354779,0,2,98,31
5/22/2021,12:00:00,11.5,70,0.99,1380.357891,0,2,92,37
5/22/2021,13:00:00,11.6,66,0.99,1312.797517,0,2,92,37
5/22/2021,14:00:00,11.5,74,0.99,1459.235485,0,2,92,37
5/22/2021,15:00:00,11.4,81,0.99,1583.381959,0,2,87,40
5/22/2021,16:00:00,11.4,66,0.99,1290.163077,0,2,87,40
5/22/2021,17:00:00,11.5,60,0.99,1183.163907,0,2,87,40
5/22/2021,18:00:00,11.7,53,0.99,1063.304259,0,2,86,59
5/22/2021,19:00:00,11.6,55,0.99,1093.997931,0,2,86,59
5/22/2021,20:00:00,11.6,56,0.99,1113.888803,0,2,86,59
5/22/2021,21:00:00,11.7,52,0.99,1043.241914,0,2,81,59
5/22/2021,22:00:00,11.7,48,0.99,962.9925362,0,2,81,59
5/22/2021,23:00:00,11.7,43,0.99,862.6808137,0,2,81,59
5/23/2021,0:00:00,11.8,49,0.99,991.4570592,1,2,91,55
5/23/2021,1:00:00,11.7,49,0.99,983.0548807,1,2,91,55
5/23/2021,2:00:00,11.7,49,0.99,983.0548807,1,2,91,55
5/23/2021,3:00:00,11.7,50,0.99,1003.117225,1,2,99,32
5/23/2021,4:00:00,11.6,52,0.99,1034.325317,1,2,99,32
5/23/2021,5:00:00,11.5,54,0.99,1064.847516,1,2,99,32
5/23/2021,6:00:00,11.5,63,0.99,1242.322102,1,2,104,24
5/23/2021,7:00:00,11.5,65,0.99,1281.760899,1,2,104,24
5/23/2021,8:00:00,11.4,72,0.99,1407.45063,1,2,104,24
5/23/2021,9:00:00,11.4,75,0.99,1466.094406,1,2,102,21
5/23/2021,10:00:00,11.4,73,0.99,1426.998555,1,2,102,21
5/23/2021,11:00:00,11.4,68,0.99,1329.258928,1,2,102,21
5/23/2021,12:00:00,11.8,68,0.99,1375.899592,1,2,92,34
5/23/2021,13:00:00,11.5,70,0.99,1380.357891,1,2,92,34
5/23/2021,14:00:00,11.5,71,0.99,1400.07729,1,2,92,34
5/23/2021,15:00:00,11.4,77,0.99,1505.190257,1,2,89,40
5/23/2021,16:00:00,11.4,83,0.99,1622.477809,1,2,89,40
5/23/2021,17:00:00,11.6,72,0.99,1432.142746,1,2,89,40
5/23/2021,18:00:00,11.7,56,0.99,1123.491292,1,2,86,36
5/23/2021,19:00:00,11.7,57,0.99,1143.553637,1,2,86,36
5/23/2021,20:00:00,11.7,55,0.99,1103.428948,1,2,86,36
5/23/2021,21:00:00,11.7,51,0.99,1023.17957,1,2,84,63
5/23/2021,22:00:00,11.7,45,0.99,902.8055027,1,2,84,63
5/23/2021,23:00:00,11.7,43,0.99,862.6808137,1,2,84,63
5/24/2021,0:00:00,11.7,49,0.99,983.0548807,0,2,92,52
5/24/2021,1:00:00,11.7,49,0.99,983.0548807,0,2,92,52
5/24/2021,2:00:00,11.7,49,0.99,983.0548807,0,2,92,52
5/24/2021,3:00:00,11.7,49,0.99,983.0548807,0,2,92,52
5/24/2021,4:00:00,11.6,55,0.99,1093.997931,0,2,103,20
5/24/2021,5:00:00,11.5,61,0.99,1202.883305,0,2,103,20
5/24/2021,6:00:00,11.5,63,0.99,1242.322102,0,2,103,20
5/24/2021,7:00:00,11.6,52,0.99,1034.325317,0,2,103,20
5/24/2021,8:00:00,11.5,51,0.99,1005.689321,0,2,103,20
5/24/2021,9:00:00,11.4,78,0.99,1524.738182,0,2,98,21
5/24/2021,10:00:00,11.5,76,0.99,1498.674282,0,2,98,21
5/24/2021,11:00:00,11.6,70,0.99,1392.361003,0,2,98,21
5/24/2021,12:00:00,11.5,73,0.99,1439.516086,0,2,93,32
5/24/2021,13:00:00,11.4,71,0.99,1387.902704,0,2,93,32
5/24/2021,14:00:00,11.4,74,0.99,1446.546481,0,2,93,32
5/24/2021,15:00:00,11.4,78,0.99,1524.738182,0,2,89,41
5/24/2021,16:00:00,11.4,82,0.99,1602.929884,0,2,89,41
5/24/2021,17:00:00,11.4,80,0.99,1563.834033,0,2,89,41
5/24/2021,18:00:00,11.6,60,0.99,1193.452288,0,2,87,45
5/24/2021,19:00:00,11.6,56,0.99,1113.888803,0,2,87,45
5/24/2021,20:00:00,11.6,56,0.99,1113.888803,0,2,87,45
5/24/2021,21:00:00,11.5,60,0.99,1183.163907,0,2,80,58
5/24/2021,22:00:00,11.5,58,0.99,1143.72511,0,2,80,58
5/24/2021,23:00:00,11.5,58,0.99,1143.72511,0,2,80,58
5/25/2021,0:00:00,11.6,53,0.98,1043.56754,0,2,89,39
5/25/2021,1:00:00,11.6,53,0.98,1043.56754,0,2,89,39
5/25/2021,2:00:00,11.6,53,0.98,1043.56754,0,2,89,39
5/25/2021,3:00:00,11.6,53,0.98,1043.56754,0,2,96,23
5/25/2021,4:00:00,11.5,59,0.98,1151.692543,0,2,96,23
5/25/2021,5:00:00,11.4,61,0.98,1180.378769,0,2,96,23
5/25/2021,6:00:00,11.4,65,0.98,1257.780655,0,2,99,18
5/25/2021,7:00:00,11.4,72,0.98,1393.233957,0,2,99,18
5/25/2021,8:00:00,11.4,78,0.98,1509.336787,0,2,99,18
5/25/2021,9:00:00,11.4,76,0.98,1470.635843,0,2,99,17
5/25/2021,10:00:00,11.4,80,0.98,1548.03773,0,2,99,17
5/25/2021,11:00:00,11.4,76,0.98,1470.635843,0,2,99,17
5/25/2021,12:00:00,11.5,74,0.98,1444.495732,0,2,87,31
5/25/2021,13:00:00,11.4,76,0.98,1470.635843,0,2,87,31
5/25/2021,14:00:00,11.4,78,0.98,1509.336787,0,2,87,31
5/25/2021,15:00:00,11.4,81,0.98,1567.388201,0,2,83,41
5/25/2021,16:00:00,11.4,83,0.98,1606.089145,0,2,83,41
5/25/2021,17:00:00,11.4,82,0.98,1586.738673,0,2,83,41
5/25/2021,18:00:00,11.6,62,0.98,1220.777122,0,2,85,52
5/25/2021,19:00:00,11.6,58,0.98,1142.017308,0,2,85,52
5/25/2021,20:00:00,11.6,55,0.98,1082.947447,0,2,85,52
5/25/2021,21:00:00,11.6,50,0.98,984.497679,0,2,82,40
5/25/2021,22:00:00,11.6,43,0.98,846.668004,0,2,82,40
5/25/2021,23:00:00,11.6,41,0.98,807.2880968,0,2,82,40
5/26/2021,0:00:00,11.7,50,0.98,992.984728,0,2,94,38
5/26/2021,1:00:00,11.7,50,0.98,992.984728,0,2,94,38
5/26/2021,2:00:00,11.7,50,0.98,992.984728,0,2,94,38
5/26/2021,3:00:00,11.7,53,0.98,1052.563812,0,2,104,25
5/26/2021,4:00:00,11.6,56,0.98,1102.637401,0,2,104,25
5/26/2021,5:00:00,11.4,67,0.98,1296.481599,0,2,104,25
5/26/2021,6:00:00,11.4,67,0.98,1296.481599,0,2,108,15
5/26/2021,7:00:00,11.4,72,0.98,1393.233957,0,2,108,15
5/26/2021,8:00:00,11.5,52,0.98,1015.051055,0,2,108,15
5/26/2021,9:00:00,11.4,70,0.98,1354.533014,0,2,102,16
5/26/2021,10:00:00,11.4,66,0.98,1277.131127,0,2,102,16
5/26/2021,11:00:00,11.4,74,0.98,1431.9349,0,2,102,16
5/26/2021,12:00:00,11.4,63,0.98,1219.079712,0,2,97,23
5/26/2021,13:00:00,11.6,39,0.98,767.9081896,0,2,97,23
5/26/2021,14:00:00,11.6,40,0.98,787.5981432,0,2,97,23
5/26/2021,15:00:00,11.4,79,0.98,1528.687258,0,2,93,26
5/26/2021,16:00:00,11.4,82,0.98,1586.738673,0,2,93,26
5/26/2021,17:00:00,11.4,77,0.98,1489.986315,0,2,93,26
5/26/2021,18:00:00,11.6,57,0.98,1122.327354,0,2,81,53
5/26/2021,19:00:00,11.6,58,0.98,1142.017308,0,2,81,53
5/26/2021,20:00:00,11.6,56,0.98,1102.637401,0,2,81,53
5/26/2021,21:00:00,11.6,51,0.98,1004.187633,0,2,91,25
5/26/2021,22:00:00,11.6,45,0.98,886.0479111,0,2,91,25
5/26/2021,23:00:00,11.6,43,0.98,846.668004,0,2,91,25
5/27/2021,0:00:00,11.7,51,0.98,1012.844423,0,2,93,40
5/27/2021,1:00:00,11.7,51,0.98,1012.844423,0,2,93,40
5/27/2021,2:00:00,11.7,51,0.98,1012.844423,0,2,93,40
5/27/2021,3:00:00,11.7,51,0.98,1012.844423,0,2,98,32
5/27/2021,4:00:00,11.6,58,0.98,1142.017308,0,2,98,32
5/27/2021,5:00:00,11.4,65,0.98,1257.780655,0,2,98,32
5/27/2021,6:00:00,11.4,67,0.98,1296.481599,0,2,104,25
5/27/2021,7:00:00,11.4,75,0.98,1451.285372,0,2,104,25
5/27/2021,8:00:00,11.5,78,0.98,1522.576583,0,2,104,25
5/27/2021,9:00:00,11.4,78,0.98,1509.336787,0,2,100,32
5/27/2021,10:00:00,11.4,80,0.98,1548.03773,0,2,100,32
5/27/2021,11:00:00,11.4,78,0.98,1509.336787,0,2,100,32
5/27/2021,12:00:00,11.4,80,0.98,1548.03773,0,2,93,40
5/27/2021,13:00:00,11.4,86,0.98,1664.14056,0,2,93,40
5/27/2021,14:00:00,11.4,84,0.98,1625.439616,0,2,93,40
5/27/2021,15:00:00,11.3,96,0.98,1841.350142,0,2,93,37
5/27/2021,16:00:00,11.3,103,0.98,1975.615256,0,2,93,37
5/27/2021,17:00:00,11.4,100,0.98,1935.047162,0,2,93,37
5/27/2021,18:00:00,11.6,50,0.98,984.497679,0,2,91,29
5/27/2021,19:00:00,11.6,58,0.98,1142.017308,0,2,91,29
5/27/2021,20:00:00,11.6,55,0.98,1082.947447,0,2,91,29
5/27/2021,21:00:00,11.6,51,0.98,1004.187633,0,2,89,50
5/27/2021,22:00:00,11.6,47,0.98,925.4278183,0,2,89,50
5/27/2021,23:00:00,11.6,44,0.98,866.3579575,0,2,89,50
5/28/2021,0:00:00,11.7,54,0.99,1083.366603,0,2,89,55
5/28/2021,1:00:00,11.7,54,0.99,1083.366603,0,2,89,55
5/28/2021,2:00:00,11.7,54,0.99,1083.366603,0,2,89,55
5/28/2021,3:00:00,11.7,54,0.99,1083.366603,0,2,95,43
5/28/2021,4:00:00,11.6,59,0.99,1173.561417,0,2,95,43
5/28/2021,5:00:00,11.5,63,0.99,1242.322102,0,2,95,43
5/28/2021,6:00:00,11.4,66,0.99,1290.163077,0,2,99,32
5/28/2021,7:00:00,11.4,76,0.99,1485.642331,0,2,99,32
5/28/2021,8:00:00,11.4,76,0.99,1485.642331,0,2,99,32
5/28/2021,9:00:00,11.4,78,0.99,1524.738182,0,2,98,35
5/28/2021,10:00:00,11.3,78,0.99,1511.363286,0,2,98,35
5/28/2021,11:00:00,11.3,78,0.99,1511.363286,0,2,98,35
5/28/2021,12:00:00,11.3,78,0.99,1511.363286,0,2,92,44
5/28/2021,13:00:00,11.4,75,0.99,1466.094406,0,2,92,44
5/28/2021,14:00:00,11.4,75,0.99,1466.094406,0,2,92,44
5/28/2021,15:00:00,11.3,83,0.99,1608.245548,0,2,92,42
5/28/2021,16:00:00,11.3,95,0.99,1840.762977,0,2,92,42
5/28/2021,17:00:00,11.3,90,0.99,1743.880715,0,2,92,42
5/28/2021,18:00:00,11.6,50,0.99,994.5435737,0,2,91,41
5/28/2021,19:00:00,11.6,57,0.99,1133.779674,0,2,91,41
5/28/2021,20:00:00,11.6,56,0.99,1113.888803,0,2,91,41
5/28/2021,21:00:00,11.6,57,0.99,1133.779674,0,2,87,52
5/28/2021,22:00:00,11.6,46,0.99,914.9800878,0,2,87,52
5/28/2021,23:00:00,11.6,44,0.99,875.1983449,0,2,87,52
5/29/2021,0:00:00,11.7,54,0.98,1072.423506,0,2,92,48
5/29/2021,1:00:00,11.7,54,0.98,1072.423506,0,2,92,48
5/29/2021,2:00:00,11.7,54,0.98,1072.423506,0,2,92,48
5/29/2021,3:00:00,11.6,54,0.98,1063.257493,0,2,99,36
5/29/2021,4:00:00,11.4,62,0.98,1199.729241,0,2,99,36
5/29/2021,5:00:00,11.3,72,0.98,1381.012606,0,2,99,36
5/29/2021,6:00:00,11.3,69,0.98,1323.470414,0,2,106,20
5/29/2021,7:00:00,11.2,78,0.98,1482.857194,0,2,106,20
5/29/2021,8:00:00,11.2,87,0.98,1653.956101,0,2,106,20
5/29/2021,9:00:00,11.2,95,0.98,1806.044018,0,2,104,24
5/29/2021,10:00:00,11.2,95,0.98,1806.044018,0,2,104,24
5/29/2021,11:00:00,11.3,91,0.98,1745.446489,0,2,104,24
5/29/2021,12:00:00,11.3,91,0.98,1745.446489,0,2,95,34
5/29/2021,13:00:00,11.3,92,0.98,1764.627219,0,2,95,34
5/29/2021,14:00:00,11.3,93,0.98,1783.80795,0,2,95,34
5/29/2021,15:00:00,11.3,84,0.98,1611.181374,0,2,94,33
5/29/2021,16:00:00,11.2,105,0.98,1996.153915,0,2,94,33
5/29/2021,17:00:00,11.3,92,0.98,1764.627219,0,2,94,33
5/29/2021,18:00:00,11.6,55,0.98,1082.947447,0,2,89,48
5/29/2021,19:00:00,11.6,57,0.98,1122.327354,0,2,89,48
5/29/2021,20:00:00,11.6,52,0.98,1023.877586,0,2,89,48
5/29/2021,21:00:00,11.6,50,0.98,984.497679,0,2,79,87
5/29/2021,22:00:00,11.6,45,0.98,886.0479111,0,2,79,87
5/29/2021,23:00:00,11.6,43,0.98,846.668004,0,2,79,87
5/30/2021,0:00:00,11.7,54,0.98,1072.423506,1,2,85,80
5/30/2021,1:00:00,11.7,54,0.98,1072.423506,1,2,85,80
5/30/2021,2:00:00,11.7,54,0.98,1072.423506,1,2,85,80
5/30/2021,3:00:00,11.7,54,0.98,1072.423506,1,2,90,55
5/30/2021,4:00:00,11.6,61,0.98,1201.087168,1,2,90,55
5/30/2021,5:00:00,11.5,70,0.98,1366.414882,1,2,90,55
5/30/2021,6:00:00,11.4,80,0.98,1548.03773,1,2,98,35
5/30/2021,7:00:00,11.4,83,0.98,1606.089145,1,2,98,35
5/30/2021,8:00:00,11.3,88,0.98,1687.904297,1,2,98,35
5/30/2021,9:00:00,11.3,96,0.98,1841.350142,1,2,93,40
5/30/2021,10:00:00,11.2,95,0.98,1806.044018,1,2,93,40
5/30/2021,11:00:00,11.3,93,0.98,1783.80795,1,2,93,40
5/30/2021,12:00:00,11.4,90,0.98,1741.542446,1,2,87,57
5/30/2021,13:00:00,11.5,88,0.98,1717.778709,1,2,87,57
5/30/2021,14:00:00,11.4,92,0.98,1780.243389,1,2,87,57
5/30/2021,15:00:00,11.3,96,0.98,1841.350142,1,2,87,60
5/30/2021,16:00:00,11.2,98,0.98,1863.076987,1,2,87,60
5/30/2021,17:00:00,11.4,93,0.98,1799.593861,1,2,87,60
5/30/2021,18:00:00,11.6,56,0.98,1102.637401,1,2,89,49
5/30/2021,19:00:00,11.6,57,0.98,1122.327354,1,2,89,49
5/30/2021,20:00:00,11.6,55,0.98,1082.947447,1,2,89,49
5/30/2021,21:00:00,11.6,53,0.98,1043.56754,1,2,81,74
5/30/2021,22:00:00,11.6,46,0.98,905.7378647,1,2,81,74
5/30/2021,23:00:00,11.6,43,0.98,846.668004,1,2,81,74
5/31/2021,0:00:00,11.7,58,0.9,1057.83271,0,2,93,41
5/31/2021,1:00:00,11.7,58,0.9,1057.83271,0,2,93,41
5/31/2021,2:00:00,11.7,58,0.9,1057.83271,0,2,93,41
5/31/2021,3:00:00,11.7,58,0.9,1057.83271,0,2,99,31
5/31/2021,4:00:00,11.5,66,0.9,1183.163907,0,2,99,31
5/31/2021,5:00:00,11.4,74,0.9,1315.042255,0,2,99,31
5/31/2021,6:00:00,11.3,83,0.9,1462.041407,0,2,102,27
5/31/2021,7:00:00,11.3,88,0.9,1550.116191,0,2,102,27
5/31/2021,8:00:00,11.2,90,0.9,1571.316493,0,2,102,27
5/31/2021,9:00:00,11.2,94,0.9,1641.152781,0,2,102,28
5/31/2021,10:00:00,11.2,90,0.9,1571.316493,0,2,102,28
5/31/2021,11:00:00,11.3,88,0.9,1550.116191,0,2,102,28
5/31/2021,12:00:00,11.3,81,0.9,1426.811494,0,2,90,48
5/31/2021,13:00:00,11.3,79,0.9,1391.58158,0,2,90,48
5/31/2021,14:00:00,11.3,84,0.9,1479.656364,0,2,90,48
5/31/2021,15:00:00,11.2,92,0.9,1606.234637,0,2,89,47
5/31/2021,16:00:00,11.2,103,0.9,1798.28443,0,2,89,47
5/31/2021,17:00:00,11.2,96,0.9,1676.070925,0,2,89,47
5/31/2021,18:00:00,11.7,62,0.9,1130.78669,0,2,85,64
5/31/2021,19:00:00,11.7,69,0.9,1258.456155,0,2,85,64
5/31/2021,20:00:00,11.7,62,0.9,1130.78669,0,2,85,64
5/31/2021,21:00:00,11.7,60,0.9,1094.3097,0,2,85,59
5/31/2021,22:00:00,11.7,43,0.9,784.2552852,0,2,85,59
5/31/2021,23:00:00,11.7,40,0.9,729.5398001,0,2,85,59
6/1/2021,0:00:00,11.7,39,0.97,766.62474,0,2,89,59
6/1/2021,1:00:00,11.7,39,0.97,766.62474,0,2,89,59
6/1/2021,2:00:00,11.7,39,0.97,766.62474,0,2,89,59
6/1/2021,3:00:00,11.7,39,0.97,766.62474,0,2,95,38
6/1/2021,4:00:00,11.7,39,0.97,766.62474,0,2,95,38
6/1/2021,5:00:00,11.7,39,0.97,766.62474,0,2,95,38
6/1/2021,6:00:00,11.5,50,0.97,966.0513379,0,2,100,28
6/1/2021,7:00:00,11.6,41,0.97,799.0504632,0,2,100,28
6/1/2021,8:00:00,11.5,56,0.97,1081.977498,0,2,100,28
6/1/2021,9:00:00,11.5,68,0.97,1313.82982,0,2,99,30
6/1/2021,10:00:00,11.6,78,0.97,1520.144784,0,2,99,30
6/1/2021,11:00:00,11.6,82,0.97,1598.100926,0,2,99,30
6/1/2021,12:00:00,11.6,76,0.97,1481.166712,0,2,91,44
6/1/2021,13:00:00,11.3,88,0.97,1670.680783,0,2,91,44
6/1/2021,14:00:00,11.4,88,0.97,1685.465569,0,2,91,44
6/1/2021,15:00:00,11.4,90,0.97,1723.771605,0,2,87,54
6/1/2021,16:00:00,11.4,89,0.97,1704.618587,0,2,87,54
6/1/2021,17:00:00,11.4,86,0.97,1647.159533,0,2,87,54
6/1/2021,18:00:00,11.6,65,0.97,1266.78732,0,2,86,52
6/1/2021,19:00:00,11.7,66,0.97,1297.364945,0,2,86,52
6/1/2021,20:00:00,11.7,60,0.97,1179.422677,0,2,86,52
6/1/2021,21:00:00,11.7,56,0.97,1100.794498,0,2,82,75
6/1/2021,22:00:00,11.8,51,0.97,1011.077731,0,2,82,75
6/1/2021,23:00:00,11.9,51,0.97,1019.646186,0,2,82,75
6/2/2021,0:00:00,11.8,51,0.95,990.2307672,0,2,82,70
6/2/2021,1:00:00,11.8,51,0.95,990.2307672,0,2,82,70
6/2/2021,2:00:00,11.7,51,0.95,981.838981,0,2,82,70
6/2/2021,3:00:00,11.7,51,0.95,981.838981,0,2,86,63
6/2/2021,4:00:00,11.6,55,0.95,1049.795994,0,2,86,63
6/2/2021,5:00:00,11.5,60,0.95,1135.359304,0,2,86,63
6/2/2021,6:00:00,11.5,64,0.95,1211.049925,0,2,91,41
6/2/2021,7:00:00,11.6,66,0.95,1259.755193,0,2,91,41
6/2/2021,8:00:00,11.5,66,0.95,1248.895235,0,2,91,41
6/2/2021,9:00:00,11.5,67,0.95,1267.81789,0,2,95,39
6/2/2021,10:00:00,11.4,78,0.95,1463.132599,0,2,95,39
6/2/2021,11:00:00,11.4,85,0.95,1594.439371,0,2,95,39
6/2/2021,12:00:00,11.5,85,0.95,1608.425681,0,2,87,55
6/2/2021,13:00:00,11.5,88,0.95,1665.193646,0,2,87,55
6/2/2021,14:00:00,11.5,79,0.95,1494.889751,0,2,87,55
6/2/2021,15:00:00,11.3,75,0.95,1394.517406,0,2,85,68
6/2/2021,16:00:00,11.3,71,0.95,1320.143145,0,2,85,68
6/2/2021,17:00:00,11.4,75,0.95,1406.858268,0,2,85,68
6/2/2021,18:00:00,11.6,66,0.95,1259.755193,0,2,86,57
6/2/2021,19:00:00,11.7,59,0.95,1135.852939,0,2,86,57
6/2/2021,20:00:00,11.7,57,0.95,1097.349449,0,2,86,57
6/2/2021,21:00:00,11.7,53,0.95,1020.34247,0,2,83,74
6/2/2021,22:00:00,11.7,50,0.95,962.5872363,0,2,83,74
6/2/2021,23:00:00,11.7,47,0.95,904.8320021,0,2,83,74
6/3/2021,0:00:00,11.8,58,0.95,1126.144794,0,2,82,71
6/3/2021,1:00:00,11.8,58,0.95,1126.144794,0,2,82,71
6/3/2021,2:00:00,11.8,58,0.95,1126.144794,0,2,82,71
6/3/2021,3:00:00,11.8,58,0.95,1126.144794,0,2,79,87
6/3/2021,4:00:00,11.9,50,0.95,979.041719,0,2,79,87
6/3/2021,5:00:00,11.9,50,0.95,979.041719,0,2,79,87
6/3/2021,6:00:00,11.7,58,0.95,1116.601194,0,2,84,76
6/3/2021,7:00:00,11.8,50,0.95,970.8144776,0,2,84,76
6/3/2021,8:00:00,11.8,51,0.95,990.2307672,0,2,84,76
6/3/2021,9:00:00,11.8,52,0.95,1009.647057,0,2,86,65
6/3/2021,10:00:00,11.8,56,0.95,1087.312215,0,2,86,65
6/3/2021,11:00:00,11.8,50,0.95,970.8144776,0,2,86,65
6/3/2021,12:00:00,11.8,50,0.95,970.8144776,0,2,82,71
6/3/2021,13:00:00,11.8,52,0.95,1009.647057,0,2,82,71
6/3/2021,14:00:00,11.7,55,0.95,1058.84596,0,2,82,71
6/3/2021,15:00:00,11.8,57,0.95,1106.728505,0,2,80,76
6/3/2021,16:00:00,11.8,56,0.95,1087.312215,0,2,80,76
6/3/2021,17:00:00,11.8,55,0.95,1067.895925,0,2,80,76
6/3/2021,18:00:00,11.8,54,0.95,1048.479636,0,2,84,69
6/3/2021,19:00:00,11.8,56,0.95,1087.312215,0,2,84,69
6/3/2021,20:00:00,11.7,55,0.95,1058.84596,0,2,84,69
6/3/2021,21:00:00,11.7,53,0.95,1020.34247,0,2,78,85
6/3/2021,22:00:00,11.7,50,0.95,962.5872363,0,2,78,85
6/3/2021,23:00:00,11.7,49,0.95,943.3354916,0,2,78,85
6/4/2021,0:00:00,11.8,58,0.96,1137.99895,0,2,84,77
6/4/2021,1:00:00,11.8,58,0.96,1137.99895,0,2,84,77
6/4/2021,2:00:00,11.8,38,0.96,745.5855188,0,2,84,77
6/4/2021,3:00:00,11.7,38,0.96,739.2669975,0,2,92,48
6/4/2021,4:00:00,11.5,62,0.96,1185.554137,0,2,92,48
6/4/2021,5:00:00,11.4,66,0.96,1251.067227,0,2,92,48
6/4/2021,6:00:00,11.6,67,0.96,1292.303892,0,2,97,38
6/4/2021,7:00:00,11.6,68,0.96,1311.59201,0,2,97,38
6/4/2021,8:00:00,11.5,68,0.96,1300.285182,0,2,97,38
6/4/2021,9:00:00,11.5,70,0.96,1338.528864,0,2,91,44
6/4/2021,10:00:00,11.5,55,0.96,1051.70125,0,2,91,44
6/4/2021,11:00:00,11.5,57,0.96,1089.944932,0,2,91,44
6/4/2021,12:00:00,11.5,61,0.96,1166.432296,0,2,80,76
6/4/2021,13:00:00,11.5,61,0.96,1166.432296,0,2,80,76
6/4/2021,14:00:00,11.5,61,0.96,1166.432296,0,2,80,76
6/4/2021,15:00:00,11.7,32,0.96,622.5406295,0,2,80,85
6/4/2021,16:00:00,11.6,57,0.96,1099.422714,0,2,80,85
6/4/2021,17:00:00,11.7,44,0.96,855.9933655,0,2,80,85
6/4/2021,18:00:00,11.7,48,0.96,933.8109442,0,2,79,82
6/4/2021,19:00:00,11.7,48,0.96,933.8109442,0,2,79,82
6/4/2021,20:00:00,11.7,47,0.96,914.3565495,0,2,79,82
6/4/2021,21:00:00,11.7,45,0.96,875.4477602,0,2,79,89
6/4/2021,22:00:00,11.7,43,0.96,836.5389708,0,2,79,89
6/4/2021,23:00:00,11.7,42,0.96,817.0845762,0,2,79,89
6/5/2021,0:00:00,11.7,38,0.97,746.9676954,0,2,85,78
6/5/2021,1:00:00,11.7,38,0.97,746.9676954,0,2,85,78
6/5/2021,2:00:00,11.7,38,0.97,746.9676954,0,2,85,78
6/5/2021,3:00:00,11.7,36,0.97,707.6536061,0,2,91,57
6/5/2021,4:00:00,11.6,43,0.97,838.0285345,0,2,91,57
6/5/2021,5:00:00,11.6,60,0.97,1169.342141,0,2,91,57
6/5/2021,6:00:00,11.6,50,0.97,974.4517843,0,2,95,31
6/5/2021,7:00:00,11.6,60,0.97,1169.342141,0,2,95,31
6/5/2021,8:00:00,11.6,59,0.97,1149.853106,0,2,95,31
6/5/2021,9:00:00,11.6,60,0.97,1169.342141,0,2,93,45
6/5/2021,10:00:00,11.6,59,0.97,1149.853106,0,2,93,45
6/5/2021,11:00:00,11.6,58,0.97,1130.36407,0,2,93,45
6/5/2021,12:00:00,11.7,62,0.97,1218.736766,0,2,87,55
6/5/2021,13:00:00,11.7,62,0.97,1218.736766,0,2,87,55
6/5/2021,14:00:00,11.7,61,0.97,1199.079722,0,2,87,55
6/5/2021,15:00:00,11.7,60,0.97,1179.422677,0,2,85,68
6/5/2021,16:00:00,11.7,59,0.97,1159.765632,0,2,85,68
6/5/2021,17:00:00,11.8,56,0.97,1110.202998,0,2,85,68
6/5/2021,18:00:00,11.8,56,0.97,1110.202998,0,2,79,87
6/5/2021,19:00:00,11.7,55,0.97,1081.137454,0,2,79,87
6/5/2021,20:00:00,11.7,51,0.97,1002.509275,0,2,79,87
6/5/2021,21:00:00,11.7,48,0.97,943.5381415,0,2,81,68
6/5/2021,22:00:00,11.7,46,0.97,904.2240523,0,2,81,68
6/5/2021,23:00:00,11.7,43,0.97,845.2529184,0,2,81,68
6/6/2021,0:00:00,11.7,56,0.96,1089.446102,1,2,87,63
6/6/2021,1:00:00,11.7,56,0.96,1089.446102,1,2,87,63
6/6/2021,2:00:00,11.7,56,0.96,1089.446102,1,2,87,63
6/6/2021,3:00:00,11.7,56,0.96,1089.446102,1,2,93,40
6/6/2021,4:00:00,11.6,58,0.96,1118.710832,1,2,93,40
6/6/2021,5:00:00,11.5,60,0.96,1147.310455,1,2,93,40
6/6/2021,6:00:00,11.6,55,0.96,1060.846479,1,2,99,24
6/6/2021,7:00:00,11.6,63,0.96,1215.151421,1,2,99,24
6/6/2021,8:00:00,11.6,66,0.96,1273.015774,1,2,99,24
6/6/2021,9:00:00,11.5,69,0.96,1319.407023,1,2,98,26
6/6/2021,10:00:00,11.6,66,0.96,1273.015774,1,2,98,26
6/6/2021,11:00:00,11.6,43,0.96,829.3890651,1,2,98,26
6/6/2021,12:00:00,11.7,62,0.96,1206.17247,1,2,90,42
6/6/2021,13:00:00,11.7,61,0.96,1186.718075,1,2,90,42
6/6/2021,14:00:00,11.7,57,0.96,1108.900496,1,2,90,42
6/6/2021,15:00:00,11.8,66,0.96,1294.964322,1,2,86,66
6/6/2021,16:00:00,11.5,77,0.96,1472.38175,1,2,86,66
6/6/2021,17:00:00,11.6,70,0.96,1350.168246,1,2,86,66
6/6/2021,18:00:00,11.6,65,0.96,1253.727657,1,2,83,70
6/6/2021,19:00:00,11.6,57,0.96,1099.422714,1,2,83,70
6/6/2021,20:00:00,11.7,53,0.96,1031.082918,1,2,83,70
6/6/2021,21:00:00,11.7,48,0.96,933.8109442,1,2,84,72
6/6/2021,22:00:00,11.7,46,0.96,894.9021548,1,2,84,72
6/6/2021,23:00:00,11.7,44,0.96,855.9933655,1,2,84,72
6/7/2021,0:00:00,11.7,56,0.99,1123.491292,0,2,91,59
6/7/2021,1:00:00,11.7,56,0.99,1123.491292,0,2,91,59
6/7/2021,2:00:00,11.7,56,0.99,1123.491292,0,2,91,59
6/7/2021,3:00:00,11.7,56,0.99,1123.491292,0,2,97,40
6/7/2021,4:00:00,11.6,56,0.99,1113.888803,0,2,97,40
6/7/2021,5:00:00,11.5,61,0.99,1202.883305,0,2,97,40
6/7/2021,6:00:00,11.3,65,0.99,1259.469405,0,2,100,29
6/7/2021,7:00:00,11.3,73,0.99,1414.481024,0,2,100,29
6/7/2021,8:00:00,11.3,75,0.99,1453.233929,0,2,100,29
6/7/2021,9:00:00,11.2,78,0.99,1497.98839,0,2,97,31
6/7/2021,10:00:00,11.2,75,0.99,1440.373452,0,2,97,31
6/7/2021,11:00:00,11.3,69,0.99,1336.975215,0,2,97,31
6/7/2021,12:00:00,11.3,67,0.99,1298.22231,0,2,84,73
6/7/2021,13:00:00,11.4,43,0.99,840.5607928,0,2,84,73
6/7/2021,14:00:00,11.3,67,0.99,1298.22231,0,2,84,73
6/7/2021,15:00:00,11.3,67,0.99,1298.22231,0,2,85,69
6/7/2021,16:00:00,11.5,67,0.99,1321.199696,0,2,85,69
6/7/2021,17:00:00,11.6,67,0.99,1332.688389,0,2,85,69
6/7/2021,18:00:00,11.6,56,0.99,1113.888803,0,2,86,68
6/7/2021,19:00:00,11.6,54,0.99,1074.10706,0,2,86,68
6/7/2021,20:00:00,11.6,53,0.99,1054.216188,0,2,86,68
6/7/2021,21:00:00,11.7,50,0.99,1003.117225,0,2,84,69
6/7/2021,22:00:00,11.7,48,0.99,962.9925362,0,2,84,69
6/7/2021,23:00:00,11.7,45,0.99,902.8055027,0,2,84,69
6/8/2021,0:00:00,11.7,51,0.97,1002.509275,0,2,88,57
6/8/2021,1:00:00,11.7,51,0.97,1002.509275,0,2,88,57
6/8/2021,2:00:00,11.6,51,0.97,993.94082,0,2,88,57
6/8/2021,3:00:00,11.5,51,0.97,985.3723647,0,2,93,45
6/8/2021,4:00:00,11.5,56,0.97,1081.977498,0,2,93,45
6/8/2021,5:00:00,11.5,61,0.97,1178.582632,0,2,93,45
6/8/2021,6:00:00,11.4,60,0.97,1149.18107,0,2,98,37
6/8/2021,7:00:00,11.3,64,0.97,1215.04057,0,2,98,37
6/8/2021,8:00:00,11.3,67,0.97,1271.995596,0,2,98,37
6/8/2021,9:00:00,11.3,66,0.97,1253.010588,0,2,80,87
6/8/2021,10:00:00,11.2,68,0.97,1279.555998,0,2,80,87
6/8/2021,11:00:00,11.2,64,0.97,1204.287998,0,2,80,87
6/8/2021,12:00:00,11.2,64,0.97,1204.287998,0,2,80,79
6/8/2021,13:00:00,11.4,63,0.97,1206.640123,0,2,80,79
6/8/2021,14:00:00,11.4,63,0.97,1206.640123,0,2,80,79
6/8/2021,15:00:00,11.3,68,0.97,1290.980605,0,2,81,79
6/8/2021,16:00:00,11.3,72,0.97,1366.920641,0,2,81,79
6/8/2021,17:00:00,11.4,67,0.97,1283.252195,0,2,81,79
6/8/2021,18:00:00,11.5,50,0.97,966.0513379,0,2,84,73
6/8/2021,19:00:00,11.6,56,0.97,1091.385998,0,2,84,73
6/8/2021,20:00:00,11.6,56,0.97,1091.385998,0,2,84,73
6/8/2021,21:00:00,11.6,52,0.97,1013.429856,0,2,79,84
6/8/2021,22:00:00,11.6,50,0.97,974.4517843,0,2,79,84
6/8/2021,23:00:00,11.6,46,0.97,896.4956416,0,2,79,84
6/9/2021,0:00:00,11.6,61,0.97,1188.831177,0,2,80,88
6/9/2021,1:00:00,11.6,61,0.97,1188.831177,0,2,80,88
6/9/2021,2:00:00,11.6,60,0.97,1169.342141,0,2,80,88
6/9/2021,3:00:00,11.6,60,0.97,1169.342141,0,2,86,59
6/9/2021,4:00:00,11.6,60,0.97,1169.342141,0,2,86,59
6/9/2021,5:00:00,11.6,54,0.97,1052.407927,0,2,86,59
6/9/2021,6:00:00,11.6,89,0.97,1734.524176,0,2,86,59
6/9/2021,7:00:00,11.6,91,0.97,1773.502247,0,2,86,59
6/9/2021,8:00:00,11.5,53,0.97,1024.014418,0,2,86,59
6/9/2021,9:00:00,11.5,55,0.97,1062.656472,0,2,85,60
6/9/2021,10:00:00,11.5,48,0.97,927.4092844,0,2,85,60
6/9/2021,11:00:00,11.5,48,0.97,927.4092844,0,2,85,60
6/9/2021,12:00:00,11.5,53,0.97,1024.014418,0,2,83,70
6/9/2021,13:00:00,11.5,57,0.97,1101.298525,0,2,83,70
6/9/2021,14:00:00,11.5,60,0.97,1159.261606,0,2,83,70
6/9/2021,15:00:00,11.5,52,0.97,1004.693391,0,2,82,84
6/9/2021,16:00:00,11.6,48,0.97,935.473713,0,2,82,84
6/9/2021,17:00:00,11.6,51,0.97,993.94082,0,2,82,84
6/9/2021,18:00:00,11.5,47,0.97,908.0882576,0,2,80,82
6/9/2021,19:00:00,11.6,50,0.97,974.4517843,0,2,80,82
6/9/2021,20:00:00,11.6,49,0.97,954.9627487,0,2,80,82
6/9/2021,21:00:00,11.6,47,0.97,915.9846773,0,2,78,80
6/9/2021,22:00:00,11.6,45,0.97,877.0066059,0,2,78,80
6/9/2021,23:00:00,11.6,43,0.97,838.0285345,0,2,78,80
6/10/2021,0:00:00,11.6,51,0.98,1004.187633,0,2,82,62
6/10/2021,1:00:00,11.6,51,0.98,1004.187633,0,2,82,62
6/10/2021,2:00:00,11.6,51,0.98,1004.187633,0,2,82,62
6/10/2021,3:00:00,11.5,51,0.98,995.5308427,0,2,87,55
6/10/2021,4:00:00,11.5,54,0.98,1054.09148,0,2,87,55
6/10/2021,5:00:00,11.4,59,0.98,1141.677826,0,2,87,55
6/10/2021,6:00:00,11.5,50,0.98,976.0106301,0,2,91,40
6/10/2021,7:00:00,11.6,50,0.98,984.497679,0,2,91,40
6/10/2021,8:00:00,11.6,52,0.98,1023.877586,0,2,91,40
6/10/2021,9:00:00,11.6,51,0.98,1004.187633,0,2,79,90
6/10/2021,10:00:00,11.6,53,0.98,1043.56754,0,2,79,90
6/10/2021,11:00:00,11.5,52,0.98,1015.051055,0,2,79,90
6/10/2021,12:00:00,11.6,63,0.98,1240.467076,0,2,80,80
6/10/2021,13:00:00,11.6,50,0.98,984.497679,0,2,80,80
6/10/2021,14:00:00,11.6,50,0.98,984.497679,0,2,80,80
6/10/2021,15:00:00,11.5,50,0.98,976.0106301,0,2,79,73
6/10/2021,16:00:00,11.4,64,0.98,1238.430184,0,2,79,73
6/10/2021,17:00:00,11.7,43,0.98,853.9668661,0,2,79,73
6/10/2021,18:00:00,11.7,45,0.98,893.6862552,0,2,77,86
6/10/2021,19:00:00,11.7,47,0.98,933.4056443,0,2,77,86
6/10/2021,20:00:00,11.7,45,0.98,893.6862552,0,2,77,86
6/10/2021,21:00:00,11.7,43,0.98,853.9668661,0,2,76,90
6/10/2021,22:00:00,11.7,42,0.98,834.1071715,0,2,76,90
6/10/2021,23:00:00,11.7,40,0.98,794.3877824,0,2,76,90
6/11/2021,0:00:00,11.7,38,0.96,739.2669975,0,2,81,70
6/11/2021,1:00:00,11.7,36,0.96,700.3582081,0,2,81,70
6/11/2021,2:00:00,11.7,36,0.96,700.3582081,0,2,81,70
6/11/2021,3:00:00,11.7,36,0.96,700.3582081,0,2,86,51
6/11/2021,4:00:00,11.7,34,0.96,661.4494188,0,2,86,51
6/11/2021,5:00:00,11.7,33,0.96,641.9950241,0,2,86,51
6/11/2021,6:00:00,11.6,62,0.96,1195.863303,0,2,85,49
6/11/2021,7:00:00,11.7,55,0.96,1069.991707,0,2,85,49
6/11/2021,8:00:00,11.6,57,0.96,1099.422714,0,2,85,49
6/11/2021,9:00:00,11.7,50,0.96,972.7197335,0,2,86,45
6/11/2021,10:00:00,11.7,54,0.96,1050.537312,0,2,86,45
6/11/2021,11:00:00,11.6,52,0.96,1002.982125,0,2,86,45
6/11/2021,12:00:00,11.7,50,0.96,972.7197335,0,2,83,54
6/11/2021,13:00:00,11.7,52,0.96,1011.628523,0,2,83,54
6/11/2021,14:00:00,11.5,53,0.96,1013.457569,0,2,83,54
6/11/2021,15:00:00,11.5,53,0.96,1013.457569,0,2,84,53
6/11/2021,16:00:00,11.5,51,0.96,975.2138867,0,2,84,53
6/11/2021,17:00:00,11.7,48,0.96,933.8109442,0,2,84,53
6/11/2021,18:00:00,11.6,47,0.96,906.5415363,0,2,77,90
6/11/2021,19:00:00,11.6,51,0.96,983.6940074,0,2,77,90
6/11/2021,20:00:00,11.6,51,0.96,983.6940074,0,2,77,90
6/11/2021,21:00:00,11.7,46,0.96,894.9021548,0,2,76,85
6/11/2021,22:00:00,11.7,45,0.96,875.4477602,0,2,76,85
6/11/2021,23:00:00,11.7,40,0.96,778.1757868,0,2,76,85
6/12/2021,0:00:00,11.7,38,0.97,746.9676954,0,2,81,81
6/12/2021,1:00:00,11.7,36,0.97,707.6536061,0,2,81,81
6/12/2021,2:00:00,11.7,36,0.97,707.6536061,0,2,81,81
6/12/2021,3:00:00,11.7,36,0.97,707.6536061,0,2,87,64
6/12/2021,4:00:00,11.7,36,0.97,707.6536061,0,2,87,64
6/12/2021,5:00:00,11.7,53,0.97,1041.823365,0,2,87,64
6/12/2021,6:00:00,11.7,65,0.97,1277.7079,0,2,88,55
6/12/2021,7:00:00,11.5,48,0.97,927.4092844,0,2,88,55
6/12/2021,8:00:00,11.6,48,0.97,935.473713,0,2,88,55
6/12/2021,9:00:00,11.7,55,0.97,1081.137454,0,2,87,64
6/12/2021,10:00:00,11.7,52,0.97,1022.16632,0,2,87,64
6/12/2021,11:00:00,11.6,52,0.97,1013.429856,0,2,87,64
6/12/2021,12:00:00,11.5,66,0.97,1275.187766,0,2,84,73
6/12/2021,13:00:00,11.5,63,0.97,1217.224686,0,2,84,73
6/12/2021,14:00:00,11.4,60,0.97,1149.18107,0,2,84,73
6/12/2021,15:00:00,11.5,57,0.97,1101.298525,0,2,84,69
6/12/2021,16:00:00,11.5,56,0.97,1081.977498,0,2,84,69
6/12/2021,17:00:00,11.5,55,0.97,1062.656472,0,2,84,69
6/12/2021,18:00:00,11.6,56,0.97,1091.385998,0,2,83,59
6/12/2021,19:00:00,11.7,54,0.97,1061.480409,0,2,83,59
6/12/2021,20:00:00,11.7,53,0.97,1041.823365,0,2,83,59
6/12/2021,21:00:00,11.7,46,0.97,904.2240523,0,2,80,73
6/12/2021,22:00:00,11.7,45,0.97,884.5670077,0,2,80,73
6/12/2021,23:00:00,11.7,41,0.97,805.9388292,0,2,80,73
6/13/2021,0:00:00,11.6,51,0.99,1014.434445,1,2,82,68
6/13/2021,1:00:00,11.6,51,0.99,1014.434445,1,2,82,68
6/13/2021,2:00:00,11.6,51,0.99,1014.434445,1,2,82,68
6/13/2021,3:00:00,11.6,51,0.99,1014.434445,1,2,88,58
6/13/2021,4:00:00,11.6,51,0.99,1014.434445,1,2,88,58
6/13/2021,5:00:00,11.6,52,0.99,1034.325317,1,2,88,58
6/13/2021,6:00:00,11.4,61,0.99,1192.42345,1,2,93,47
6/13/2021,7:00:00,11.4,64,0.99,1251.067227,1,2,93,47
6/13/2021,8:00:00,11.4,59,0.99,1153.327599,1,2,93,47
6/13/2021,9:00:00,11.5,62,0.99,1222.602704,1,2,85,60
6/13/2021,10:00:00,11.4,60,0.99,1172.875525,1,2,85,60
6/13/2021,11:00:00,11.4,64,0.99,1251.067227,1,2,85,60
6/13/2021,12:00:00,11.4,77,0.99,1505.190257,1,2,80,85
6/13/2021,13:00:00,11.5,66,0.99,1301.480297,1,2,80,85
6/13/2021,14:00:00,11.5,66,0.99,1301.480297,1,2,80,85
6/13/2021,15:00:00,11.5,66,0.99,1301.480297,1,2,75,87
6/13/2021,16:00:00,11.5,74,0.99,1459.235485,1,2,75,87
6/13/2021,17:00:00,11.6,34,0.99,676.2896301,1,2,75,87
6/13/2021,18:00:00,11.6,52,0.99,1034.325317,1,2,83,74
6/13/2021,19:00:00,11.6,50,0.99,994.5435737,1,2,83,74
6/13/2021,20:00:00,11.6,48,0.99,954.7618308,1,2,83,87
6/13/2021,21:00:00,11.7,46,0.99,922.8678472,1,2,74,87
6/13/2021,22:00:00,11.7,42,0.99,842.6184692,1,2,74,87
6/13/2021,23:00:00,11.7,40,0.99,802.4937802,1,2,74,85
6/14/2021,0:00:00,11.7,38,0.98,754.6683933,0,2,79,85
6/14/2021,1:00:00,11.7,38,0.98,754.6683933,0,2,79,85
6/14/2021,2:00:00,11.7,36,0.98,714.9490041,0,2,79,77
6/14/2021,3:00:00,11.7,34,0.98,675.229615,0,2,82,77
6/14/2021,4:00:00,11.7,32,0.98,635.5102259,0,2,82,77
6/14/2021,5:00:00,11.7,30,0.98,595.7908368,0,2,82,64
6/14/2021,6:00:00,11.7,50,0.98,992.984728,0,2,88,64
6/14/2021,7:00:00,11.6,52,0.98,1023.877586,0,2,88,64
6/14/2021,8:00:00,11.6,55,0.98,1082.947447,0,2,88,58
6/14/2021,9:00:00,11.6,42,0.98,826.9780504,0,2,90,58
6/14/2021,10:00:00,11.6,50,0.98,984.497679,0,2,90,58
6/14/2021,11:00:00,11.5,51,0.98,995.5308427,0,2,90,58
6/14/2021,12:00:00,11.5,52,0.98,1015.051055,0,2,86,67
6/14/2021,13:00:00,11.6,54,0.98,1063.257493,0,2,86,67
6/14/2021,14:00:00,11.6,52,0.98,1023.877586,0,2,86,67
6/14/2021,15:00:00,11.6,50,0.98,984.497679,0,2,85,62
6/14/2021,16:00:00,11.6,55,0.98,1082.947447,0,2,85,62
6/14/2021,17:00:00,11.5,58,0.98,1132.172331,0,2,85,62
6/14/2021,18:00:00,11.6,55,0.98,1082.947447,0,2,74,87
6/14/2021,19:00:00,11.6,50,0.98,984.497679,0,2,74,87
6/14/2021,20:00:00,11.6,46,0.98,905.7378647,0,2,74,87
6/14/2021,21:00:00,11.7,45,0.98,893.6862552,0,2,76,90
6/14/2021,22:00:00,11.7,40,0.98,794.3877824,0,2,76,90
6/14/2021,23:00:00,11.8,39,0.98,781.147986,0,2,76,90
6/15/2021,0:00:00,11.8,39,0.99,789.1188838,0,2,77,91
6/15/2021,1:00:00,11.8,39,0.99,789.1188838,0,2,77,91
6/15/2021,2:00:00,11.8,38,0.99,768.8850663,0,2,77,91
6/15/2021,3:00:00,11.7,38,0.99,762.3690912,0,2,79,89
6/15/2021,4:00:00,11.6,45,0.99,895.0892163,0,2,79,89
6/15/2021,5:00:00,11.4,56,0.99,1094.683823,0,2,79,89
6/15/2021,6:00:00,11.5,57,0.99,1124.005711,0,2,87,60
6/15/2021,7:00:00,11.4,61,0.99,1192.42345,0,2,87,60
6/15/2021,8:00:00,11.3,60,0.99,1162.587143,0,2,87,60
6/15/2021,9:00:00,11.3,60,0.99,1162.587143,0,2,79,85
6/15/2021,10:00:00,11.4,58,0.99,1133.779674,0,2,79,85
6/15/2021,11:00:00,11.5,55,0.99,1084.566914,0,2,79,85
6/15/2021,12:00:00,11.5,54,0.99,1064.847516,0,2,79,86
6/15/2021,13:00:00,11.4,54,0.99,1055.587972,0,2,79,86
6/15/2021,14:00:00,11.4,53,0.99,1036.040047,0,2,79,86
6/15/2021,15:00:00,11.5,61,0.99,1202.883305,0,2,80,80
6/15/2021,16:00:00,11.5,65,0.99,1281.760899,0,2,80,80
6/15/2021,17:00:00,11.6,51,0.99,1014.434445,0,2,80,80
6/15/2021,18:00:00,11.6,52,0.99,1034.325317,0,2,80,83
6/15/2021,19:00:00,11.6,50,0.99,994.5435737,0,2,80,83
6/15/2021,20:00:00,11.6,45,0.99,895.0892163,0,2,80,83
6/15/2021,21:00:00,11.6,44,0.99,875.1983449,0,2,77,82
6/15/2021,22:00:00,11.6,40,0.99,795.634859,0,2,77,82
6/15/2021,23:00:00,11.7,40,0.99,802.4937802,0,2,77,82
6/16/2021,0:00:00,11.7,39,0.98,774.5280878,0,2,89,73
6/16/2021,1:00:00,11.7,39,0.98,774.5280878,0,2,89,73
6/16/2021,2:00:00,11.7,39,0.98,774.5280878,0,2,89,73
6/16/2021,3:00:00,11.6,36,0.98,708.8383289,0,2,87,52
6/16/2021,4:00:00,11.6,35,0.98,689.1483753,0,2,87,52
6/16/2021,5:00:00,11.5,65,0.98,1268.813819,0,2,87,52
6/16/2021,6:00:00,11.3,64,0.98,1227.566761,0,2,86,66
6/16/2021,7:00:00,11.2,72,0.98,1368.791256,0,2,86,66
6/16/2021,8:00:00,11.2,69,0.98,1311.758287,0,2,86,66
6/16/2021,9:00:00,11.3,68,0.98,1304.289684,0,2,91,45
6/16/2021,10:00:00,11.3,64,0.98,1227.566761,0,2,91,45
6/16/2021,11:00:00,11.3,66,0.98,1265.928222,0,2,91,45
6/16/2021,12:00:00,11.4,64,0.98,1238.430184,0,2,81,86
6/16/2021,13:00:00,11.4,64,0.98,1238.430184,0,2,81,86
6/16/2021,14:00:00,11.4,64,0.98,1238.430184,0,2,81,86
6/16/2021,15:00:00,11.3,71,0.98,1361.831876,0,2,81,87
6/16/2021,16:00:00,11.4,75,0.98,1451.285372,0,2,81,87
6/16/2021,17:00:00,11.5,57,0.98,1112.652118,0,2,81,87
6/16/2021,18:00:00,11.4,52,0.98,1006.224524,0,2,79,84
6/16/2021,19:00:00,11.5,53,0.98,1034.571268,0,2,79,84
6/16/2021,20:00:00,11.6,50,0.98,984.497679,0,2,79,84
6/16/2021,21:00:00,11.6,48,0.98,945.1177719,0,2,78,83
6/16/2021,22:00:00,11.6,46,0.98,905.7378647,0,2,78,83
6/16/2021,23:00:00,11.6,42,0.98,826.9780504,0,2,78,83
6/17/2021,0:00:00,11.6,57,0.98,1122.327354,0,2,83,67
6/17/2021,1:00:00,11.6,57,0.98,1122.327354,0,2,83,67
6/17/2021,2:00:00,11.6,57,0.98,1122.327354,0,2,83,67
6/17/2021,3:00:00,11.5,60,0.98,1171.212756,0,2,84,65
6/17/2021,4:00:00,11.4,65,0.98,1257.780655,0,2,84,65
6/17/2021,5:00:00,11.3,72,0.98,1381.012606,0,2,84,65
6/17/2021,6:00:00,11.3,68,0.98,1304.289684,0,2,86,59
6/17/2021,7:00:00,11.3,65,0.98,1246.747492,0,2,86,59
6/17/2021,8:00:00,11.3,50,0.98,959.0365322,0,2,86,59
6/17/2021,9:00:00,11.3,82,0.98,1572.819913,0,2,89,55
6/17/2021,10:00:00,11.4,60,0.98,1161.028297,0,2,89,55
6/17/2021,11:00:00,11.4,64,0.98,1238.430184,0,2,89,55
6/17/2021,12:00:00,11.4,66,0.98,1277.131127,0,2,82,75
6/17/2021,13:00:00,11.5,57,0.98,1112.652118,0,2,82,75
6/17/2021,14:00:00,11.5,57,0.98,1112.652118,0,2,82,75
6/17/2021,15:00:00,11.4,70,0.98,1354.533014,0,2,82,75
6/17/2021,16:00:00,11.4,74,0.98,1431.9349,0,2,82,75
6/17/2021,17:00:00,11.4,58,0.98,1122.327354,0,2,82,75
6/17/2021,18:00:00,11.6,55,0.98,1082.947447,0,2,80,75
6/17/2021,19:00:00,11.6,57,0.98,1122.327354,0,2,80,75
6/17/2021,20:00:00,11.6,54,0.98,1063.257493,0,2,80,75
6/17/2021,21:00:00,11.6,48,0.98,945.1177719,0,2,79,83
6/17/2021,22:00:00,11.6,42,0.98,826.9780504,0,2,79,83
6/17/2021,23:00:00,11.6,39,0.98,767.9081896,0,2,79,83
6/18/2021,0:00:00,11.7,48,0.99,962.9925362,0,2,84,64
6/18/2021,1:00:00,11.7,48,0.99,962.9925362,0,2,84,64
6/18/2021,2:00:00,11.7,48,0.99,962.9925362,0,2,84,64
6/18/2021,3:00:00,11.6,48,0.99,954.7618308,0,2,89,46
6/18/2021,4:00:00,11.6,54,0.99,1074.10706,0,2,89,46
6/18/2021,5:00:00,11.5,58,0.99,1143.72511,0,2,89,46
6/18/2021,6:00:00,11.4,67,0.99,1309.711003,0,2,92,38
6/18/2021,7:00:00,11.3,68,0.99,1317.598762,0,2,92,38
6/18/2021,8:00:00,11.2,87,0.99,1670.833204,0,2,92,38
6/18/2021,9:00:00,11.2,85,0.99,1632.423245,0,2,86,59
6/18/2021,10:00:00,11.2,81,0.99,1555.603328,0,2,86,59
6/18/2021,11:00:00,11.3,72,0.99,1395.104572,0,2,86,59
6/18/2021,12:00:00,11.3,66,0.99,1278.845857,0,2,86,58
6/18/2021,13:00:00,11.3,66,0.99,1278.845857,0,2,86,58
6/18/2021,14:00:00,11.3,65,0.99,1259.469405,0,2,86,58
6/18/2021,15:00:00,11.3,74,0.99,1433.857476,0,2,85,60
6/18/2021,16:00:00,11.3,82,0.99,1588.869096,0,2,85,60
6/18/2021,17:00:00,11.4,78,0.99,1524.738182,0,2,85,60
6/18/2021,18:00:00,11.6,53,0.99,1054.216188,0,2,81,84
6/18/2021,19:00:00,11.6,55,0.99,1093.997931,0,2,81,84
6/18/2021,20:00:00,11.6,52,0.99,1034.325317,0,2,81,84
6/18/2021,21:00:00,11.6,42,0.99,835.4166019,0,2,79,64
6/18/2021,22:00:00,11.6,41,0.99,815.5257304,0,2,79,64
6/18/2021,23:00:00,11.6,40,0.99,795.634859,0,2,79,64
6/19/2021,0:00:00,11.6,39,0.94,736.5649982,0,2,84,60
6/19/2021,1:00:00,11.6,29,0.94,547.7021782,0,2,84,60
6/19/2021,2:00:00,11.6,38,0.94,717.6787162,0,2,84,60
6/19/2021,3:00:00,11.6,37,0.94,698.7924342,0,2,86,58
6/19/2021,4:00:00,11.5,61,0.94,1142.131623,0,2,86,58
6/19/2021,5:00:00,11.3,68,0.94,1251.05337,0,2,86,58
6/19/2021,6:00:00,11.2,72,0.94,1312.922225,0,2,91,47
6/19/2021,7:00:00,11.2,80,0.94,1458.802472,0,2,91,47
6/19/2021,8:00:00,11.2,80,0.94,1458.802472,0,2,91,47
6/19/2021,9:00:00,11.3,82,0.94,1508.623182,0,2,89,54
6/19/2021,10:00:00,11.4,70,0.94,1299.245952,0,2,89,54
6/19/2021,11:00:00,11.3,68,0.94,1251.05337,0,2,89,54
6/19/2021,12:00:00,11.5,75,0.94,1404.260192,0,2,86,59
6/19/2021,13:00:00,11.4,70,0.94,1299.245952,0,2,86,59
6/19/2021,14:00:00,11.3,72,0.94,1324.644745,0,2,86,59
6/19/2021,15:00:00,11.3,76,0.94,1398.23612,0,2,81,84
6/19/2021,16:00:00,11.3,81,0.94,1490.225338,0,2,81,84
6/19/2021,17:00:00,11.5,68,0.94,1273.195908,0,2,81,84
6/19/2021,18:00:00,11.5,48,0.94,898.726523,0,2,83,58
6/19/2021,19:00:00,11.5,54,0.94,1011.067338,0,2,83,58
6/19/2021,20:00:00,11.5,52,0.94,973.6204,0,2,83,58
6/19/2021,21:00:00,11.6,42,0.94,793.2238442,0,2,79,72
6/19/2021,22:00:00,11.6,41,0.94,774.3375622,0,2,79,72
6/19/2021,23:00:00,11.6,40,0.94,755.4512802,0,2,79,72
6/20/2021,0:00:00,11.6,40,0.98,787.5981432,1,2,84,63
6/20/2021,1:00:00,11.6,40,0.98,787.5981432,1,2,84,63
6/20/2021,2:00:00,11.6,54,0.98,1063.257493,1,2,84,63
6/20/2021,3:00:00,11.5,64,0.98,1249.293606,1,2,89,49
6/20/2021,4:00:00,11.4,70,0.98,1354.533014,1,2,89,49
6/20/2021,5:00:00,11.2,84,0.98,1596.923132,1,2,89,49
6/20/2021,6:00:00,11.2,83,0.98,1577.912142,1,2,92,38
6/20/2021,7:00:00,11.2,92,0.98,1749.011049,1,2,92,38
6/20/2021,8:00:00,11.2,92,0.98,1749.011049,1,2,92,38
6/20/2021,9:00:00,11.2,89,0.98,1691.97808,1,2,94,33
6/20/2021,10:00:00,11.2,88,0.98,1672.96709,1,2,94,33
6/20/2021,11:00:00,11.2,84,0.98,1596.923132,1,2,94,33
6/20/2021,12:00:00,11.2,82,0.98,1558.901152,1,2,89,49
6/20/2021,13:00:00,11.3,78,0.98,1496.09699,1,2,89,49
6/20/2021,14:00:00,11.3,80,0.98,1534.458451,1,2,89,49
6/20/2021,15:00:00,11.2,88,0.98,1672.96709,1,2,84,74
6/20/2021,16:00:00,11.2,96,0.98,1825.055008,1,2,84,74
6/20/2021,17:00:00,11.3,90,0.98,1726.265758,1,2,84,74
6/20/2021,18:00:00,11.5,52,0.98,1015.051055,1,2,80,78
6/20/2021,19:00:00,11.5,57,0.98,1112.652118,1,2,80,78
6/20/2021,20:00:00,11.5,54,0.98,1054.09148,1,2,80,78
6/20/2021,21:00:00,11.5,48,0.98,936.9702049,1,2,83,54
6/20/2021,22:00:00,11.5,45,0.98,878.4095671,1,2,83,54
6/20/2021,23:00:00,11.6,40,0.98,787.5981432,1,2,83,54
6/21/2021,0:00:00,11.5,61,0.96,1166.432296,0,2,85,58
6/21/2021,1:00:00,11.5,61,0.96,1166.432296,0,2,85,58
6/21/2021,2:00:00,11.5,61,0.96,1166.432296,0,2,85,58
6/21/2021,3:00:00,11.4,68,0.96,1288.978355,0,2,91,45
6/21/2021,4:00:00,11.4,84,0.96,1592.267379,0,2,91,45
6/21/2021,5:00:00,11.3,96,0.96,1803.771567,0,2,91,45
6/21/2021,6:00:00,11.5,104,0.96,1988.671455,0,2,95,36
6/21/2021,7:00:00,11.5,107,0.96,2046.036978,0,2,95,36
6/21/2021,8:00:00,11.4,112,0.96,2123.023172,0,2,95,36
6/21/2021,9:00:00,11.6,103,0.96,1986.676133,0,2,94,33
6/21/2021,10:00:00,11.5,92,0.96,1759.209364,0,2,94,33
6/21/2021,11:00:00,11.5,92,0.96,1759.209364,0,2,94,33
6/21/2021,12:00:00,11.5,92,0.96,1759.209364,0,2,88,59
6/21/2021,13:00:00,11.7,89,0.96,1731.441126,0,2,88,59
6/21/2021,14:00:00,11.6,90,0.96,1735.930601,0,2,88,59
6/21/2021,15:00:00,11.5,98,0.96,1873.94041,0,2,86,63
6/21/2021,16:00:00,11.4,107,0.96,2028.245352,0,2,86,63
6/21/2021,17:00:00,11.5,101,0.96,1931.305932,0,2,86,63
6/21/2021,18:00:00,11.3,46,0.96,864.3072094,0,2,84,56
6/21/2021,19:00:00,11.4,59,0.96,1118.378278,0,2,84,56
6/21/2021,20:00:00,11.4,56,0.96,1061.511586,0,2,84,56
6/21/2021,21:00:00,11.4,50,0.96,947.7782019,0,2,84,56
6/21/2021,22:00:00,11.5,48,0.96,917.8483639,0,2,84,56
6/21/2021,23:00:00,11.5,45,0.96,860.4828412,0,2,86,59
6/22/2021,0:00:00,11.5,61,0.97,1178.582632,0,2,86,59
6/22/2021,1:00:00,11.5,61,0.97,1178.582632,0,2,86,59
6/22/2021,2:00:00,11.5,61,0.97,1178.582632,0,2,86,59
6/22/2021,3:00:00,11.4,68,0.97,1302.405212,0,2,89,56
6/22/2021,4:00:00,11.3,80,0.97,1518.800712,0,2,89,56
6/22/2021,5:00:00,11.2,87,0.97,1637.078998,0,2,89,56
6/22/2021,6:00:00,11.3,100,0.97,1898.50089,0,2,93,37
6/22/2021,7:00:00,11.5,105,0.97,2028.70781,0,2,93,37
6/22/2021,8:00:00,11.5,102,0.97,1970.744729,0,2,93,37
6/22/2021,9:00:00,11.5,91,0.97,1758.213435,0,2,93,39
6/22/2021,10:00:00,11.6,93,0.97,1812.480319,0,2,93,39
6/22/2021,11:00:00,11.6,99,0.97,1929.414533,0,2,93,39
6/22/2021,12:00:00,11.7,99,0.97,1946.047417,0,2,88,56
6/22/2021,13:00:00,11.7,93,0.97,1828.105149,0,2,88,56
6/22/2021,14:00:00,11.6,97,0.97,1890.436462,0,2,88,56
6/22/2021,15:00:00,11.6,102,0.97,1987.88164,0,2,86,62
6/22/2021,16:00:00,11.6,92,0.97,1792.991283,0,2,86,62
6/22/2021,17:00:00,11.8,91,0.97,1804.079872,0,2,86,62
6/22/2021,18:00:00,11.5,54,0.97,1043.335445,0,2,85,68
6/22/2021,19:00:00,11.5,56,0.97,1081.977498,0,2,85,68
6/22/2021,20:00:00,11.5,55,0.97,1062.656472,0,2,85,68
6/22/2021,21:00:00,11.5,51,0.97,985.3723647,0,2,78,85
6/22/2021,22:00:00,11.5,48,0.97,927.4092844,0,2,78,85
6/22/2021,23:00:00,11.5,45,0.97,869.4462041,0,2,78,85
6/23/2021,0:00:00,11.5,65,0.96,1242.91966,0,2,82,84
6/23/2021,1:00:00,11.5,65,0.96,1242.91966,0,2,82,84
6/23/2021,2:00:00,11.5,65,0.96,1242.91966,0,2,82,84
6/23/2021,3:00:00,11.5,68,0.96,1300.285182,0,2,86,66
6/23/2021,4:00:00,11.4,82,0.96,1554.356251,0,2,86,66
6/23/2021,5:00:00,11.3,84,0.96,1578.300121,0,2,86,66
6/23/2021,6:00:00,11.5,93,0.96,1778.331205,0,2,85,69
6/23/2021,7:00:00,11.5,108,0.96,2065.158819,0,2,85,69
6/23/2021,8:00:00,11.4,106,0.96,2009.289788,0,2,85,69
6/23/2021,9:00:00,11.6,99,0.96,1909.523662,0,2,85,75
6/23/2021,10:00:00,11.7,85,0.96,1653.623547,0,2,85,75
6/23/2021,11:00:00,11.7,83,0.96,1614.714758,0,2,85,75
6/23/2021,12:00:00,11.8,87,0.96,1706.998425,0,2,83,80
6/23/2021,13:00:00,11.8,81,0.96,1589.274395,0,2,83,80
6/23/2021,14:00:00,11.5,76,0.96,1453.25991,0,2,83,80
6/23/2021,15:00:00,11.5,80,0.96,1529.747273,0,2,82,81
6/23/2021,16:00:00,11.5,82,0.96,1567.990955,0,2,82,81
6/23/2021,17:00:00,11.7,80,0.96,1556.351574,0,2,82,81
6/23/2021,18:00:00,11.6,50,0.96,964.4058897,0,2,80,85
6/23/2021,19:00:00,11.6,59,0.96,1137.99895,0,2,80,85
6/23/2021,20:00:00,11.6,55,0.96,1060.846479,0,2,80,85
6/23/2021,21:00:00,11.6,50,0.96,964.4058897,0,2,80,79
6/23/2021,22:00:00,11.6,46,0.96,887.2534185,0,2,80,79
6/23/2021,23:00:00,11.6,45,0.96,867.9653007,0,2,80,79
6/24/2021,0:00:00,11.6,73,0.9,1320.030561,0,2,83,70
6/24/2021,1:00:00,11.6,73,0.9,1320.030561,0,2,83,70
6/24/2021,2:00:00,11.6,73,0.9,1320.030561,0,2,83,70
6/24/2021,3:00:00,11.5,70,0.9,1254.87081,0,2,86,64
6/24/2021,4:00:00,11.4,68,0.9,1208.417207,0,2,86,64
6/24/2021,5:00:00,11.4,68,0.9,1208.417207,0,2,86,64
6/24/2021,6:00:00,11.3,81,0.9,1426.811494,0,2,87,55
6/24/2021,7:00:00,11.2,84,0.9,1466.56206,0,2,87,55
6/24/2021,8:00:00,11.2,88,0.9,1536.398348,0,2,87,55
6/24/2021,9:00:00,11.4,90,0.9,1599.375716,0,2,89,52
6/24/2021,10:00:00,11.5,85,0.9,1523.771698,0,2,89,52
6/24/2021,11:00:00,11.5,82,0.9,1469.99152,0,2,89,52
6/24/2021,12:00:00,11.5,83,0.9,1487.918246,0,2,83,67
6/24/2021,13:00:00,11.5,78,0.9,1398.284617,0,2,83,67
6/24/2021,14:00:00,11.5,80,0.9,1434.138069,0,2,83,67
6/24/2021,15:00:00,11.5,82,0.9,1469.99152,0,2,82,78
6/24/2021,16:00:00,11.5,87,0.9,1559.62515,0,2,82,78
6/24/2021,17:00:00,11.6,76,0.9,1374.278393,0,2,82,78
6/24/2021,18:00:00,11.6,45,0.9,813.7174694,0,2,81,84
6/24/2021,19:00:00,11.6,51,0.9,922.213132,0,2,81,84
6/24/2021,20:00:00,11.7,50,0.9,911.9247502,0,2,81,84
6/24/2021,21:00:00,11.7,48,0.9,875.4477602,0,2,80,85
6/24/2021,22:00:00,11.7,46,0.9,838.9707702,0,2,80,85
6/24/2021,23:00:00,11.7,42,0.9,766.0167902,0,2,80,85
6/25/2021,0:00:00,11.7,38,0.96,739.2669975,0,2,83,67
6/25/2021,1:00:00,11.7,38,0.96,739.2669975,0,2,83,67
6/25/2021,2:00:00,11.7,36,0.96,700.3582081,0,2,83,67
6/25/2021,3:00:00,11.7,36,0.96,700.3582081,0,2,88,59
6/25/2021,4:00:00,11.7,36,0.96,700.3582081,0,2,88,59
6/25/2021,5:00:00,11.2,82,0.96,1527.086843,0,2,88,59
6/25/2021,6:00:00,11.2,112,0.96,2085.777152,0,2,90,49
6/25/2021,7:00:00,11.2,116,0.96,2160.269193,0,2,90,49
6/25/2021,8:00:00,11.5,116,0.96,2218.133546,0,2,90,49
6/25/2021,9:00:00,11.7,100,0.96,1945.439467,0,2,90,53
6/25/2021,10:00:00,11.5,102,0.96,1950.427773,0,2,90,53
6/25/2021,11:00:00,11.5,105,0.96,2007.793296,0,2,90,53
6/25/2021,12:00:00,11.6,105,0.96,2025.252368,0,2,85,78
6/25/2021,13:00:00,11.7,95,0.96,1848.167494,0,2,85,78
6/25/2021,14:00:00,11.6,90,0.96,1735.930601,0,2,85,78
6/25/2021,15:00:00,11.6,95,0.96,1832.37119,0,2,83,76
6/25/2021,16:00:00,11.6,90,0.96,1735.930601,0,2,83,76
6/25/2021,17:00:00,11.7,80,0.96,1556.351574,0,2,83,76
6/25/2021,18:00:00,11.6,50,0.96,964.4058897,0,2,80,86
6/25/2021,19:00:00,11.6,55,0.96,1060.846479,0,2,80,86
6/25/2021,20:00:00,11.6,54,0.96,1041.558361,0,2,80,86
6/25/2021,21:00:00,11.7,46,0.96,894.9021548,0,2,82,78
6/25/2021,22:00:00,11.7,44,0.96,855.9933655,0,2,82,78
6/25/2021,23:00:00,11.7,40,0.96,778.1757868,0,2,82,78
6/26/2021,0:00:00,11.6,40,0.98,787.5981432,0,2,86,73
6/26/2021,1:00:00,11.6,40,0.98,787.5981432,0,2,86,73
6/26/2021,2:00:00,11.6,38,0.98,748.2182361,0,2,86,73
6/26/2021,3:00:00,11.6,38,0.98,748.2182361,0,2,90,60
6/26/2021,4:00:00,11.4,82,0.98,1586.738673,0,2,90,60
6/26/2021,5:00:00,11.4,85,0.98,1644.790088,0,2,90,60
6/26/2021,6:00:00,11.4,92,0.98,1780.243389,0,2,80,91
6/26/2021,7:00:00,11.3,106,0.98,2033.157448,0,2,80,91
6/26/2021,8:00:00,11.2,108,0.98,2053.186884,0,2,80,91
6/26/2021,9:00:00,11.3,104,0.98,1994.795987,0,2,78,93
6/26/2021,10:00:00,11.3,104,0.98,1994.795987,0,2,78,93
6/26/2021,11:00:00,11.3,95,0.98,1822.169411,0,2,78,93
6/26/2021,12:00:00,11.3,90,0.98,1726.265758,0,2,78,93
6/26/2021,13:00:00,11.4,84,0.98,1625.439616,0,2,78,93
6/26/2021,14:00:00,11.5,85,0.98,1659.218071,0,2,78,93
6/26/2021,15:00:00,11.5,83,0.98,1620.177646,0,2,77,93
6/26/2021,16:00:00,11.6,82,0.98,1614.576194,0,2,77,93
6/26/2021,17:00:00,11.6,79,0.98,1555.506333,0,2,77,93
6/26/2021,18:00:00,11.6,56,0.98,1102.637401,0,2,82,78
6/26/2021,19:00:00,11.6,54,0.98,1063.257493,0,2,82,78
6/26/2021,20:00:00,11.6,52,0.98,1023.877586,0,2,82,78
6/26/2021,21:00:00,11.7,46,0.98,913.5459497,0,2,76,95
6/26/2021,22:00:00,11.7,44,0.98,873.8265606,0,2,76,95
6/26/2021,23:00:00,11.7,41,0.98,814.2474769,0,2,76,95
6/27/2021,0:00:00,11.7,40,0.97,786.2817846,1,2,82,93
6/27/2021,1:00:00,11.7,40,0.97,786.2817846,1,2,82,93
6/27/2021,2:00:00,11.7,39,0.97,766.62474,1,2,82,93
6/27/2021,3:00:00,11.7,39,0.97,766.62474,1,2,86,78
6/27/2021,4:00:00,11.7,38,0.97,746.9676954,1,2,86,78
6/27/2021,5:00:00,11.5,77,0.97,1487.71906,1,2,86,78
6/27/2021,6:00:00,11.3,96,0.97,1822.560855,1,2,90,71
6/27/2021,7:00:00,11.3,98,0.97,1860.530872,1,2,90,71
6/27/2021,8:00:00,11.3,100,0.97,1898.50089,1,2,90,71
6/27/2021,9:00:00,11.3,102,0.97,1936.470908,1,2,87,74
6/27/2021,10:00:00,11.3,106,0.97,2012.410944,1,2,87,74
6/27/2021,11:00:00,11.3,108,0.97,2050.380961,1,2,87,74
6/27/2021,12:00:00,11.3,98,0.97,1860.530872,1,2,81,83
6/27/2021,13:00:00,11.3,103,0.97,1955.455917,1,2,81,83
6/27/2021,14:00:00,11.3,105,0.97,1993.425935,1,2,81,83
6/27/2021,15:00:00,11.4,95,0.97,1819.536694,1,2,79,80
6/27/2021,16:00:00,11.5,75,0.97,1449.077007,1,2,79,80
6/27/2021,17:00:00,11.6,73,0.97,1422.699605,1,2,79,80
6/27/2021,18:00:00,11.6,58,0.97,1130.36407,1,2,77,93
6/27/2021,19:00:00,11.7,45,0.97,884.5670077,1,2,77,93
6/27/2021,20:00:00,11.8,44,0.97,872.3023559,1,2,77,93
6/27/2021,21:00:00,11.8,42,0.97,832.6522488,1,2,78,90
6/27/2021,22:00:00,11.8,38,0.97,753.3520347,1,2,78,90
6/27/2021,23:00:00,11.8,35,0.97,693.876874,1,2,78,90
6/28/2021,0:00:00,11.8,35,0.97,693.876874,0,2,80,87
6/28/2021,1:00:00,11.8,35,0.97,693.876874,0,2,80,87
6/28/2021,2:00:00,11.8,35,0.97,693.876874,0,2,80,87
6/28/2021,3:00:00,11.7,35,0.97,687.9965615,0,2,81,84
6/28/2021,4:00:00,11.6,83,0.97,1617.589962,0,2,81,84
6/28/2021,5:00:00,11.4,85,0.97,1628.006516,0,2,81,84
6/28/2021,6:00:00,11.3,103,0.97,1955.455917,0,2,81,84
6/28/2021,7:00:00,11.5,103,0.97,1990.065756,0,2,81,84
6/28/2021,8:00:00,11.5,101,0.97,1951.423703,0,2,89,57
6/28/2021,9:00:00,11.5,101,0.97,1951.423703,0,2,89,57
6/28/2021,10:00:00,11.5,99,0.97,1912.781649,0,2,89,57
6/28/2021,11:00:00,11.6,94,0.97,1831.969355,0,2,89,57
6/28/2021,12:00:00,11.6,94,0.97,1831.969355,0,2,83,77
6/28/2021,13:00:00,11.6,94,0.97,1831.969355,0,2,83,77
6/28/2021,14:00:00,11.6,96,0.97,1870.947426,0,2,83,77
6/28/2021,15:00:00,11.6,96,0.97,1870.947426,0,2,82,86
6/28/2021,16:00:00,11.5,115,0.97,2221.918077,0,2,82,86
6/28/2021,17:00:00,11.5,102,0.97,1970.744729,0,2,82,86
6/28/2021,18:00:00,11.6,46,0.97,896.4956416,0,2,78,90
6/28/2021,19:00:00,11.6,50,0.97,974.4517843,0,2,78,90
6/28/2021,20:00:00,11.6,48,0.97,935.473713,0,2,78,90
6/28/2021,21:00:00,11.6,46,0.97,896.4956416,0,2,78,90
6/28/2021,22:00:00,11.6,45,0.97,877.0066059,0,2,78,90
6/28/2021,23:00:00,11.6,44,0.97,857.5175702,0,2,78,90
6/29/2021,0:00:00,11.7,72,0.95,1386.12562,0,2,78,90
6/29/2021,1:00:00,11.6,72,0.95,1374.278393,0,2,78,90
6/29/2021,2:00:00,11.6,72,0.95,1374.278393,0,2,78,90
6/29/2021,3:00:00,11.5,80,0.95,1513.812406,0,2,78,90
6/29/2021,4:00:00,11.4,90,0.95,1688.229922,0,2,78,90
6/29/2021,5:00:00,11.2,109,0.95,2008.763245,0,2,91,51
6/29/2021,6:00:00,11.2,123,0.95,2266.769533,0,2,91,51
6/29/2021,7:00:00,11.7,129,0.95,2483.47507,0,2,91,51
6/29/2021,8:00:00,11.7,123,0.95,2367.964601,0,2,91,51
6/29/2021,9:00:00,11.8,125,0.95,2427.036194,0,2,92,51
6/29/2021,10:00:00,11.8,130,0.95,2524.117642,0,2,92,51
6/29/2021,11:00:00,11.6,126,0.95,2404.987187,0,2,92,51
6/29/2021,12:00:00,11.5,125,0.95,2365.331884,0,2,86,79
6/29/2021,13:00:00,11.5,124,0.95,2346.409229,0,2,86,79
6/29/2021,14:00:00,11.5,122,0.95,2308.563919,0,2,86,79
6/29/2021,15:00:00,11.5,120,0.95,2270.718609,0,2,86,79
6/29/2021,16:00:00,11.5,118,0.95,2232.873299,0,2,86,79
6/29/2021,17:00:00,11.5,124,0.95,2346.409229,0,2,86,79
6/29/2021,18:00:00,11.6,48,0.95,916.1855952,0,2,81,87
6/29/2021,19:00:00,11.6,54,0.95,1030.708795,0,2,81,87
6/29/2021,20:00:00,11.6,52,0.95,992.5343948,0,2,81,87
6/29/2021,21:00:00,11.6,48,0.95,916.1855952,0,2,81,84
6/29/2021,22:00:00,11.6,45,0.95,858.9239955,0,2,81,84
6/29/2021,23:00:00,11.6,45,0.95,858.9239955,0,2,81,84
6/30/2021,0:00:00,11.6,74,0.93,1382.716944,0,2,88,73
6/30/2021,1:00:00,11.6,74,0.93,1382.716944,0,2,88,73
6/30/2021,2:00:00,11.6,76,0.93,1420.087673,0,2,88,73
6/30/2021,3:00:00,11.4,82,0.93,1505.782618,0,2,92,58
6/30/2021,4:00:00,11.3,85,0.93,1547.180365,0,2,92,58
6/30/2021,5:00:00,11.2,137,0.93,2471.622646,0,2,92,58
6/30/2021,6:00:00,11.5,148,0.93,2741.593941,0,2,96,46
6/30/2021,7:00:00,11.5,157,0.93,2908.312492,0,2,96,46
6/30/2021,8:00:00,11.5,154,0.93,2852.739642,0,2,96,46
6/30/2021,9:00:00,11.5,148,0.93,2741.593941,0,2,91,65
6/30/2021,10:00:00,11.6,147,0.93,2746.748524,0,2,91,65
6/30/2021,11:00:00,11.6,138,0.93,2578.580247,0,2,91,65
6/30/2021,12:00:00,11.6,132,0.93,2466.468063,0,2,84,73
6/30/2021,13:00:00,11.4,113,0.93,2075.041901,0,2,84,73
6/30/2021,14:00:00,11.4,117,0.93,2148.494711,0,2,84,73
6/30/2021,15:00:00,11.4,122,0.93,2240.310725,0,2,77,93
6/30/2021,16:00:00,11.4,102,0.93,1873.046672,0,2,77,93
6/30/2021,17:00:00,11.8,52,0.93,988.3913292,0,2,77,93
6/30/2021,18:00:00,11.8,53,0.93,1007.398855,0,2,86,75
6/30/2021,19:00:00,11.8,53,0.93,1007.398855,0,2,86,75
6/30/2021,20:00:00,11.8,51,0.93,969.3838037,0,2,86,75
6/30/2021,21:00:00,11.8,50,0.93,950.3762781,0,2,79,91
6/30/2021,22:00:00,11.8,47,0.93,893.3537014,0,2,79,91
6/30/2021,23:00:00,11.8,45,0.93,855.3386503,0,2,79,91
7/1/2021,0:00:00,11.8,44,0.94,845.3239325,0,0,80,91
7/1/2021,1:00:00,11.8,44,0.94,845.3239325,0,0,80,91
7/1/2021,2:00:00,11.8,44,0.94,845.3239325,0,0,80,91
7/1/2021,3:00:00,11.8,44,0.94,845.3239325,0,0,84,87
7/1/2021,4:00:00,11.8,44,0.94,845.3239325,0,0,84,87
7/1/2021,5:00:00,11.3,100,0.94,1839.784368,0,0,84,87
7/1/2021,6:00:00,11.6,105,0.94,1983.059611,0,0,92,67
7/1/2021,7:00:00,11.6,114,0.94,2153.036149,0,0,92,67
7/1/2021,8:00:00,11.6,121,0.94,2285.240123,0,0,92,67
7/1/2021,9:00:00,11.7,114,0.94,2171.596805,0,0,91,66
7/1/2021,10:00:00,11.7,104,0.94,1981.105857,0,0,91,66
7/1/2021,11:00:00,11.7,108,0.94,2057.302236,0,0,91,66
7/1/2021,12:00:00,11.7,113,0.94,2152.54771,0,0,79,93
7/1/2021,13:00:00,11.7,111,0.94,2114.449521,0,0,79,93
7/1/2021,14:00:00,11.5,110,0.94,2059.581615,0,0,79,93
7/1/2021,15:00:00,11.5,124,0.94,2321.710184,0,0,79,93
7/1/2021,16:00:00,11.5,118,0.94,2209.369369,0,0,79,93
7/1/2021,17:00:00,11.7,104,0.94,1981.105857,0,0,79,93
7/1/2021,18:00:00,11.8,48,0.94,922.1715628,0,0,78,93
7/1/2021,19:00:00,11.8,50,0.94,960.5953779,0,0,78,93
7/1/2021,20:00:00,11.8,46,0.94,883.7477476,0,0,78,93
7/1/2021,21:00:00,11.8,41,0.94,787.6882099,0,0,79,93
7/1/2021,22:00:00,11.8,40,0.94,768.4763023,0,0,79,93
7/1/2021,23:00:00,11.8,40,0.94,768.4763023,0,0,79,93
7/2/2021,0:00:00,11.8,40,0.93,760.3010225,0,0,78,96
7/2/2021,1:00:00,11.8,40,0.93,760.3010225,0,0,78,96
7/2/2021,2:00:00,11.8,40,0.93,760.3010225,0,0,78,96
7/2/2021,3:00:00,11.8,40,0.93,760.3010225,0,0,81,93
7/2/2021,4:00:00,11.7,40,0.93,753.8577935,0,0,81,93
7/2/2021,5:00:00,11.5,40,0.93,740.9713355,0,0,81,93
7/2/2021,6:00:00,11.3,60,0.93,1092.127316,0,0,82,84
7/2/2021,7:00:00,11.4,80,0.93,1469.056213,0,0,82,84
7/2/2021,8:00:00,11.5,96,0.93,1778.331205,0,0,82,84
7/2/2021,9:00:00,11.7,100,0.93,1884.644484,0,0,83,86
7/2/2021,10:00:00,11.7,98,0.93,1846.951594,0,0,83,86
7/2/2021,11:00:00,11.7,91,0.93,1715.02648,0,0,83,86
7/2/2021,12:00:00,11.7,93,0.93,1752.71937,0,0,81,91
7/2/2021,13:00:00,11.7,93,0.93,1752.71937,0,0,81,91
7/2/2021,14:00:00,11.7,90,0.93,1696.180035,0,0,81,91
7/2/2021,15:00:00,11.7,94,0.93,1771.565815,0,0,80,88
7/2/2021,16:00:00,11.7,100,0.93,1884.644484,0,0,80,88
7/2/2021,17:00:00,11.7,100,0.93,1884.644484,0,0,80,88
7/2/2021,18:00:00,11.8,47,0.93,893.3537014,0,0,79,93
7/2/2021,19:00:00,11.8,47,0.93,893.3537014,0,0,79,93
7/2/2021,20:00:00,11.8,46,0.93,874.3461759,0,0,79,93
7/2/2021,21:00:00,11.8,45,0.93,855.3386503,0,0,78,90
7/2/2021,22:00:00,11.8,42,0.93,798.3160736,0,0,78,90
7/2/2021,23:00:00,11.8,40,0.93,760.3010225,0,0,78,90
7/3/2021,0:00:00,11.6,73,0.93,1364.03158,0,0,83,73
7/3/2021,1:00:00,11.6,73,0.93,1364.03158,0,0,83,73
7/3/2021,2:00:00,11.6,73,0.93,1364.03158,0,0,83,73
7/3/2021,3:00:00,11.6,73,0.93,1364.03158,0,0,86,62
7/3/2021,4:00:00,11.5,93,0.93,1722.758355,0,0,86,62
7/3/2021,5:00:00,11.2,108,0.93,1948.432451,0,0,86,62
7/3/2021,6:00:00,11.4,137,0.93,2515.758765,0,0,90,55
7/3/2021,7:00:00,11.4,134,0.93,2460.669157,0,0,90,55
7/3/2021,8:00:00,11.5,133,0.93,2463.72969,0,0,90,55
7/3/2021,9:00:00,11.5,133,0.93,2463.72969,0,0,90,52
7/3/2021,10:00:00,11.5,131,0.93,2426.681124,0,0,90,52
7/3/2021,11:00:00,11.5,136,0.93,2519.302541,0,0,90,52
7/3/2021,12:00:00,11.5,140,0.93,2593.399674,0,0,85,78
7/3/2021,13:00:00,11.5,143,0.93,2648.972524,0,0,85,78
7/3/2021,14:00:00,11.5,137,0.93,2537.826824,0,0,85,78
7/3/2021,15:00:00,11.5,151,0.93,2797.166791,0,0,82,80
7/3/2021,16:00:00,11.6,141,0.93,2634.63634,0,0,82,80
7/3/2021,17:00:00,11.7,135,0.93,2544.270053,0,0,82,80
7/3/2021,18:00:00,11.6,48,0.93,896.8974774,0,0,78,90
7/3/2021,19:00:00,11.6,57,0.93,1065.065754,0,0,78,90
7/3/2021,20:00:00,11.6,54,0.93,1009.009662,0,0,78,90
7/3/2021,21:00:00,11.7,50,0.93,942.3222419,0,0,81,90
7/3/2021,22:00:00,11.7,45,0.93,848.0900177,0,0,81,90
7/3/2021,23:00:00,11.7,42,0.93,791.5506832,0,0,81,90
7/4/2021,0:00:00,11.5,95,0.95,1797.652232,1,0,85,78
7/4/2021,1:00:00,11.5,95,0.95,1797.652232,1,0,85,78
7/4/2021,2:00:00,11.5,95,0.95,1797.652232,1,0,85,78
7/4/2021,3:00:00,11.5,95,0.95,1797.652232,1,0,90,53
7/4/2021,4:00:00,11.4,98,0.95,1838.294804,1,0,90,53
7/4/2021,5:00:00,11.4,137,0.95,2569.861104,1,0,90,53
7/4/2021,6:00:00,11.2,168,0.95,3096.07546,1,0,95,43
7/4/2021,7:00:00,11.2,175,0.95,3225.078604,1,0,95,43
7/4/2021,8:00:00,11.2,167,0.95,3077.646439,1,0,95,43
7/4/2021,9:00:00,11.4,160,0.95,3001.297639,1,0,77,95
7/4/2021,10:00:00,11.4,153,0.95,2869.990868,1,0,77,95
7/4/2021,11:00:00,11.3,159,0.95,2956.376902,1,0,77,95
7/4/2021,12:00:00,11.3,154,0.95,2863.409075,1,0,78,93
7/4/2021,13:00:00,11.3,154,0.95,2863.409075,1,0,78,93
7/4/2021,14:00:00,11.4,154,0.95,2888.748978,1,0,78,93
7/4/2021,15:00:00,11.3,160,0.95,2974.970467,1,0,79,95
7/4/2021,16:00:00,11.3,160,0.95,2974.970467,1,0,79,95
7/4/2021,17:00:00,11.5,150,0.95,2838.398261,1,0,79,95
7/4/2021,18:00:00,11.6,52,0.95,992.5343948,1,0,81,87
7/4/2021,19:00:00,11.7,58,0.95,1116.601194,1,0,81,87
7/4/2021,20:00:00,11.7,54,0.95,1039.594215,1,0,81,87
7/4/2021,21:00:00,11.7,47,0.95,904.8320021,1,0,79,95
7/4/2021,22:00:00,11.6,45,0.95,858.9239955,1,0,79,95
7/4/2021,23:00:00,11.6,43,0.95,820.7495957,1,0,79,95
7/5/2021,0:00:00,11.5,91,0.94,1703.8357,0,0,84,98
7/5/2021,1:00:00,11.5,91,0.94,1703.8357,0,0,84,98
7/5/2021,2:00:00,11.5,91,0.94,1703.8357,0,0,84,98
7/5/2021,3:00:00,11.5,91,0.94,1703.8357,0,0,85,85
7/5/2021,4:00:00,11.4,98,0.94,1818.944332,0,0,85,85
7/5/2021,5:00:00,11.5,153,0.94,2864.690792,0,0,85,85
7/5/2021,6:00:00,11.6,200,0.94,3777.256401,0,0,89,73
7/5/2021,7:00:00,11.7,194,0.94,3695.524388,0,0,89,73
7/5/2021,8:00:00,11.7,190,0.94,3619.328009,0,0,89,73
7/5/2021,9:00:00,11.8,180,0.94,3458.14336,0,0,85,80
7/5/2021,10:00:00,11.5,186,0.94,3482.565277,0,0,85,80
7/5/2021,11:00:00,11.5,180,0.94,3370.224461,0,0,85,80
7/5/2021,12:00:00,11.4,174,0.94,3229.554223,0,0,82,89
7/5/2021,13:00:00,11.4,174,0.94,3229.554223,0,0,82,89
7/5/2021,14:00:00,11.3,174,0.94,3201.2248,0,0,82,89
7/5/2021,15:00:00,11.7,172,0.94,3276.444302,0,0,82,91
7/5/2021,16:00:00,11.8,170,0.94,3266.024285,0,0,82,91
7/5/2021,17:00:00,11.6,166,0.94,3135.122813,0,0,82,91
7/5/2021,18:00:00,11.6,58,0.94,1095.404356,0,0,79,95
7/5/2021,19:00:00,11.7,56,0.94,1066.749308,0,0,79,95
7/5/2021,20:00:00,11.6,54,0.94,1019.859228,0,0,79,95
7/5/2021,21:00:00,11.7,52,0.94,990.5529286,0,0,79,93
7/5/2021,22:00:00,11.6,48,0.94,906.5415363,0,0,79,93
7/5/2021,23:00:00,11.6,45,0.94,849.8826903,0,0,79,93
7/6/2021,0:00:00,11.5,97,0.93,1796.855489,0,0,85,84
7/6/2021,1:00:00,11.5,97,0.93,1796.855489,0,0,85,84
7/6/2021,2:00:00,11.5,97,0.93,1796.855489,0,0,85,84
7/6/2021,3:00:00,11.5,108,0.93,2000.622606,0,0,91,56
7/6/2021,4:00:00,11.4,143,0.93,2625.937981,0,0,91,56
7/6/2021,5:00:00,11.3,174,0.93,3167.169217,0,0,91,56
7/6/2021,6:00:00,11.4,200,0.93,3672.640532,0,0,96,42
7/6/2021,7:00:00,11.4,200,0.93,3672.640532,0,0,96,42
7/6/2021,8:00:00,11.4,200,0.93,3672.640532,0,0,96,42
7/6/2021,9:00:00,11.6,198,0.93,3699.702094,0,0,90,53
7/6/2021,10:00:00,11.7,190,0.93,3580.824519,0,0,90,53
7/6/2021,11:00:00,11.7,180,0.93,3392.360071,0,0,90,53
7/6/2021,12:00:00,11.7,178,0.93,3354.667181,0,0,84,90
7/6/2021,13:00:00,11.5,175,0.93,3241.749593,0,0,84,90
7/6/2021,14:00:00,11.4,175,0.93,3213.560466,0,0,84,90
7/6/2021,15:00:00,11.4,175,0.93,3213.560466,0,0,83,89
7/6/2021,16:00:00,11.2,178,0.93,3211.305336,0,0,83,89
7/6/2021,17:00:00,11.8,157,0.93,2984.181513,0,0,83,89
7/6/2021,18:00:00,11.8,52,0.93,988.3913292,0,0,81,91
7/6/2021,19:00:00,11.8,59,0.93,1121.444008,0,0,81,91
7/6/2021,20:00:00,11.7,56,0.93,1055.400911,0,0,81,91
7/6/2021,21:00:00,11.7,50,0.93,942.3222419,0,0,82,93
7/6/2021,22:00:00,11.6,48,0.93,896.8974774,0,0,82,93
7/6/2021,23:00:00,11.6,48,0.93,896.8974774,0,0,82,93
7/7/2021,0:00:00,11.4,101,0.93,1854.683469,0,0,86,77
7/7/2021,1:00:00,11.4,101,0.93,1854.683469,0,0,86,77
7/7/2021,2:00:00,11.4,101,0.93,1854.683469,0,0,86,77
7/7/2021,3:00:00,11.2,113,0.93,2038.637657,0,0,93,56
7/7/2021,4:00:00,11.2,145,0.93,2615.950976,0,0,93,56
7/7/2021,5:00:00,11.1,173,0.93,3093.233164,0,0,93,56
7/7/2021,6:00:00,11.3,206,0.93,3749.637119,0,0,95,47
7/7/2021,7:00:00,11.3,222,0.93,4040.87107,0,0,95,47
7/7/2021,8:00:00,11.5,211,0.93,3908.623795,0,0,95,47
7/7/2021,9:00:00,11.4,205,0.93,3764.456546,0,0,90,71
7/7/2021,10:00:00,11.6,195,0.93,3643.646002,0,0,90,71
7/7/2021,11:00:00,11.6,189,0.93,3531.533817,0,0,90,71
7/7/2021,12:00:00,11.7,179,0.93,3373.513626,0,0,85,75
7/7/2021,13:00:00,11.3,173,0.93,3148.967095,0,0,85,75
7/7/2021,14:00:00,11.3,179,0.93,3258.179827,0,0,85,75
7/7/2021,15:00:00,11.7,185,0.93,3486.592295,0,0,85,82
7/7/2021,16:00:00,11.7,164,0.93,3090.816953,0,0,85,82
7/7/2021,17:00:00,11.8,144,0.93,2737.083681,0,0,85,82
7/7/2021,18:00:00,11.5,62,0.93,1148.50557,0,0,82,92
7/7/2021,19:00:00,11.5,60,0.93,1111.457003,0,0,82,92
7/7/2021,20:00:00,11.5,56,0.93,1037.35987,0,0,82,92
7/7/2021,21:00:00,11.6,50,0.93,934.2682056,0,0,78,96
7/7/2021,22:00:00,11.6,48,0.93,896.8974774,0,0,78,96
7/7/2021,23:00:00,11.6,44,0.93,822.1560209,0,0,78,96
7/8/2021,0:00:00,11.5,98,0.93,1815.379772,0,0,77,95
7/8/2021,1:00:00,11.5,98,0.93,1815.379772,0,0,77,95
7/8/2021,2:00:00,11.5,98,0.93,1815.379772,0,0,77,95
7/8/2021,3:00:00,11.3,98,0.93,1783.80795,0,0,84,83
7/8/2021,4:00:00,11.3,110,0.93,2002.233413,0,0,84,83
7/8/2021,5:00:00,11.1,147,0.93,2628.354192,0,0,84,83
7/8/2021,6:00:00,11.5,262,0.93,4853.362247,0,0,85,85
7/8/2021,7:00:00,11.5,200,0.93,3704.856677,0,0,85,85
7/8/2021,8:00:00,11.5,199,0.93,3686.332394,0,0,85,85
7/8/2021,9:00:00,11.7,187,0.93,3524.285185,0,0,84,86
7/8/2021,10:00:00,11.8,187,0.93,3554.40728,0,0,84,86
7/8/2021,11:00:00,11.6,285,0.93,5325.328772,0,0,84,86
7/8/2021,12:00:00,11.6,180,0.93,3363.36554,0,0,82,87
7/8/2021,13:00:00,11.5,175,0.93,3241.749593,0,0,82,87
7/8/2021,14:00:00,11.5,172,0.93,3186.176743,0,0,82,87
7/8/2021,15:00:00,11.5,160,0.93,2963.885342,0,0,81,89
7/8/2021,16:00:00,11.6,165,0.93,3083.085078,0,0,81,89
7/8/2021,17:00:00,11.8,170,0.93,3231.279346,0,0,81,89
7/8/2021,18:00:00,11.5,60,0.93,1111.457003,0,0,78,95
7/8/2021,19:00:00,11.6,54,0.93,1009.009662,0,0,78,95
7/8/2021,20:00:00,11.6,52,0.93,971.6389338,0,0,78,95
7/8/2021,21:00:00,11.6,48,0.93,896.8974774,0,0,81,91
7/8/2021,22:00:00,11.6,44,0.93,822.1560209,0,0,81,91
7/8/2021,23:00:00,11.6,40,0.93,747.4145645,0,0,81,91
7/9/2021,0:00:00,11.4,98,0.92,1780.243389,0,0,81,89
7/9/2021,1:00:00,11.4,98,0.92,1780.243389,0,0,81,89
7/9/2021,2:00:00,11.4,98,0.92,1780.243389,0,0,81,89
7/9/2021,3:00:00,11.4,98,0.92,1780.243389,0,0,84,76
7/9/2021,4:00:00,11.3,152,0.92,2736.97283,0,0,84,76
7/9/2021,5:00:00,11.2,185,0.92,3301.704531,0,0,84,76
7/9/2021,6:00:00,11.4,222,0.92,4032.796249,0,0,89,62
7/9/2021,7:00:00,11.4,212,0.92,3851.13876,0,0,89,62
7/9/2021,8:00:00,11.6,212,0.92,3918.702598,0,0,89,62
7/9/2021,9:00:00,11.8,210,0.92,3948.660149,0,0,88,59
7/9/2021,10:00:00,11.8,204,0.92,3835.841288,0,0,88,59
7/9/2021,11:00:00,11.4,196,0.92,3560.486778,0,0,88,59
7/9/2021,12:00:00,11.4,184,0.92,3342.497792,0,0,82,80
7/9/2021,13:00:00,11.5,176,0.92,3225.217168,0,0,82,80
7/9/2021,14:00:00,11.6,175,0.92,3234.778088,0,0,82,80
7/9/2021,15:00:00,11.7,168,0.92,3132.157542,0,0,81,90
7/9/2021,16:00:00,11.8,170,0.92,3196.534406,0,0,81,90
7/9/2021,17:00:00,11.8,172,0.92,3234.140694,0,0,81,90
7/9/2021,18:00:00,11.5,58,0.92,1062.855658,0,0,81,90
7/9/2021,19:00:00,11.5,57,0.92,1044.53056,0,0,81,90
7/9/2021,20:00:00,11.6,55,0.92,1016.644542,0,0,81,90
7/9/2021,21:00:00,11.6,53,0.92,979.6756496,0,0,80,91
7/9/2021,22:00:00,11.6,48,0.92,887.2534185,0,0,80,91
7/9/2021,23:00:00,11.6,44,0.92,813.3156336,0,0,80,91
7/10/2021,0:00:00,11.4,98,0.96,1857.645276,0,0,84,82
7/10/2021,1:00:00,11.4,98,0.96,1857.645276,0,0,84,82
7/10/2021,2:00:00,11.4,98,0.96,1857.645276,0,0,84,82
7/10/2021,3:00:00,11.3,98,0.96,1841.350142,0,0,88,68
7/10/2021,4:00:00,11.2,123,0.96,2290.630265,0,0,88,68
7/10/2021,5:00:00,11.4,193,0.96,3658.423859,0,0,88,68
7/10/2021,6:00:00,11.4,200,0.96,3791.112808,0,0,90,61
7/10/2021,7:00:00,11.5,210,0.96,4015.586592,0,0,90,61
7/10/2021,8:00:00,11.5,214,0.96,4092.073956,0,0,90,61
7/10/2021,9:00:00,11.6,166,0.96,3201.827554,0,0,89,67
7/10/2021,10:00:00,11.6,167,0.96,3221.115671,0,0,89,67
7/10/2021,11:00:00,11.7,192,0.96,3735.243777,0,0,89,67
7/10/2021,12:00:00,11.8,191,0.96,3747.548266,0,0,86,78
7/10/2021,13:00:00,11.8,148,0.96,2903.859389,0,0,86,78
7/10/2021,14:00:00,11.6,143,0.96,2758.200844,0,0,86,78
7/10/2021,15:00:00,11.9,132,0.96,2611.877192,0,0,81,91
7/10/2021,16:00:00,11.5,109,0.96,2084.28066,0,0,81,91
7/10/2021,17:00:00,11.7,100,0.96,1945.439467,0,0,81,91
7/10/2021,18:00:00,11.6,48,0.96,925.8296541,0,0,81,90
7/10/2021,19:00:00,11.6,54,0.96,1041.558361,0,0,81,90
7/10/2021,20:00:00,11.6,53,0.96,1022.270243,0,0,81,90
7/10/2021,21:00:00,11.6,51,0.96,983.6940074,0,0,78,95
7/10/2021,22:00:00,11.6,48,0.96,925.8296541,0,0,78,95
7/10/2021,23:00:00,11.6,42,0.96,810.1009473,0,0,78,95
7/11/2021,0:00:00,11.6,76,0.94,1435.357432,1,0,81,95
7/11/2021,1:00:00,11.6,76,0.94,1435.357432,1,0,81,95
7/11/2021,2:00:00,11.6,76,0.94,1435.357432,1,0,81,95
7/11/2021,3:00:00,11.5,80,0.94,1497.877538,1,0,85,77
7/11/2021,4:00:00,11.5,85,0.94,1591.494885,1,0,85,77
7/11/2021,5:00:00,11.6,120,0.94,2266.353841,1,0,85,77
7/11/2021,6:00:00,11.6,108,0.94,2039.718457,1,0,91,62
7/11/2021,7:00:00,11.6,106,0.94,2001.945893,1,0,91,62
7/11/2021,8:00:00,11.4,203,0.94,3767.81326,1,0,91,62
7/11/2021,9:00:00,11.4,199,0.94,3693.570634,1,0,85,78
7/11/2021,10:00:00,11.5,35,0.94,655.321423,1,0,85,78
7/11/2021,11:00:00,11.5,35,0.94,655.321423,1,0,85,78
7/11/2021,12:00:00,11.5,35,0.94,655.321423,1,0,83,92
7/11/2021,13:00:00,11.5,35,0.94,655.321423,1,0,83,92
7/11/2021,14:00:00,11.5,35,0.94,655.321423,1,0,83,92
7/11/2021,15:00:00,11.5,35,0.94,655.321423,1,0,82,91
7/11/2021,16:00:00,11.4,54,0.94,1002.275449,1,0,82,91
7/11/2021,17:00:00,11.6,69,0.94,1303.153458,1,0,82,91
7/11/2021,18:00:00,11.8,48,0.94,922.1715628,1,0,78,95
7/11/2021,19:00:00,11.8,52,0.94,999.019193,1,0,78,95
7/11/2021,20:00:00,11.8,49,0.94,941.3834703,1,0,78,95
7/11/2021,21:00:00,11.7,44,0.94,838.1601704,1,0,79,91
7/11/2021,22:00:00,11.6,42,0.94,793.2238442,1,0,79,91
7/11/2021,23:00:00,11.6,42,0.94,793.2238442,1,0,79,91
7/12/2021,0:00:00,11.4,57,0.97,1091.722016,0,0,83,84
7/12/2021,1:00:00,11.4,57,0.97,1091.722016,0,0,83,84
7/12/2021,2:00:00,11.4,57,0.97,1091.722016,0,0,83,84
7/12/2021,3:00:00,11.4,57,0.97,1091.722016,0,0,86,71
7/12/2021,4:00:00,11.2,68,0.97,1279.555998,0,0,86,71
7/12/2021,5:00:00,11.2,84,0.97,1580.627998,0,0,86,71
7/12/2021,6:00:00,11.2,96,0.97,1806.431997,0,0,84,86
7/12/2021,7:00:00,11.5,104,0.97,2009.386783,0,0,84,86
7/12/2021,8:00:00,11.5,76,0.97,1468.398034,0,0,84,86
7/12/2021,9:00:00,11.4,121,0.97,2317.515157,0,0,87,81
7/12/2021,10:00:00,11.3,129,0.97,2449.066148,0,0,87,81
7/12/2021,11:00:00,11.5,127,0.97,2453.770398,0,0,87,81
7/12/2021,12:00:00,11.5,132,0.97,2550.375532,0,0,82,90
7/12/2021,13:00:00,11.5,115,0.97,2221.918077,0,0,82,90
7/12/2021,14:00:00,11.8,101,0.97,2002.330408,0,0,82,90
7/12/2021,15:00:00,11.7,87,0.97,1710.162882,0,0,80,91
7/12/2021,16:00:00,11.7,87,0.97,1710.162882,0,0,80,91
7/12/2021,17:00:00,11.8,84,0.97,1665.304498,0,0,80,91
7/12/2021,18:00:00,11.6,48,0.97,935.473713,0,0,79,91
7/12/2021,19:00:00,11.6,47,0.97,915.9846773,0,0,79,91
7/12/2021,20:00:00,11.6,45,0.97,877.0066059,0,0,79,91
7/12/2021,21:00:00,11.6,40,0.97,779.5614275,0,0,79,91
7/12/2021,22:00:00,11.6,36,0.97,701.6052847,0,0,79,91
7/12/2021,23:00:00,11.7,35,0.97,687.9965615,0,0,79,91
7/13/2021,0:00:00,11.7,56,0.97,1100.794498,0,0,80,91
7/13/2021,1:00:00,11.7,56,0.97,1100.794498,0,0,80,91
7/13/2021,2:00:00,11.6,56,0.97,1091.385998,0,0,80,91
7/13/2021,3:00:00,11.6,57,0.97,1110.875034,0,0,84,77
7/13/2021,4:00:00,11.4,65,0.97,1244.946159,0,0,84,77
7/13/2021,5:00:00,11.2,80,0.97,1505.359998,0,0,84,77
7/13/2021,6:00:00,11.2,127,0.97,2389.758997,0,0,84,75
7/13/2021,7:00:00,11.6,127,0.97,2475.107532,0,0,84,75
7/13/2021,8:00:00,11.4,134,0.97,2566.504389,0,0,84,75
7/13/2021,9:00:00,11.2,156,0.97,2935.451996,0,0,82,89
7/13/2021,10:00:00,11.3,157,0.97,2980.646398,0,0,82,89
7/13/2021,11:00:00,11.3,159,0.97,3018.616415,0,0,82,89
7/13/2021,12:00:00,11.4,146,0.97,2796.340603,0,0,81,91
7/13/2021,13:00:00,11.4,148,0.97,2834.646639,0,0,81,91
7/13/2021,14:00:00,11.3,151,0.97,2866.736344,0,0,81,91
7/13/2021,15:00:00,11.4,136,0.97,2604.810425,0,0,80,91
7/13/2021,16:00:00,11.5,112,0.97,2163.954997,0,0,80,91
7/13/2021,17:00:00,11.6,109,0.97,2124.30489,0,0,80,91
7/13/2021,18:00:00,11.6,48,0.97,935.473713,0,0,79,90
7/13/2021,19:00:00,11.6,50,0.97,974.4517843,0,0,79,90
7/13/2021,20:00:00,11.6,47,0.97,915.9846773,0,0,79,90
7/13/2021,21:00:00,11.6,42,0.97,818.5394988,0,0,76,93
7/13/2021,22:00:00,11.6,36,0.97,701.6052847,0,0,76,93
7/13/2021,23:00:00,11.6,36,0.97,701.6052847,0,0,76,93
7/14/2021,0:00:00,11.4,67,0.97,1283.252195,0,0,76,93
7/14/2021,1:00:00,11.4,67,0.97,1283.252195,0,0,76,93
7/14/2021,2:00:00,11.4,67,0.97,1283.252195,0,0,76,93
7/14/2021,3:00:00,11.5,70,0.97,1352.471873,0,0,79,90
7/14/2021,4:00:00,11.2,78,0.97,1467.725998,0,0,79,90
7/14/2021,5:00:00,11.2,106,0.97,1994.601997,0,0,79,90
7/14/2021,6:00:00,11.1,148,0.97,2760.050675,0,0,81,87
7/14/2021,7:00:00,11.3,156,0.97,2961.661389,0,0,81,87
7/14/2021,8:00:00,11.3,167,0.97,3170.496487,0,0,81,87
7/14/2021,9:00:00,11.4,160,0.97,3064.482853,0,0,82,81
7/14/2021,10:00:00,11.5,126,0.97,2434.449372,0,0,82,81
7/14/2021,11:00:00,11.7,138,0.97,2712.672157,0,0,82,81
7/14/2021,12:00:00,11.8,169,0.97,3350.434049,0,0,81,91
7/14/2021,13:00:00,11.8,130,0.97,2577.256961,0,0,81,91
7/14/2021,14:00:00,11.8,131,0.97,2597.082014,0,0,81,91
7/14/2021,15:00:00,11.8,132,0.97,2616.907068,0,0,80,91
7/14/2021,16:00:00,11.8,134,0.97,2656.557175,0,0,80,91
7/14/2021,17:00:00,11.9,124,0.97,2479.139746,0,0,80,91
7/14/2021,18:00:00,11.6,49,0.97,954.9627487,0,0,79,94
7/14/2021,19:00:00,11.7,50,0.97,982.8522308,0,0,79,94
7/14/2021,20:00:00,11.7,46,0.97,904.2240523,0,0,79,94
7/14/2021,21:00:00,11.7,43,0.97,845.2529184,0,0,78,93
7/14/2021,22:00:00,11.6,36,0.97,701.6052847,0,0,78,93
7/14/2021,23:00:00,11.6,36,0.97,701.6052847,0,0,78,93
7/15/2021,0:00:00,11.5,69,0.97,1333.150846,0,0,78,91
7/15/2021,1:00:00,11.5,69,0.97,1333.150846,0,0,78,91
7/15/2021,2:00:00,11.5,69,0.97,1333.150846,0,0,78,91
7/15/2021,3:00:00,11.5,72,0.97,1391.113927,0,0,81,86
7/15/2021,4:00:00,11.5,45,0.97,869.4462041,0,0,81,86
7/15/2021,5:00:00,11.6,30,0.97,584.6710706,0,0,81,86
7/15/2021,6:00:00,11.5,32,0.97,618.2728563,0,0,85,75
7/15/2021,7:00:00,11.5,69,0.97,1333.150846,0,0,85,75
7/15/2021,8:00:00,11.5,65,0.97,1255.866739,0,0,85,75
7/15/2021,9:00:00,11.5,66,0.97,1275.187766,0,0,86,70
7/15/2021,10:00:00,11.4,69,0.97,1321.55823,0,0,86,70
7/15/2021,11:00:00,11.4,71,0.97,1359.864266,0,0,86,70
7/15/2021,12:00:00,11.4,81,0.97,1551.394444,0,0,83,81
7/15/2021,13:00:00,11.4,80,0.97,1532.241426,0,0,83,81
7/15/2021,14:00:00,11.4,78,0.97,1493.935391,0,0,83,81
7/15/2021,15:00:00,11.4,76,0.97,1455.629355,0,0,82,87
7/15/2021,16:00:00,11.8,71,0.97,1407.578802,0,0,82,87
7/15/2021,17:00:00,11.8,71,0.97,1407.578802,0,0,82,87
7/15/2021,18:00:00,11.7,48,0.97,943.5381415,0,0,80,91
7/15/2021,19:00:00,11.7,50,0.97,982.8522308,0,0,80,91
7/15/2021,20:00:00,11.7,50,0.97,982.8522308,0,0,80,91
7/15/2021,21:00:00,11.7,45,0.97,884.5670077,0,0,80,90
7/15/2021,22:00:00,11.7,40,0.97,786.2817846,0,0,80,90
7/15/2021,23:00:00,11.7,36,0.97,707.6536061,0,0,80,90
7/16/2021,0:00:00,11.5,60,0.98,1171.212756,0,0,84,80
7/16/2021,1:00:00,11.5,60,0.98,1171.212756,0,0,84,80
7/16/2021,2:00:00,11.5,60,0.98,1171.212756,0,0,84,80
7/16/2021,3:00:00,11.3,71,0.98,1361.831876,0,0,85,77
7/16/2021,4:00:00,11.2,78,0.98,1482.857194,0,0,85,77
7/16/2021,5:00:00,11.4,83,0.98,1606.089145,0,0,85,77
7/16/2021,6:00:00,11.1,138,0.98,2600.092318,0,0,85,83
7/16/2021,7:00:00,11.4,144,0.98,2786.467914,0,0,85,83
7/16/2021,8:00:00,11.2,154,0.98,2927.692408,0,0,85,83
7/16/2021,9:00:00,11.2,167,0.98,3174.835274,0,0,85,80
7/16/2021,10:00:00,11.2,162,0.98,3079.780326,0,0,85,80
7/16/2021,11:00:00,11.4,145,0.98,2805.818385,0,0,85,80
7/16/2021,12:00:00,11.5,135,0.98,2635.228701,0,0,83,88
7/16/2021,13:00:00,11.5,126,0.98,2459.546788,0,0,83,88
7/16/2021,14:00:00,11.5,134,0.98,2615.708489,0,0,83,88
7/16/2021,15:00:00,11.4,149,0.98,2883.220272,0,0,82,90
7/16/2021,16:00:00,11.4,150,0.98,2902.570743,0,0,82,90
7/16/2021,17:00:00,11.6,138,0.98,2717.213594,0,0,82,90
7/16/2021,18:00:00,11.6,51,0.98,1004.187633,0,0,81,90
7/16/2021,19:00:00,11.6,57,0.98,1122.327354,0,0,81,90
7/16/2021,20:00:00,11.7,50,0.98,992.984728,0,0,81,90
7/16/2021,21:00:00,11.7,45,0.98,893.6862552,0,0,81,91
7/16/2021,22:00:00,11.7,42,0.98,834.1071715,0,0,81,91
7/16/2021,23:00:00,11.7,39,0.98,774.5280878,0,0,81,91
7/17/2021,0:00:00,11.8,66,0.96,1294.964322,0,0,83,90
7/17/2021,1:00:00,11.8,66,0.96,1294.964322,0,0,83,90
7/17/2021,2:00:00,11.8,66,0.96,1294.964322,0,0,83,90
7/17/2021,3:00:00,11.5,70,0.96,1338.528864,0,0,85,76
7/17/2021,4:00:00,11.3,95,0.96,1784.98228,0,0,85,76
7/17/2021,5:00:00,11.4,143,0.96,2710.645657,0,0,85,76
7/17/2021,6:00:00,11.1,196,0.96,3617.519747,0,0,90,60
7/17/2021,7:00:00,11.4,208,0.96,3942.75732,0,0,90,60
7/17/2021,8:00:00,11.3,224,0.96,4208.800324,0,0,90,60
7/17/2021,9:00:00,11.3,224,0.96,4208.800324,0,0,91,56
7/17/2021,10:00:00,11.3,224,0.96,4208.800324,0,0,91,56
7/17/2021,11:00:00,11.4,210,0.96,3980.668448,0,0,91,56
7/17/2021,12:00:00,11.4,218,0.96,4132.31296,0,0,86,82
7/17/2021,13:00:00,11.4,214,0.96,4056.490704,0,0,86,82
7/17/2021,14:00:00,11.4,210,0.96,3980.668448,0,0,86,82
7/17/2021,15:00:00,11.4,208,0.96,3942.75732,0,0,84,87
7/17/2021,16:00:00,11.5,214,0.96,4092.073956,0,0,84,87
7/17/2021,17:00:00,11.8,199,0.96,3904.513638,0,0,84,87
7/17/2021,18:00:00,11.8,52,0.96,1020.274921,0,0,81,92
7/17/2021,19:00:00,11.7,56,0.96,1089.446102,0,0,81,92
7/17/2021,20:00:00,11.6,58,0.96,1118.710832,0,0,81,92
7/17/2021,21:00:00,11.7,50,0.96,972.7197335,0,0,82,90
7/17/2021,22:00:00,11.7,48,0.96,933.8109442,0,0,82,90
7/17/2021,23:00:00,11.7,40,0.96,778.1757868,0,0,82,90
7/18/2021,0:00:00,11.7,70,0.95,1347.622131,1,0,84,85
7/18/2021,1:00:00,11.7,70,0.95,1347.622131,1,0,84,85
7/18/2021,2:00:00,11.7,70,0.95,1347.622131,1,0,84,85
7/18/2021,3:00:00,11.6,76,0.95,1450.627192,1,0,88,68
7/18/2021,4:00:00,11.3,126,0.95,2342.789243,1,0,88,68
7/18/2021,5:00:00,11.2,190,0.95,3501.513913,1,0,88,68
7/18/2021,6:00:00,11.4,215,0.95,4032.993703,1,0,93,50
7/18/2021,7:00:00,11.6,230,0.95,4390.055977,1,0,93,50
7/18/2021,8:00:00,11.5,238,0.95,4503.591907,1,0,93,50
7/18/2021,9:00:00,11.4,238,0.95,4464.430239,1,0,88,64
7/18/2021,10:00:00,11.4,236,0.95,4426.914018,1,0,88,64
7/18/2021,11:00:00,11.4,230,0.95,4314.365357,1,0,88,64
7/18/2021,12:00:00,11.6,215,0.95,4103.747978,1,0,81,91
7/18/2021,13:00:00,11.7,190,0.95,3657.831498,1,0,81,91
7/18/2021,14:00:00,11.8,160,0.95,3106.606328,1,0,81,91
7/18/2021,15:00:00,11.9,120,0.95,2349.700126,1,0,81,91
7/18/2021,16:00:00,11.5,90,0.95,1703.038957,1,0,81,91
7/18/2021,17:00:00,11.5,70,0.95,1324.585855,1,0,81,91
7/18/2021,18:00:00,11.5,53,0.95,1002.900719,1,0,83,90
7/18/2021,19:00:00,11.6,55,0.95,1049.795994,1,0,83,90
7/18/2021,20:00:00,11.6,57,0.95,1087.970394,1,0,83,90
7/18/2021,21:00:00,11.6,45,0.95,858.9239955,1,0,80,92
7/18/2021,22:00:00,11.6,47,0.95,897.0983953,1,0,80,92
7/18/2021,23:00:00,11.7,39,0.95,750.8180443,1,0,80,92
7/19/2021,0:00:00,11.7,39,0.97,766.62474,0,0,85,87
7/19/2021,1:00:00,11.7,39,0.97,766.62474,0,0,85,87
7/19/2021,2:00:00,11.7,39,0.97,766.62474,0,0,85,87
7/19/2021,3:00:00,11.7,39,0.97,766.62474,0,0,85,73
7/19/2021,4:00:00,11.5,60,0.97,1159.261606,0,0,85,73
7/19/2021,5:00:00,11.5,96,0.97,1854.818569,0,0,85,73
7/19/2021,6:00:00,11.2,150,0.97,2822.549996,0,0,88,58
7/19/2021,7:00:00,11.4,167,0.97,3198.553978,0,0,88,58
7/19/2021,8:00:00,11.6,168,0.97,3274.157995,0,0,88,58
7/19/2021,9:00:00,11.4,177,0.97,3390.084156,0,0,91,54
7/19/2021,10:00:00,11.5,176,0.97,3400.500709,0,0,91,54
7/19/2021,11:00:00,11.6,178,0.97,3469.048352,0,0,91,54
7/19/2021,12:00:00,11.6,179,0.97,3488.537388,0,0,86,72
7/19/2021,13:00:00,11.7,178,0.97,3498.953941,0,0,86,72
7/19/2021,14:00:00,11.8,180,0.97,3568.509638,0,0,86,72
7/19/2021,15:00:00,11.9,183,0.97,3658.730432,0,0,84,77
7/19/2021,16:00:00,11.9,160,0.97,3198.889995,0,0,84,77
7/19/2021,17:00:00,11.1,85,0.97,1585.164239,0,0,84,77
7/19/2021,18:00:00,11.5,55,0.97,1062.656472,0,0,80,93
7/19/2021,19:00:00,11.5,50,0.97,966.0513379,0,0,80,93
7/19/2021,20:00:00,11.8,46,0.97,911.952463,0,0,80,93
7/19/2021,21:00:00,11.8,45,0.97,892.1274095,0,0,81,78
7/19/2021,22:00:00,11.8,45,0.97,892.1274095,0,0,81,78
7/19/2021,23:00:00,11.7,40,0.97,786.2817846,0,0,81,78
7/20/2021,0:00:00,11.7,75,0.95,1443.880854,0,0,84,73
7/20/2021,1:00:00,11.1,78,0.95,1424.62911,0,0,84,73
7/20/2021,2:00:00,11.6,82,0.95,1565.150392,0,0,84,73
7/20/2021,3:00:00,11.6,88,0.95,1679.673591,0,0,87,65
7/20/2021,4:00:00,11.2,130,0.95,2395.772677,0,0,87,65
7/20/2021,5:00:00,11.3,183,0.95,3402.622472,0,0,87,65
7/20/2021,6:00:00,11,210,0.95,3800.985497,0,0,87,64
7/20/2021,7:00:00,11.2,211,0.95,3888.523345,0,0,87,64
7/20/2021,8:00:00,11,190,0.95,3438.986878,0,0,87,64
7/20/2021,9:00:00,11.6,233,0.95,4447.317577,0,0,83,78
7/20/2021,10:00:00,11.8,235,0.95,4562.828045,0,0,83,78
7/20/2021,11:00:00,11.7,233,0.95,4485.656521,0,0,83,78
7/20/2021,12:00:00,11.7,229,0.95,4408.649542,0,0,82,80
7/20/2021,13:00:00,11.8,207,0.95,4019.171937,0,0,82,80
7/20/2021,14:00:00,11.6,180,0.95,3435.695982,0,0,82,80
7/20/2021,15:00:00,11.4,116,0.95,2175.940789,0,0,78,91
7/20/2021,16:00:00,11.4,117,0.95,2194.698899,0,0,78,91
7/20/2021,17:00:00,11.8,110,0.95,2135.791851,0,0,78,91
7/20/2021,18:00:00,11.8,56,0.95,1087.312215,0,0,83,81
7/20/2021,19:00:00,11.7,55,0.95,1058.84596,0,0,83,81
7/20/2021,20:00:00,11.7,50,0.95,962.5872363,0,0,83,81
7/20/2021,21:00:00,11.6,45,0.95,858.9239955,0,0,77,93
7/20/2021,22:00:00,11.7,40,0.95,770.069789,0,0,77,93
7/20/2021,23:00:00,11.7,39,0.95,750.8180443,0,0,77,93
7/21/2021,0:00:00,11.8,38,0.93,722.2859714,0,0,78,91
7/21/2021,1:00:00,11.8,38,0.93,722.2859714,0,0,78,91
7/21/2021,2:00:00,11.8,65,0.93,1235.489162,0,0,78,91
7/21/2021,3:00:00,11.6,65,0.93,1214.548667,0,0,80,91
7/21/2021,4:00:00,11.5,66,0.93,1222.602704,0,0,80,91
7/21/2021,5:00:00,11.3,69,0.93,1255.946414,0,0,80,91
7/21/2021,6:00:00,11.5,73,0.93,1352.272687,0,0,79,91
7/21/2021,7:00:00,11.4,75,0.93,1377.2402,0,0,79,91
7/21/2021,8:00:00,11.6,78,0.93,1457.458401,0,0,79,91
7/21/2021,9:00:00,11.6,76,0.93,1420.087673,0,0,80,82
7/21/2021,10:00:00,11.7,70,0.93,1319.251139,0,0,80,82
7/21/2021,11:00:00,11.7,68,0.93,1281.558249,0,0,80,82
7/21/2021,12:00:00,11.7,65,0.93,1225.018914,0,0,78,90
7/21/2021,13:00:00,11.8,63,0.93,1197.47411,0,0,78,90
7/21/2021,14:00:00,11.8,63,0.93,1197.47411,0,0,78,90
7/21/2021,15:00:00,11.8,62,0.93,1178.466585,0,0,77,90
7/21/2021,16:00:00,11.8,60,0.93,1140.451534,0,0,77,90
7/21/2021,17:00:00,11.9,60,0.93,1150.116377,0,0,77,90
7/21/2021,18:00:00,11.8,55,0.93,1045.413906,0,0,77,91
7/21/2021,19:00:00,11.7,52,0.93,980.0151315,0,0,77,91
7/21/2021,20:00:00,11.7,50,0.93,942.3222419,0,0,77,91
7/21/2021,21:00:00,11.7,43,0.93,810.397128,0,0,77,90
7/21/2021,22:00:00,11.7,40,0.93,753.8577935,0,0,77,90
7/21/2021,23:00:00,11.7,38,0.93,716.1649038,0,0,77,90
7/22/2021,0:00:00,11.8,36,0.93,684.2709202,0,0,76,93
7/22/2021,1:00:00,11.8,34,0.93,646.2558691,0,0,76,93
7/22/2021,2:00:00,11.8,34,0.93,646.2558691,0,0,76,93
7/22/2021,3:00:00,11.8,34,0.93,646.2558691,0,0,76,93
7/22/2021,4:00:00,11.6,34,0.93,635.3023798,0,0,76,93
7/22/2021,5:00:00,11.4,60,0.93,1101.79216,0,0,76,93
7/22/2021,6:00:00,11.8,60,0.93,1140.451534,0,0,76,93
7/22/2021,7:00:00,11.8,62,0.93,1178.466585,0,0,76,93
7/22/2021,8:00:00,11.6,60,0.93,1121.121847,0,0,76,93
7/22/2021,9:00:00,11.5,58,0.93,1074.408436,0,0,77,91
7/22/2021,10:00:00,11.5,64,0.93,1185.554137,0,0,77,91
7/22/2021,11:00:00,11.7,39,0.93,735.0113486,0,0,77,91
7/22/2021,12:00:00,11.7,39,0.93,735.0113486,0,0,77,91
7/22/2021,13:00:00,11.7,56,0.93,1055.400911,0,0,77,91
7/22/2021,14:00:00,11.7,43,0.93,810.397128,0,0,77,91
7/22/2021,15:00:00,11.8,42,0.93,798.3160736,0,0,77,91
7/22/2021,16:00:00,11.9,42,0.93,805.0814641,0,0,77,91
7/22/2021,17:00:00,11.9,36,0.93,690.0698263,0,0,77,91
7/22/2021,18:00:00,11.9,39,0.93,747.5756452,0,0,77,91
7/22/2021,19:00:00,11.9,38,0.93,728.4070389,0,0,77,91
7/22/2021,20:00:00,11.8,28,0.93,532.2107157,0,0,77,91
7/22/2021,21:00:00,11.1,28,0.93,500.6388936,0,0,77,91
7/22/2021,22:00:00,12,26,0.93,502.5718623,0,0,77,91
7/22/2021,23:00:00,12,26,0.93,502.5718623,0,0,77,91
7/23/2021,0:00:00,11.9,26,0.97,519.8196243,0,0,80,87
7/23/2021,1:00:00,12,26,0.97,524.1878564,0,0,80,87
7/23/2021,2:00:00,11.9,27,0.97,539.8126867,0,0,80,87
7/23/2021,3:00:00,11.9,26,0.97,519.8196243,0,0,80,82
7/23/2021,4:00:00,11.9,27,0.97,539.8126867,0,0,80,82
7/23/2021,5:00:00,12,28,0.97,564.5099992,0,0,80,82
7/23/2021,6:00:00,11.9,65,0.97,1299.549061,0,0,75,93
7/23/2021,7:00:00,11.6,77,0.97,1500.655748,0,0,75,93
7/23/2021,8:00:00,11.6,75,0.97,1461.677677,0,0,75,93
7/23/2021,9:00:00,11.5,76,0.97,1468.398034,0,0,77,90
7/23/2021,10:00:00,11.5,65,0.97,1255.866739,0,0,77,90
7/23/2021,11:00:00,11.5,76,0.97,1468.398034,0,0,77,90
7/23/2021,12:00:00,11.4,70,0.97,1340.711248,0,0,76,90
7/23/2021,13:00:00,11.3,70,0.97,1328.950623,0,0,76,90
7/23/2021,14:00:00,11.3,74,0.97,1404.890659,0,0,76,90
7/23/2021,15:00:00,11.2,66,0.97,1241.921998,0,0,77,78
7/23/2021,16:00:00,11.4,66,0.97,1264.099177,0,0,77,78
7/23/2021,17:00:00,11.4,66,0.97,1264.099177,0,0,77,78
7/23/2021,18:00:00,11.5,48,0.97,927.4092844,0,0,76,90
7/23/2021,19:00:00,11.6,48,0.97,935.473713,0,0,76,90
7/23/2021,20:00:00,11.6,42,0.97,818.5394988,0,0,76,90
7/23/2021,21:00:00,11.6,40,0.97,779.5614275,0,0,76,90
7/23/2021,22:00:00,11.6,38,0.97,740.5833561,0,0,76,90
7/23/2021,23:00:00,11.7,30,0.97,589.7113385,0,0,76,90
7/24/2021,0:00:00,11.7,27,0.89,486.9678166,0,0,77,86
7/24/2021,1:00:00,11.7,27,0.89,486.9678166,0,0,77,86
7/24/2021,2:00:00,11.7,27,0.89,486.9678166,0,0,77,86
7/24/2021,3:00:00,11.7,27,0.89,486.9678166,0,0,84,68
7/24/2021,4:00:00,11.7,27,0.89,486.9678166,0,0,84,68
7/24/2021,5:00:00,11.5,60,0.89,1063.652401,0,0,84,68
7/24/2021,6:00:00,11.3,91,0.89,1585.150382,0,0,86,63
7/24/2021,7:00:00,11.3,108,0.89,1881.277377,0,0,86,63
7/24/2021,8:00:00,11.3,108,0.89,1881.277377,0,0,86,63
7/24/2021,9:00:00,11.2,130,0.89,2244.460718,0,0,86,62
7/24/2021,10:00:00,11.4,138,0.89,2425.127474,0,0,86,62
7/24/2021,11:00:00,11.4,138,0.89,2425.127474,0,0,86,62
7/24/2021,12:00:00,11.3,151,0.89,2630.304481,0,0,80,85
7/24/2021,13:00:00,11.3,160,0.89,2787.077595,0,0,80,85
7/24/2021,14:00:00,11.2,161,0.89,2779.678274,0,0,80,85
7/24/2021,15:00:00,11.2,170,0.89,2935.064016,0,0,79,88
7/24/2021,16:00:00,11.2,172,0.89,2969.594181,0,0,79,88
7/24/2021,17:00:00,11.2,142,0.89,2451.641708,0,0,79,88
7/24/2021,18:00:00,11.8,54,0.89,982.2598694,0,0,76,88
7/24/2021,19:00:00,11.7,50,0.89,901.792253,0,0,76,88
7/24/2021,20:00:00,11.8,45,0.89,818.5498911,0,0,76,88
7/24/2021,21:00:00,11.8,42,0.89,763.9798984,0,0,77,90
7/24/2021,22:00:00,11.7,39,0.89,703.3979573,0,0,77,90
7/24/2021,23:00:00,11.7,39,0.89,703.3979573,0,0,77,90
7/25/2021,0:00:00,11.6,34,0.97,662.6272134,1,0,83,74
7/25/2021,1:00:00,11.6,34,0.97,662.6272134,1,0,83,74
7/25/2021,2:00:00,11.4,34,0.97,651.2026062,1,0,83,74
7/25/2021,3:00:00,11.4,42,0.97,804.4267489,1,0,86,56
7/25/2021,4:00:00,11.3,54,0.97,1025.190481,1,0,86,56
7/25/2021,5:00:00,11.2,80,0.97,1505.359998,1,0,86,56
7/25/2021,6:00:00,11.2,140,0.97,2634.379996,1,0,88,50
7/25/2021,7:00:00,11.4,168,0.97,3217.706995,1,0,88,50
7/25/2021,8:00:00,11.4,172,0.97,3294.319067,1,0,88,50
7/25/2021,9:00:00,11.4,174,0.97,3332.625102,1,0,87,59
7/25/2021,10:00:00,11.6,160,0.97,3118.24571,1,0,87,59
7/25/2021,11:00:00,11.6,170,0.97,3313.136067,1,0,87,59
7/25/2021,12:00:00,11.5,163,0.97,3149.327362,1,0,79,90
7/25/2021,13:00:00,11.6,166,0.97,3235.179924,1,0,79,90
7/25/2021,14:00:00,11.6,164,0.97,3196.201853,1,0,79,90
7/25/2021,15:00:00,11.6,166,0.97,3235.179924,1,0,80,90
7/25/2021,16:00:00,11.6,164,0.97,3196.201853,1,0,80,90
7/25/2021,17:00:00,11.2,153,0.97,2879.000996,1,0,80,90
7/25/2021,18:00:00,12,58,0.97,1169.342141,1,0,78,88
7/25/2021,19:00:00,11.9,48,0.97,959.6669986,1,0,78,88
7/25/2021,20:00:00,11.8,48,0.97,951.6025701,1,0,78,88
7/25/2021,21:00:00,11.9,46,0.97,919.6808737,1,0,78,88
7/25/2021,22:00:00,11.9,44,0.97,879.6947488,1,0,78,88
7/25/2021,23:00:00,12,41,0.97,826.6039274,1,0,78,88
7/26/2021,0:00:00,11.8,60,0.85,1042.348176,0,0,84,76
7/26/2021,1:00:00,11.8,64,0.85,1111.838054,0,0,84,76
7/26/2021,2:00:00,11.7,64,0.85,1102.415698,0,0,84,76
7/26/2021,3:00:00,11.6,64,0.85,1092.993342,0,0,90,54
7/26/2021,4:00:00,11.6,86,0.85,1468.709803,0,0,90,54
7/26/2021,5:00:00,11,88,0.85,1425.131404,0,0,90,54
7/26/2021,6:00:00,11.2,172,0.85,2836.129274,0,0,92,48
7/26/2021,7:00:00,11.1,182,0.85,2974.225685,0,0,92,48
7/26/2021,8:00:00,11,225,0.85,3643.801886,0,0,92,48
7/26/2021,9:00:00,11.2,241,0.85,3973.878809,0,0,92,46
7/26/2021,10:00:00,11.2,229,0.85,3776.009325,0,0,92,46
7/26/2021,11:00:00,11.7,193,0.85,3324.472339,0,0,92,46
7/26/2021,12:00:00,11.8,202,0.85,3509.238859,0,0,89,57
7/26/2021,13:00:00,11.9,209,0.85,3661.616029,0,0,89,57
7/26/2021,14:00:00,11.6,214,0.85,3654.696486,0,0,89,57
7/26/2021,15:00:00,11.4,220,0.85,3692.385912,0,0,87,57
7/26/2021,16:00:00,11.6,210,0.85,3586.384402,0,0,87,57
7/26/2021,17:00:00,11.8,202,0.85,3509.238859,0,0,87,57
7/26/2021,18:00:00,11.6,58,0.85,990.5252158,0,0,78,90
7/26/2021,19:00:00,11.6,55,0.85,939.2911529,0,0,78,90
7/26/2021,20:00:00,11.6,52,0.85,888.0570901,0,0,78,90
7/26/2021,21:00:00,11.6,50,0.85,853.9010481,0,0,82,62
7/26/2021,22:00:00,11.7,46,0.85,792.3612829,0,0,82,62
7/26/2021,23:00:00,11.8,42,0.85,729.6437232,0,0,82,62
7/27/2021,0:00:00,11.4,95,0.84,1575.681261,0,0,83,62
7/27/2021,1:00:00,11.4,95,0.84,1575.681261,0,0,83,62
7/27/2021,2:00:00,11.4,95,0.84,1575.681261,0,0,83,62
7/27/2021,3:00:00,11.4,123,0.84,2040.09258,0,0,88,51
7/27/2021,4:00:00,11.3,136,0.84,2235.925172,0,0,88,51
7/27/2021,5:00:00,11.2,181,0.84,2949.419254,0,0,88,51
7/27/2021,6:00:00,11,231,0.84,3696.958526,0,0,90,47
7/27/2021,7:00:00,11.2,229,0.84,3731.585685,0,0,90,47
7/27/2021,8:00:00,11.3,210,0.84,3452.531516,0,0,90,47
7/27/2021,9:00:00,11.3,230,0.84,3781.344041,0,0,90,46
7/27/2021,10:00:00,11.3,230,0.84,3781.344041,0,0,90,46
7/27/2021,11:00:00,11.4,228,0.84,3781.635026,0,0,90,46
7/27/2021,12:00:00,11.4,228,0.84,3781.635026,0,0,87,55
7/27/2021,13:00:00,11.6,226,0.84,3814.225294,0,0,87,55
7/27/2021,14:00:00,11.6,226,0.84,3814.225294,0,0,87,55
7/27/2021,15:00:00,11.7,216,0.84,3676.880593,0,0,84,73
7/27/2021,16:00:00,11.6,210,0.84,3544.191644,0,0,84,73
7/27/2021,17:00:00,11.2,182,0.84,2965.714388,0,0,84,73
7/27/2021,18:00:00,11.7,54,0.84,919.2201482,0,0,85,61
7/27/2021,19:00:00,11.6,54,0.84,911.3635657,0,0,85,61
7/27/2021,20:00:00,11.6,57,0.84,961.9948749,0,0,85,61
7/27/2021,21:00:00,11.6,50,0.84,843.8551534,0,0,82,70
7/27/2021,22:00:00,11.6,46,0.84,776.3467412,0,0,82,70
7/27/2021,23:00:00,11.6,42,0.84,708.8383289,0,0,82,70
7/28/2021,0:00:00,11.4,95,0.93,1744.504253,0,0,83,67
7/28/2021,1:00:00,11.4,95,0.93,1744.504253,0,0,83,67
7/28/2021,2:00:00,11.4,95,0.93,1744.504253,0,0,83,67
7/28/2021,3:00:00,11.4,123,0.93,2258.673927,0,0,87,50
7/28/2021,4:00:00,11.3,136,0.93,2475.488583,0,0,87,50
7/28/2021,5:00:00,11.2,180,0.93,3247.387418,0,0,87,50
7/28/2021,6:00:00,11,243,0.93,4305.687782,0,0,90,45
7/28/2021,7:00:00,11,259,0.93,4589.189858,0,0,90,45
7/28/2021,8:00:00,11.3,202,0.93,3676.828631,0,0,90,45
7/28/2021,9:00:00,11.4,273,0.93,5013.154327,0,0,90,49
7/28/2021,10:00:00,11.8,275,0.93,5227.06953,0,0,90,49
7/28/2021,11:00:00,11.8,272,0.93,5170.046953,0,0,90,49
7/28/2021,12:00:00,11.8,258,0.93,4903.941595,0,0,85,60
7/28/2021,13:00:00,11.8,258,0.93,4903.941595,0,0,85,60
7/28/2021,14:00:00,11.8,251,0.93,4770.888916,0,0,85,60
7/28/2021,15:00:00,11.8,238,0.93,4523.791084,0,0,85,57
7/28/2021,16:00:00,11.4,240,0.93,4407.168639,0,0,85,57
7/28/2021,17:00:00,11.6,227,0.93,4241.577653,0,0,85,57
7/28/2021,18:00:00,11.6,48,0.93,896.8974774,0,0,83,79
7/28/2021,19:00:00,11.6,48,0.93,896.8974774,0,0,83,79
7/28/2021,20:00:00,11.3,48,0.93,873.701853,0,0,83,79
7/28/2021,21:00:00,11.2,48,0.93,865.9699782,0,0,83,64
7/28/2021,22:00:00,11.8,46,0.93,874.3461759,0,0,83,64
7/28/2021,23:00:00,11.8,42,0.93,798.3160736,0,0,83,64
7/29/2021,0:00:00,11,64,0.83,1012.071928,0,0,81,67
7/29/2021,1:00:00,11.7,68,0.83,1143.756287,0,0,81,67
7/29/2021,2:00:00,11.7,72,0.83,1211.036068,0,0,81,67
7/29/2021,3:00:00,11.6,72,0.83,1200.685333,0,0,84,63
7/29/2021,4:00:00,11.6,160,0.83,2668.189628,0,0,84,63
7/29/2021,5:00:00,11.3,206,0.83,3346.450332,0,0,84,63
7/29/2021,6:00:00,11,244,0.83,3858.524225,0,0,83,65
7/29/2021,7:00:00,11.2,252,0.83,4057.488365,0,0,83,65
7/29/2021,8:00:00,11.8,240,0.83,4071.289346,0,0,83,65
7/29/2021,9:00:00,11.8,240,0.83,4071.289346,0,0,85,63
7/29/2021,10:00:00,11.8,215,0.83,3647.196706,0,0,85,63
7/29/2021,11:00:00,11.8,210,0.83,3562.378178,0,0,85,63
7/29/2021,12:00:00,11.7,213,0.83,3582.648369,0,0,83,65
7/29/2021,13:00:00,11.7,197,0.83,3313.529242,0,0,83,65
7/29/2021,14:00:00,11.7,190,0.83,3195.789625,0,0,83,65
7/29/2021,15:00:00,11.6,166,0.83,2768.246739,0,0,82,67
7/29/2021,16:00:00,11.6,166,0.83,2768.246739,0,0,82,67
7/29/2021,17:00:00,11.6,166,0.83,2768.246739,0,0,82,67
7/29/2021,18:00:00,11.8,51,0.83,865.1489861,0,0,84,64
7/29/2021,19:00:00,11.8,51,0.83,865.1489861,0,0,84,64
7/29/2021,20:00:00,11.8,51,0.83,865.1489861,0,0,84,64
7/29/2021,21:00:00,11.8,48,0.83,814.2578692,0,0,81,70
7/29/2021,22:00:00,11.8,46,0.83,780.330458,0,0,81,70
7/29/2021,23:00:00,11.8,42,0.83,712.4756356,0,0,81,70
7/30/2021,0:00:00,11.6,105,0.83,1750.999443,0,0,84,69
7/30/2021,1:00:00,11.6,105,0.83,1750.999443,0,0,84,69
7/30/2021,2:00:00,11.6,105,0.83,1750.999443,0,0,84,69
7/30/2021,3:00:00,11.4,110,0.83,1802.753122,0,0,87,65
7/30/2021,4:00:00,11.2,135,0.83,2173.654481,0,0,87,65
7/30/2021,5:00:00,11.2,163,0.83,2624.486522,0,0,87,65
7/30/2021,6:00:00,11,235,0.83,3716.20161,0,0,86,70
7/30/2021,7:00:00,11.2,244,0.83,3928.679211,0,0,86,70
7/30/2021,8:00:00,11.5,241,0.83,3984.314415,0,0,86,70
7/30/2021,9:00:00,11.8,41,0.83,695.51193,0,0,84,69
7/30/2021,10:00:00,11,266,0.83,4206.42395,0,0,84,69
7/30/2021,11:00:00,11,279,0.83,4412.001061,0,0,84,69
7/30/2021,12:00:00,11.3,266,0.83,4321.144603,0,0,83,72
7/30/2021,13:00:00,11.4,251,0.83,4113.55485,0,0,83,72
7/30/2021,14:00:00,11.5,244,0.83,4033.91169,0,0,83,72
7/30/2021,15:00:00,11.7,237,0.83,3986.327058,0,0,85,64
7/30/2021,16:00:00,11.7,207,0.83,3481.728696,0,0,85,64
7/30/2021,17:00:00,11.6,167,0.83,2784.922924,0,0,85,64
7/30/2021,18:00:00,11.7,48,0.83,807.3573788,0,0,82,71
7/30/2021,19:00:00,11.7,48,0.83,807.3573788,0,0,82,71
7/30/2021,20:00:00,11.7,47,0.83,790.5374334,0,0,82,71
7/30/2021,21:00:00,11.8,46,0.83,780.330458,0,0,82,68
7/30/2021,22:00:00,11.9,44,0.83,752.7284964,0,0,82,68
7/30/2021,23:00:00,11.8,42,0.83,712.4756356,0,0,82,68
7/31/2021,0:00:00,11.6,32,0.85,546.4966708,0,0,81,71
7/31/2021,1:00:00,11.6,102,0.85,1741.958138,0,0,81,71
7/31/2021,2:00:00,11.7,108,0.85,1860.32649,0,0,81,71
7/31/2021,3:00:00,11.7,118,0.85,2032.578943,0,0,86,65
7/31/2021,4:00:00,11.4,124,0.85,2081.162968,0,0,86,65
7/31/2021,5:00:00,11.4,168,0.85,2819.640151,0,0,86,65
7/31/2021,6:00:00,11,233,0.85,3773.359287,0,0,89,57
7/31/2021,7:00:00,11.3,237,0.85,3942.814478,0,0,89,57
7/31/2021,8:00:00,11.3,242,0.85,4025.996218,0,0,89,57
7/31/2021,9:00:00,11.5,243,0.85,4114.183584,0,0,89,53
7/31/2021,10:00:00,11.6,240,0.85,4098.725031,0,0,89,53
7/31/2021,11:00:00,11.7,238,0.85,4099.608377,0,0,89,53
7/31/2021,12:00:00,12,243,0.85,4293.061132,0,0,87,61
7/31/2021,13:00:00,11.6,239,0.85,4081.64701,0,0,87,61
7/31/2021,14:00:00,11.6,237,0.85,4047.490968,0,0,87,61
7/31/2021,15:00:00,11.6,233,0.85,3979.178884,0,0,86,63
7/31/2021,16:00:00,11.6,205,0.85,3500.994297,0,0,86,63
7/31/2021,17:00:00,11.8,166,0.85,2883.829954,0,0,86,63
7/31/2021,18:00:00,11.9,50,0.85,875.9846959,0,0,82,68
7/31/2021,19:00:00,11.8,50,0.85,868.62348,0,0,82,68
7/31/2021,20:00:00,11.7,48,0.85,826.8117735,0,0,82,68
7/31/2021,21:00:00,11.7,46,0.85,792.3612829,0,0,81,68
7/31/2021,22:00:00,11.6,44,0.85,751.4329224,0,0,81,68
7/31/2021,23:00:00,11.5,42,0.85,711.093459,0,0,81,68
8/1/2021,0:00:00,11.4,110,0.84,1824.473039,1,0,82,68
8/1/2021,1:00:00,11.4,110,0.84,1824.473039,1,0,82,68
8/1/2021,2:00:00,11.4,110,0.84,1824.473039,1,0,82,68
8/1/2021,3:00:00,11.3,126,0.84,2071.518909,1,0,86,58
8/1/2021,4:00:00,11.3,138,0.84,2268.806425,1,0,86,58
8/1/2021,5:00:00,11.2,233,0.84,3796.766221,1,0,86,58
8/1/2021,6:00:00,11.2,283,0.84,4611.522921,1,0,87,60
8/1/2021,7:00:00,11.6,280,0.84,4725.588859,1,0,87,60
8/1/2021,8:00:00,11.7,279,0.84,4749.304099,1,0,87,60
8/1/2021,9:00:00,11.4,271,0.84,4494.838123,1,0,87,57
8/1/2021,10:00:00,11.4,265,0.84,4395.321411,1,0,87,57
8/1/2021,11:00:00,11.4,265,0.84,4395.321411,1,0,87,57
8/1/2021,12:00:00,11.6,242,0.84,4084.258943,1,0,86,59
8/1/2021,13:00:00,11.8,197,0.84,3382.113258,1,0,86,59
8/1/2021,14:00:00,11.8,197,0.84,3382.113258,1,0,86,59
8/1/2021,15:00:00,11.8,202,0.84,3467.953696,1,0,85,59
8/1/2021,16:00:00,11.4,195,0.84,3234.293114,1,0,85,59
8/1/2021,17:00:00,11.7,188,0.84,3200.247923,1,0,85,59
8/1/2021,18:00:00,11.6,50,0.84,843.8551534,1,0,85,68
8/1/2021,19:00:00,11.7,55,0.84,936.2427435,1,0,85,68
8/1/2021,20:00:00,11.7,50,0.84,851.1297668,1,0,85,68
8/1/2021,21:00:00,11.7,48,0.84,817.0845762,1,0,80,68
8/1/2021,22:00:00,11.6,44,0.84,742.592535,1,0,80,68
8/1/2021,23:00:00,11.5,42,0.84,702.7276536,1,0,80,68
8/2/2021,0:00:00,11.4,114,0.83,1868.30778,0,0,82,68
8/2/2021,1:00:00,11.4,114,0.83,1868.30778,0,0,82,68
8/2/2021,2:00:00,11.4,114,0.83,1868.30778,0,0,82,68
8/2/2021,3:00:00,11.3,126,0.83,2046.85797,0,0,87,55
8/2/2021,4:00:00,11.3,138,0.83,2241.796824,0,0,87,55
8/2/2021,5:00:00,11,199,0.83,3146.911151,0,0,87,55
8/2/2021,6:00:00,11.4,264,0.83,4326.607492,0,0,88,50
8/2/2021,7:00:00,11.2,266,0.83,4282.904386,0,0,88,50
8/2/2021,8:00:00,11.4,280,0.83,4588.826128,0,0,88,50
8/2/2021,9:00:00,11.6,266,0.83,4435.865257,0,0,89,49
8/2/2021,10:00:00,11.8,250,0.83,4240.926402,0,0,89,49
8/2/2021,11:00:00,11.8,248,0.83,4206.998991,0,0,89,49
8/2/2021,12:00:00,11.8,240,0.83,4071.289346,0,0,86,57
8/2/2021,13:00:00,11.8,242,0.83,4105.216757,0,0,86,57
8/2/2021,14:00:00,11.8,243,0.83,4122.180463,0,0,86,57
8/2/2021,15:00:00,11.7,221,0.83,3717.207932,0,0,84,61
8/2/2021,16:00:00,11.7,211,0.83,3549.008478,0,0,84,61
8/2/2021,17:00:00,11.6,198,0.83,3301.884665,0,0,84,61
8/2/2021,18:00:00,11.4,154,0.83,2523.85437,0,0,83,62
8/2/2021,19:00:00,11.4,151,0.83,2474.688376,0,0,83,62
8/2/2021,20:00:00,11.7,50,0.83,840.9972696,0,0,83,62
8/2/2021,21:00:00,11.7,48,0.83,807.3573788,0,0,82,68
8/2/2021,22:00:00,11.6,46,0.83,767.1045181,0,0,82,68
8/2/2021,23:00:00,11.5,42,0.83,694.3618482,0,0,82,68
8/3/2021,0:00:00,11.5,118,0.84,1974.330075,0,0,82,70
8/3/2021,1:00:00,11.5,118,0.84,1974.330075,0,0,82,70
8/3/2021,2:00:00,11.5,118,0.84,1974.330075,0,0,82,70
8/3/2021,3:00:00,11.4,126,0.84,2089.850935,0,0,86,63
8/3/2021,4:00:00,11.3,138,0.84,2268.806425,0,0,86,63
8/3/2021,5:00:00,11,241,0.84,3857.00002,0,0,86,63
8/3/2021,6:00:00,11.5,256,0.84,4283.292365,0,0,88,56
8/3/2021,7:00:00,11.6,274,0.84,4624.326241,0,0,88,56
8/3/2021,8:00:00,11.8,273,0.84,4686.887916,0,0,88,56
8/3/2021,9:00:00,11.6,270,0.84,4556.817829,0,0,89,58
8/3/2021,10:00:00,11.7,268,0.84,4562.05555,0,0,89,58
8/3/2021,11:00:00,11.6,263,0.84,4438.678107,0,0,89,58
8/3/2021,12:00:00,11.9,274,0.84,4743.920885,0,0,85,72
8/3/2021,13:00:00,11.2,257,0.84,4187.849437,0,0,85,72
8/3/2021,14:00:00,11.4,242,0.84,4013.840685,0,0,85,72
8/3/2021,15:00:00,11.4,238,0.84,3947.496211,0,0,82,78
8/3/2021,16:00:00,11.4,208,0.84,3449.912655,0,0,82,78
8/3/2021,17:00:00,11.6,189,0.84,3189.77248,0,0,82,78
8/3/2021,18:00:00,11.6,49,0.84,826.9780504,0,0,82,65
8/3/2021,19:00:00,11.6,48,0.84,810.1009473,0,0,82,65
8/3/2021,20:00:00,11.7,48,0.84,817.0845762,0,0,82,65
8/3/2021,21:00:00,11.7,46,0.84,783.0393855,0,0,81,84
8/3/2021,22:00:00,11.6,46,0.84,776.3467412,0,0,81,84
8/3/2021,23:00:00,11.6,42,0.84,708.8383289,0,0,81,84
8/4/2021,0:00:00,11.6,44,0.85,751.4329224,0,0,86,70
8/4/2021,1:00:00,11.7,82,0.85,1412.470113,0,0,86,70
8/4/2021,2:00:00,11.7,82,0.85,1412.470113,0,0,86,70
8/4/2021,3:00:00,11.6,98,0.85,1673.646054,0,0,89,56
8/4/2021,4:00:00,11.6,118,0.85,2015.206474,0,0,89,56
8/4/2021,5:00:00,11.5,235,0.85,3978.737211,0,0,89,56
8/4/2021,6:00:00,11.1,274,0.85,4477.680427,0,0,90,48
8/4/2021,7:00:00,11.1,296,0.85,4837.202213,0,0,90,48
8/4/2021,8:00:00,11.1,290,0.85,4739.150817,0,0,90,48
8/4/2021,9:00:00,11.5,285,0.85,4825.277044,0,0,90,47
8/4/2021,10:00:00,11.5,286,0.85,4842.20784,0,0,90,47
8/4/2021,11:00:00,11.8,254,0.85,4412.607278,0,0,90,47
8/4/2021,12:00:00,11.4,258,0.85,4330.16166,0,0,86,63
8/4/2021,13:00:00,11.6,252,0.85,4303.661283,0,0,86,63
8/4/2021,14:00:00,11.6,252,0.85,4303.661283,0,0,86,63
8/4/2021,15:00:00,11.6,236,0.85,4030.412947,0,0,86,59
8/4/2021,16:00:00,11.3,244,0.85,4059.268914,0,0,86,59
8/4/2021,17:00:00,11.8,238,0.85,4134.647765,0,0,86,59
8/4/2021,18:00:00,11.6,51,0.85,870.9790691,0,0,81,80
8/4/2021,19:00:00,11.7,60,0.85,1033.514717,0,0,81,80
8/4/2021,20:00:00,11.6,58,0.85,990.5252158,0,0,81,80
8/4/2021,21:00:00,11.5,55,0.85,931.1938154,0,0,82,65
8/4/2021,22:00:00,11.5,50,0.85,846.5398322,0,0,82,65
8/4/2021,23:00:00,11.4,43,0.85,721.69361,0,0,82,65
8/5/2021,0:00:00,11.3,145,0.86,2440.650113,0,0,85,65
8/5/2021,1:00:00,11.3,145,0.86,2440.650113,0,0,85,65
8/5/2021,2:00:00,11.3,145,0.86,2440.650113,0,0,85,65
8/5/2021,3:00:00,11.3,145,0.86,2440.650113,0,0,88,59
8/5/2021,4:00:00,11.3,160,0.86,2693.13116,0,0,88,59
8/5/2021,5:00:00,11.3,220,0.86,3703.055345,0,0,88,59
8/5/2021,6:00:00,11.2,315,0.86,5255.180714,0,0,89,57
8/5/2021,7:00:00,11.2,320,0.86,5338.596281,0,0,89,57
8/5/2021,8:00:00,11.6,332,0.86,5736.6077,0,0,89,57
8/5/2021,9:00:00,11.5,274,0.86,4693.615201,0,0,83,89
8/5/2021,10:00:00,11.6,217,0.86,3749.529732,0,0,83,89
8/5/2021,11:00:00,11.8,300,0.86,5273.055479,0,0,83,89
8/5/2021,12:00:00,11.7,325,0.86,5664.065948,0,0,82,87
8/5/2021,13:00:00,11.6,341,0.86,5892.11815,0,0,82,87
8/5/2021,14:00:00,11.8,342,0.86,6011.283246,0,0,82,87
8/5/2021,15:00:00,11.8,316,0.86,5554.285104,0,0,82,89
8/5/2021,16:00:00,11.8,302,0.86,5308.209182,0,0,82,89
8/5/2021,17:00:00,11.9,200,0.86,3545.161593,0,0,82,89
8/5/2021,18:00:00,11.5,56,0.86,959.2790193,0,0,85,63
8/5/2021,19:00:00,11.6,80,0.86,1382.315109,0,0,85,63
8/5/2021,20:00:00,11.7,73,0.86,1272.236351,0,0,85,63
8/5/2021,21:00:00,11.7,70,0.86,1219.952666,0,0,81,87
8/5/2021,22:00:00,11.6,58,0.86,1002.178454,0,0,81,87
8/5/2021,23:00:00,11.5,54,0.86,925.0190543,0,0,81,87
8/6/2021,0:00:00,11.6,150,0.83,2501.427776,0,0,81,83
8/6/2021,1:00:00,11.6,57,0.83,950.542555,0,0,81,83
8/6/2021,2:00:00,11.7,57,0.83,958.7368874,0,0,81,83
8/6/2021,3:00:00,11.7,57,0.83,958.7368874,0,0,83,73
8/6/2021,4:00:00,11.7,100,0.83,1681.994539,0,0,83,73
8/6/2021,5:00:00,11.6,155,0.83,2584.808702,0,0,83,73
8/6/2021,6:00:00,11.4,248,0.83,4064.388856,0,0,87,56
8/6/2021,7:00:00,11.2,274,0.83,4411.71354,0,0,87,56
8/6/2021,8:00:00,11.6,284,0.83,4736.03659,0,0,87,56
8/6/2021,9:00:00,11.5,264,0.83,4364.560189,0,0,87,60
8/6/2021,10:00:00,11.7,153,0.83,2573.451645,0,0,87,60
8/6/2021,11:00:00,11.8,150,0.83,2544.555841,0,0,87,60
8/6/2021,12:00:00,11.7,160,0.83,2691.191263,0,0,85,76
8/6/2021,13:00:00,11.9,142,0.83,2429.260147,0,0,85,76
8/6/2021,14:00:00,11.9,144,0.83,2463.475079,0,0,85,76
8/6/2021,15:00:00,11.9,146,0.83,2497.690011,0,0,85,76
8/6/2021,16:00:00,11.9,134,0.83,2292.400421,0,0,82,90
8/6/2021,17:00:00,11.9,130,0.83,2223.970557,0,0,82,90
8/6/2021,18:00:00,11.9,45,0.83,769.8359622,0,0,82,90
8/6/2021,19:00:00,11.8,44,0.83,746.4030468,0,0,82,90
8/6/2021,20:00:00,11.6,39,0.83,650.3712218,0,0,82,90
8/6/2021,21:00:00,11.6,36,0.83,600.3426663,0,0,82,89
8/6/2021,22:00:00,11.9,31,0.83,530.3314406,0,0,82,89
8/6/2021,23:00:00,11.9,31,0.83,530.3314406,0,0,82,89
8/7/2021,0:00:00,11.6,110,0.85,1878.582306,0,0,82,90
8/7/2021,1:00:00,11.6,120,0.85,2049.362516,0,0,82,90
8/7/2021,2:00:00,11.5,128,0.85,2167.14197,0,0,82,90
8/7/2021,3:00:00,11.5,129,0.85,2184.072767,0,0,87,61
8/7/2021,4:00:00,11.4,134,0.85,2248.998692,0,0,87,61
8/7/2021,5:00:00,11.3,141,0.85,2345.725069,0,0,87,61
8/7/2021,6:00:00,11.2,160,0.85,2638.25979,0,0,90,49
8/7/2021,7:00:00,11.2,164,0.85,2704.216285,0,0,90,49
8/7/2021,8:00:00,11.3,166,0.85,2761.633769,0,0,90,49
8/7/2021,9:00:00,11.4,162,0.85,2718.938717,0,0,90,43
8/7/2021,10:00:00,11.3,304,0.85,5057.449794,0,0,90,43
8/7/2021,11:00:00,11.5,299,0.85,5062.308197,0,0,90,43
8/7/2021,12:00:00,11.5,282,0.85,4774.484654,0,0,86,73
8/7/2021,13:00:00,11.5,282,0.85,4774.484654,0,0,86,73
8/7/2021,14:00:00,11.5,282,0.85,4774.484654,0,0,86,73
8/7/2021,15:00:00,11.5,282,0.85,4774.484654,0,0,84,82
8/7/2021,16:00:00,11.8,188,0.85,3266.024285,0,0,84,82
8/7/2021,17:00:00,11.1,269,0.85,4395.97093,0,0,84,82
8/7/2021,18:00:00,11.4,67,0.85,1124.499346,0,0,82,89
8/7/2021,19:00:00,11.4,67,0.85,1124.499346,0,0,82,89
8/7/2021,20:00:00,11.5,62,0.85,1049.709392,0,0,82,89
8/7/2021,21:00:00,11.5,56,0.85,948.1246121,0,0,82,90
8/7/2021,22:00:00,11.5,53,0.85,897.3322221,0,0,82,90
8/7/2021,23:00:00,11.5,49,0.85,829.6090356,0,0,82,90
8/8/2021,0:00:00,11.2,146,0.84,2379.089564,1,0,83,78
8/8/2021,1:00:00,11.2,146,0.84,2379.089564,1,0,83,78
8/8/2021,2:00:00,11.2,148,0.84,2411.679832,1,0,83,78
8/8/2021,3:00:00,11.2,148,0.84,2411.679832,1,0,90,61
8/8/2021,4:00:00,11.2,167,0.84,2721.287378,1,0,90,61
8/8/2021,5:00:00,11.8,219,0.84,3759.811185,1,0,90,61
8/8/2021,6:00:00,11.8,293,0.84,5030.249668,1,0,92,46
8/8/2021,7:00:00,11.7,297,0.84,5055.710815,1,0,92,46
8/8/2021,8:00:00,11.8,273,0.84,4686.887916,1,0,92,46
8/8/2021,9:00:00,11.7,303,0.84,5157.846387,1,0,91,53
8/8/2021,10:00:00,11.5,329,0.84,5504.699954,1,0,91,53
8/8/2021,11:00:00,11.7,329,0.84,5600.433866,1,0,91,53
8/8/2021,12:00:00,11.8,309,0.84,5304.93907,1,0,87,75
8/8/2021,13:00:00,11.8,274,0.84,4704.056004,1,0,87,75
8/8/2021,14:00:00,11.9,229,0.84,3964.809791,1,0,87,75
8/8/2021,15:00:00,11.7,233,0.84,3966.264713,1,0,85,86
8/8/2021,16:00:00,11.8,210,0.84,3605.298397,1,0,85,86
8/8/2021,17:00:00,11.9,154,0.84,2666.2913,1,0,85,86
8/8/2021,18:00:00,11.4,68,0.84,1127.85606,1,0,83,86
8/8/2021,19:00:00,11.5,73,0.84,1221.407588,1,0,83,86
8/8/2021,20:00:00,11.5,58,0.84,970.4334265,1,0,83,86
8/8/2021,21:00:00,11.6,55,0.84,928.2406688,1,0,83,89
8/8/2021,22:00:00,11.7,51,0.84,868.1523622,1,0,83,89
8/8/2021,23:00:00,11.6,46,0.84,776.3467412,1,0,83,89
8/9/2021,0:00:00,11.3,150,0.82,2407.377417,0,0,86,83
8/9/2021,1:00:00,11.3,150,0.82,2407.377417,0,0,86,83
8/9/2021,2:00:00,11.3,150,0.82,2407.377417,0,0,86,83
8/9/2021,3:00:00,11.3,154,0.82,2471.574149,0,0,92,55
8/9/2021,4:00:00,11.4,167,0.82,2703.932229,0,0,92,55
8/9/2021,5:00:00,11.5,183,0.82,2988.982758,0,0,92,55
8/9/2021,6:00:00,11.4,202,0.82,3270.624612,0,0,83,93
8/9/2021,7:00:00,11.6,184,0.82,3031.44918,0,0,83,93
8/9/2021,8:00:00,11.7,209,0.82,3473.014749,0,0,83,93
8/9/2021,9:00:00,11.7,224,0.82,3722.27418,0,0,89,91
8/9/2021,10:00:00,11.7,230,0.82,3821.977953,0,0,89,91
8/9/2021,11:00:00,11.7,236,0.82,3921.681726,0,0,89,91
8/9/2021,12:00:00,11.8,236,0.82,3955.200373,0,0,84,92
8/9/2021,13:00:00,11.3,192,0.82,3081.443094,0,0,84,92
8/9/2021,14:00:00,11.3,192,0.82,3081.443094,0,0,84,92
8/9/2021,15:00:00,11.8,234,0.82,3921.681726,0,0,83,92
8/9/2021,16:00:00,11.8,93,0.82,1558.617096,0,0,83,92
8/9/2021,17:00:00,11.7,93,0.82,1545.408477,0,0,83,92
8/9/2021,18:00:00,11.8,62,0.82,1039.078064,0,0,79,90
8/9/2021,19:00:00,11.6,57,0.82,939.0902351,0,0,79,90
8/9/2021,20:00:00,11.6,52,0.82,856.7138986,0,0,79,90
8/9/2021,21:00:00,11.6,50,0.82,823.7633641,0,0,81,91
8/9/2021,22:00:00,11.5,48,0.82,783.9954775,0,0,81,91
8/9/2021,23:00:00,11.5,45,0.82,734.9957602,0,0,81,91
8/10/2021,0:00:00,11.5,85,0.8,1354.463732,0,0,83,87
8/10/2021,1:00:00,11.5,85,0.8,1354.463732,0,0,83,87
8/10/2021,2:00:00,11.5,85,0.8,1354.463732,0,0,83,87
8/10/2021,3:00:00,11.4,85,0.8,1342.685786,0,0,87,68
8/10/2021,4:00:00,11.3,90,0.8,1409.196537,0,0,87,68
8/10/2021,5:00:00,11.2,110,0.8,1707.109276,0,0,87,68
8/10/2021,6:00:00,11.8,137,0.8,2240.026668,0,0,91,52
8/10/2021,7:00:00,11.5,156,0.8,2485.839319,0,0,91,52
8/10/2021,8:00:00,11.7,156,0.8,2529.071307,0,0,91,52
8/10/2021,9:00:00,11.7,151,0.8,2448.011329,0,0,89,62
8/10/2021,10:00:00,11.7,172,0.8,2788.463236,0,0,89,62
8/10/2021,11:00:00,11.7,178,0.8,2885.735209,0,0,89,62
8/10/2021,12:00:00,11.9,180,0.8,2968.042264,0,0,85,73
8/10/2021,13:00:00,11.9,180,0.8,2968.042264,0,0,85,73
8/10/2021,14:00:00,11.9,182,0.8,3001.020511,0,0,85,73
8/10/2021,15:00:00,11.9,186,0.8,3066.977006,0,0,83,83
8/10/2021,16:00:00,12,170,0.8,2826.706918,0,0,83,83
8/10/2021,17:00:00,11.7,156,0.8,2529.071307,0,0,83,83
8/10/2021,18:00:00,11.7,56,0.8,907.8717513,0,0,83,91
8/10/2021,19:00:00,11.7,54,0.8,875.4477602,0,0,83,91
8/10/2021,20:00:00,11.6,50,0.8,803.6715747,0,0,83,91
8/10/2021,21:00:00,11.6,48,0.8,771.5247117,0,0,81,87
8/10/2021,22:00:00,11.6,48,0.8,771.5247117,0,0,81,87
8/10/2021,23:00:00,11.6,48,0.8,771.5247117,0,0,81,87
8/11/2021,0:00:00,11.5,103,0.85,1743.872054,0,0,84,76
8/11/2021,1:00:00,11.5,104,0.85,1760.802851,0,0,84,76
8/11/2021,2:00:00,11.5,109,0.85,1845.456834,0,0,84,76
8/11/2021,3:00:00,11.5,111,0.85,1879.318427,0,0,89,57
8/11/2021,4:00:00,11.5,115,0.85,1947.041614,0,0,89,57
8/11/2021,5:00:00,11.5,178,0.85,3013.681803,0,0,89,57
8/11/2021,6:00:00,11.2,216,0.85,3561.650717,0,0,92,45
8/11/2021,7:00:00,11.1,249,0.85,4069.132943,0,0,92,45
8/11/2021,8:00:00,11.2,273,0.85,4501.530767,0,0,92,45
8/11/2021,9:00:00,11.4,248,0.85,4162.325937,0,0,91,41
8/11/2021,10:00:00,11.3,279,0.85,4641.541094,0,0,91,41
8/11/2021,11:00:00,11,294,0.85,4761.234465,0,0,91,41
8/11/2021,12:00:00,11.4,299,0.85,5018.288125,0,0,87,70
8/11/2021,13:00:00,11.6,290,0.85,4952.626079,0,0,87,70
8/11/2021,14:00:00,11.6,286,0.85,4884.313995,0,0,87,70
8/11/2021,15:00:00,11.6,284,0.85,4850.157953,0,0,84,84
8/11/2021,16:00:00,11.8,274,0.85,4760.05667,0,0,84,84
8/11/2021,17:00:00,12,240,0.85,4240.060377,0,0,84,84
8/11/2021,18:00:00,11.6,60,0.85,1024.681258,0,0,82,87
8/11/2021,19:00:00,11.7,63,0.85,1085.190453,0,0,82,87
8/11/2021,20:00:00,11.7,56,0.85,964.6137358,0,0,82,87
8/11/2021,21:00:00,11.6,51,0.85,870.9790691,0,0,82,90
8/11/2021,22:00:00,11.6,46,0.85,785.5889643,0,0,82,90
8/11/2021,23:00:00,11.6,39,0.85,666.0428175,0,0,82,90
8/12/2021,0:00:00,11.5,104,0.84,1740.087523,0,0,85,78
8/12/2021,1:00:00,11.5,104,0.84,1740.087523,0,0,85,78
8/12/2021,2:00:00,11.5,109,0.84,1823.745577,0,0,85,78
8/12/2021,3:00:00,11.3,152,0.84,2498.975192,0,0,85,78
8/12/2021,4:00:00,11,180,0.84,2880.746903,0,0,85,78
8/12/2021,5:00:00,11.5,260,0.84,4350.218808,0,0,93,39
8/12/2021,6:00:00,11.4,304,0.84,5042.180034,0,0,93,39
8/12/2021,7:00:00,11.5,334,0.84,5588.358008,0,0,93,39
8/12/2021,8:00:00,11.2,339,0.84,5524.050425,0,0,93,39
8/12/2021,9:00:00,11.2,344,0.84,5605.526095,0,0,87,88
8/12/2021,10:00:00,11.5,308,0.84,5153.336127,0,0,87,88
8/12/2021,11:00:00,11.2,336,0.84,5475.165023,0,0,87,88
8/12/2021,12:00:00,11.5,300,0.84,5019.48324,0,0,84,87
8/12/2021,13:00:00,11.5,291,0.84,4868.898743,0,0,84,87
8/12/2021,14:00:00,11.5,284,0.84,4751.777468,0,0,84,87
8/12/2021,15:00:00,11.6,274,0.84,4624.326241,0,0,83,90
8/12/2021,16:00:00,11.7,270,0.84,4596.100741,0,0,83,90
8/12/2021,17:00:00,11.8,252,0.84,4326.358076,0,0,83,90
8/12/2021,18:00:00,12,60,0.84,1047.544328,0,0,84,88
8/12/2021,19:00:00,11.9,60,0.84,1038.814792,0,0,84,88
8/12/2021,20:00:00,11.8,54,0.84,927.0767306,0,0,84,88
8/12/2021,21:00:00,11.7,47,0.84,800.0619808,0,0,81,92
8/12/2021,22:00:00,11.6,41,0.84,691.9612258,0,0,81,92
8/12/2021,23:00:00,11.6,40,0.84,675.0841228,0,0,81,92
8/13/2021,0:00:00,11.6,112,0.85,1912.738348,0,0,84,82
8/13/2021,1:00:00,11.6,112,0.85,1912.738348,0,0,84,82
8/13/2021,2:00:00,11.4,134,0.85,2248.998692,0,0,84,82
8/13/2021,3:00:00,11.4,153,0.85,2567.886566,0,0,89,63
8/13/2021,4:00:00,11.4,162,0.85,2718.938717,0,0,89,63
8/13/2021,5:00:00,11.6,253,0.85,4320.739304,0,0,89,63
8/13/2021,6:00:00,11.8,305,0.85,5298.603228,0,0,91,51
8/13/2021,7:00:00,11.1,379,0.85,6193.579861,0,0,91,51
8/13/2021,8:00:00,11.3,319,0.85,5306.995014,0,0,91,51
8/13/2021,9:00:00,11.3,296,0.85,4924.35901,0,0,88,75
8/13/2021,10:00:00,11.4,283,0.85,4749.750968,0,0,88,75
8/13/2021,11:00:00,11.4,296,0.85,4967.937408,0,0,88,75
8/13/2021,12:00:00,11.4,296,0.85,4967.937408,0,0,84,77
8/13/2021,13:00:00,11.8,264,0.85,4586.331974,0,0,84,77
8/13/2021,14:00:00,11.3,249,0.85,4142.450654,0,0,84,77
8/13/2021,15:00:00,11.2,278,0.85,4583.976385,0,0,83,83
8/13/2021,16:00:00,11.2,269,0.85,4435.574272,0,0,83,83
8/13/2021,17:00:00,11.8,214,0.85,3717.708494,0,0,83,83
8/13/2021,18:00:00,11.7,55,0.85,947.3884905,0,0,81,90
8/13/2021,19:00:00,11.7,57,0.85,981.838981,0,0,81,90
8/13/2021,20:00:00,11.7,57,0.85,981.838981,0,0,81,90
8/13/2021,21:00:00,11.5,52,0.85,880.4014255,0,0,81,90
8/13/2021,22:00:00,11.5,50,0.85,846.5398322,0,0,81,90
8/13/2021,23:00:00,11.5,50,0.85,846.5398322,0,0,81,90
8/14/2021,0:00:00,11.5,95,0.85,1608.425681,0,0,85,69
8/14/2021,1:00:00,11.5,95,0.85,1608.425681,0,0,85,69
8/14/2021,2:00:00,11.5,95,0.85,1608.425681,0,0,85,69
8/14/2021,3:00:00,11.4,95,0.85,1594.439371,0,0,87,59
8/14/2021,4:00:00,11.3,110,0.85,1829.998281,0,0,87,59
8/14/2021,5:00:00,11.2,135,0.85,2226.031698,0,0,87,59
8/14/2021,6:00:00,11.7,179,0.85,3083.318905,0,0,91,42
8/14/2021,7:00:00,11.6,194,0.85,3313.136067,0,0,91,42
8/14/2021,8:00:00,11.5,227,0.85,3843.290838,0,0,91,42
8/14/2021,9:00:00,11.3,220,0.85,3659.996561,0,0,91,44
8/14/2021,10:00:00,11.5,215,0.85,3640.121278,0,0,91,44
8/14/2021,11:00:00,11.8,363,0.85,6306.206465,0,0,91,44
8/14/2021,12:00:00,11.6,369,0.85,6301.789735,0,0,87,60
8/14/2021,13:00:00,11.4,359,0.85,6025.302465,0,0,87,60
8/14/2021,14:00:00,11.5,349,0.85,5908.848029,0,0,87,60
8/14/2021,15:00:00,11.6,329,0.85,5618.668897,0,0,85,73
8/14/2021,16:00:00,11.6,314,0.85,5362.498582,0,0,85,73
8/14/2021,17:00:00,11.6,294,0.85,5020.938163,0,0,85,73
8/14/2021,18:00:00,11.8,279,0.85,4846.919018,0,0,82,86
8/14/2021,19:00:00,11.9,62,0.85,1086.221023,0,0,82,86
8/14/2021,20:00:00,11.7,59,0.85,1016.289472,0,0,82,86
8/14/2021,21:00:00,11.6,58,0.85,990.5252158,0,0,81,80
8/14/2021,22:00:00,11.5,54,0.85,914.2630188,0,0,81,80
8/14/2021,23:00:00,11.5,50,0.85,846.5398322,0,0,81,80
8/15/2021,0:00:00,11.6,129,0.865,2241.942317,1,0,82,74
8/15/2021,1:00:00,11.5,139,0.865,2394.910982,1,0,82,74
8/15/2021,2:00:00,11.5,156,0.865,2687.813764,1,0,82,74
8/15/2021,3:00:00,11.3,181,0.865,3064.317442,1,0,86,63
8/15/2021,4:00:00,11,205,0.865,3378.495004,1,0,86,63
8/15/2021,5:00:00,11,280,0.865,4614.529762,1,0,86,63
8/15/2021,6:00:00,11.2,309,0.865,5185.053441,1,0,91,57
8/15/2021,7:00:00,11.7,203,0.865,3558.4317,1,0,91,57
8/15/2021,8:00:00,11.4,299,0.865,5106.846151,1,0,91,57
8/15/2021,9:00:00,11.4,334,0.865,5704.637506,1,0,84,79
8/15/2021,10:00:00,11.5,352,0.865,6064.810544,1,0,84,79
8/15/2021,11:00:00,11.4,340,0.865,5807.116025,1,0,84,79
8/15/2021,12:00:00,11.4,349,0.865,5960.833802,1,0,83,80
8/15/2021,13:00:00,11.5,344,0.865,5926.97394,1,0,83,80
8/15/2021,14:00:00,11.8,313,0.865,5533.540332,1,0,83,80
8/15/2021,15:00:00,11.9,300,0.865,5348.659496,1,0,81,91
8/15/2021,16:00:00,11.8,319,0.865,5639.614587,1,0,81,91
8/15/2021,17:00:00,11.2,294,0.865,4933.351818,1,0,81,91
8/15/2021,18:00:00,11.8,55,0.865,972.3473426,1,0,84,82
8/15/2021,19:00:00,11.7,55,0.865,964.1071109,1,0,84,82
8/15/2021,20:00:00,11.7,53,0.865,929.0486705,1,0,84,82
8/15/2021,21:00:00,11.6,46,0.865,799.4522989,1,0,77,93
8/15/2021,22:00:00,11.6,43,0.865,747.3141055,1,0,77,93
8/15/2021,23:00:00,11.6,41,0.865,712.5553099,1,0,77,93
8/16/2021,0:00:00,11.6,41,0.77,634.2977903,0,0,80,93
8/16/2021,1:00:00,11.6,41,0.77,634.2977903,0,0,80,93
8/16/2021,2:00:00,11.4,41,0.77,623.3616215,0,0,80,93
8/16/2021,3:00:00,11.4,41,0.77,623.3616215,0,0,82,80
8/16/2021,4:00:00,11.4,43,0.77,653.7695055,0,0,82,80
8/16/2021,5:00:00,11.3,82,0.77,1235.787074,0,0,82,80
8/16/2021,6:00:00,11.2,94,0.77,1404.097379,0,0,82,87
8/16/2021,7:00:00,11.6,138,0.77,2134.953538,0,0,82,87
8/16/2021,8:00:00,11.7,134,0.77,2090.942127,0,0,82,87
8/16/2021,9:00:00,11.2,144,0.77,2150.957688,0,0,83,78
8/16/2021,10:00:00,11.5,147,0.77,2254.584555,0,0,83,78
8/16/2021,11:00:00,11.8,206,0.77,3241.907209,0,0,83,78
8/16/2021,12:00:00,11.7,139,0.77,2168.962356,0,0,80,91
8/16/2021,13:00:00,11.7,125,0.77,1950.505716,0,0,80,91
8/16/2021,14:00:00,11.7,125,0.77,1950.505716,0,0,80,91
8/16/2021,15:00:00,11.7,132,0.77,2059.734036,0,0,78,91
8/16/2021,16:00:00,11.6,187,0.77,2893.016751,0,0,78,91
8/16/2021,17:00:00,11.6,123,0.77,1902.893371,0,0,78,91
8/16/2021,18:00:00,11.8,61,0.77,959.9822319,0,0,78,91
8/16/2021,19:00:00,11.7,61,0.77,951.8467892,0,0,78,91
8/16/2021,20:00:00,11.6,56,0.77,866.3579575,0,0,78,91
8/16/2021,21:00:00,11.6,56,0.77,866.3579575,0,0,77,93
8/16/2021,22:00:00,11.6,51,0.77,789.0045685,0,0,77,93
8/16/2021,23:00:00,11.6,49,0.77,758.0632128,0,0,77,93
8/17/2021,0:00:00,11.7,100,0.82,1661.729545,0,0,78,90
8/17/2021,1:00:00,11.7,100,0.82,1661.729545,0,0,78,90
8/17/2021,2:00:00,11.7,100,0.82,1661.729545,0,0,78,90
8/17/2021,3:00:00,11.7,100,0.82,1661.729545,0,0,80,85
8/17/2021,4:00:00,11.6,100,0.82,1647.526728,0,0,80,85
8/17/2021,5:00:00,11.3,117,0.82,1877.754386,0,0,80,85
8/17/2021,6:00:00,11.3,166,0.82,2664.164342,0,0,82,80
8/17/2021,7:00:00,11.3,160,0.82,2567.869245,0,0,82,80
8/17/2021,8:00:00,11.5,159,0.82,2596.985019,0,0,82,80
8/17/2021,9:00:00,11.5,169,0.82,2760.31741,0,0,82,80
8/17/2021,10:00:00,11.5,174,0.82,2841.983606,0,0,82,80
8/17/2021,11:00:00,11.6,164,0.82,2701.943834,0,0,82,80
8/17/2021,12:00:00,11.6,154,0.82,2537.191161,0,0,81,87
8/17/2021,13:00:00,11.6,159,0.82,2619.567498,0,0,81,87
8/17/2021,14:00:00,11.7,163,0.82,2708.619158,0,0,81,87
8/17/2021,15:00:00,11.6,164,0.82,2701.943834,0,0,81,87
8/17/2021,16:00:00,11.7,154,0.82,2559.063499,0,0,81,87
8/17/2021,17:00:00,11.9,134,0.82,2264.781139,0,0,81,87
8/17/2021,18:00:00,11.7,60,0.82,997.0377269,0,0,78,91
8/17/2021,19:00:00,11.7,60,0.82,997.0377269,0,0,78,91
8/17/2021,20:00:00,11.7,57,0.82,947.1858405,0,0,78,91
8/17/2021,21:00:00,11.6,54,0.82,889.6644332,0,0,80,90
8/17/2021,22:00:00,11.6,52,0.82,856.7138986,0,0,80,90
8/17/2021,23:00:00,11.6,49,0.82,807.2880968,0,0,80,90
8/18/2021,0:00:00,11.5,100,0.84,1673.16108,0,0,81,78
8/18/2021,1:00:00,11.5,100,0.84,1673.16108,0,0,81,78
8/18/2021,2:00:00,11.5,100,0.84,1673.16108,0,0,81,78
8/18/2021,3:00:00,11.5,100,0.84,1673.16108,0,0,82,78
8/18/2021,4:00:00,11.4,105,0.84,1741.542446,0,0,82,78
8/18/2021,5:00:00,11.4,105,0.84,1741.542446,0,0,82,78
8/18/2021,6:00:00,11.2,124,0.84,2020.596616,0,0,84,76
8/18/2021,7:00:00,11.5,154,0.84,2576.668063,0,0,84,76
8/18/2021,8:00:00,11.4,159,0.84,2637.192847,0,0,84,76
8/18/2021,9:00:00,11.4,186,0.84,3085.018047,0,0,84,76
8/18/2021,10:00:00,11.4,194,0.84,3217.706995,0,0,82,90
8/18/2021,11:00:00,11.5,176,0.84,2944.763501,0,0,82,90
8/18/2021,12:00:00,11.6,172,0.84,2902.861728,0,0,82,90
8/18/2021,13:00:00,11.7,172,0.84,2927.886398,0,0,82,90
8/18/2021,14:00:00,11.7,170,0.84,2893.841207,0,0,82,90
8/18/2021,15:00:00,11.7,168,0.84,2859.796017,0,0,81,91
8/18/2021,16:00:00,11.7,162,0.84,2757.660445,0,0,81,91
8/18/2021,17:00:00,11.8,143,0.84,2455.036527,0,0,81,91
8/18/2021,18:00:00,11.7,52,0.84,885.1749575,0,0,81,90
8/18/2021,19:00:00,11.7,56,0.84,953.2653389,0,0,81,90
8/18/2021,20:00:00,11.7,54,0.84,919.2201482,0,0,81,90
8/18/2021,21:00:00,11.6,49,0.84,826.9780504,0,0,80,93
8/18/2021,22:00:00,11.6,47,0.84,793.2238442,0,0,80,93
8/18/2021,23:00:00,11,45,0.84,720.1867258,0,0,80,93
8/19/2021,0:00:00,11.6,45,0.83,750.4283329,0,0,82,80
8/19/2021,1:00:00,11.6,45,0.83,750.4283329,0,0,82,80
8/19/2021,2:00:00,11.6,43,0.83,717.0759625,0,0,82,80
8/19/2021,3:00:00,11.5,83,0.83,1372.191272,0,0,85,68
8/19/2021,4:00:00,11.5,83,0.83,1372.191272,0,0,85,68
8/19/2021,5:00:00,11.5,133,0.83,2198.812519,0,0,85,68
8/19/2021,6:00:00,11.3,189,0.83,3070.286955,0,0,86,67
8/19/2021,7:00:00,11.3,245,0.83,3980.001608,0,0,86,67
8/19/2021,8:00:00,11.3,260,0.83,4223.675176,0,0,86,67
8/19/2021,9:00:00,11.3,268,0.83,4353.634412,0,0,84,72
8/19/2021,10:00:00,11.3,234,0.83,3801.307659,0,0,84,72
8/19/2021,11:00:00,11.5,236,0.83,3901.65229,0,0,84,72
8/19/2021,12:00:00,11.7,234,0.83,3935.867222,0,0,82,80
8/19/2021,13:00:00,11.7,215,0.83,3616.288259,0,0,82,80
8/19/2021,14:00:00,11.5,206,0.83,3405.679541,0,0,82,80
8/19/2021,15:00:00,11.6,182,0.83,3035.065702,0,0,82,86
8/19/2021,16:00:00,11.7,177,0.83,2977.130334,0,0,82,86
8/19/2021,17:00:00,11.7,161,0.83,2708.011208,0,0,82,86
8/19/2021,18:00:00,11.4,56,0.83,917.7652255,0,0,81,93
8/19/2021,19:00:00,11.4,56,0.83,917.7652255,0,0,81,93
8/19/2021,20:00:00,11.5,50,0.83,826.6212479,0,0,81,93
8/19/2021,21:00:00,11.5,46,0.83,760.4915481,0,0,80,89
8/19/2021,22:00:00,11.5,44,0.83,727.4266982,0,0,80,89
8/19/2021,23:00:00,11.5,40,0.83,661.2969983,0,0,80,89
8/20/2021,0:00:00,11.5,107,0.82,1747.656585,0,0,80,87
8/20/2021,1:00:00,11.5,107,0.82,1747.656585,0,0,80,87
8/20/2021,2:00:00,11.5,107,0.82,1747.656585,0,0,80,87
8/20/2021,3:00:00,11.5,107,0.82,1747.656585,0,0,81,77
8/20/2021,4:00:00,11.3,125,0.82,2006.147848,0,0,81,77
8/20/2021,5:00:00,11.3,157,0.82,2519.721697,0,0,81,77
8/20/2021,6:00:00,11.2,248,0.82,3944.974345,0,0,83,72
8/20/2021,7:00:00,11.6,276,0.82,4547.17377,0,0,83,72
8/20/2021,8:00:00,11.6,276,0.82,4547.17377,0,0,83,72
8/20/2021,9:00:00,11.8,268,0.82,4491.498729,0,0,82,78
8/20/2021,10:00:00,11.9,264,0.82,4461.95687,0,0,82,78
8/20/2021,11:00:00,11.6,249,0.82,4102.341553,0,0,82,78
8/20/2021,12:00:00,11.6,244,0.82,4019.965217,0,0,81,87
8/20/2021,13:00:00,11.6,229,0.82,3772.836207,0,0,81,87
8/20/2021,14:00:00,11.6,219,0.82,3608.083535,0,0,81,87
8/20/2021,15:00:00,11.8,209,0.82,3502.698635,0,0,80,91
8/20/2021,16:00:00,11.8,194,0.82,3251.308781,0,0,80,91
8/20/2021,17:00:00,12,179,0.82,3050.76501,0,0,80,91
8/20/2021,18:00:00,11.5,62,0.82,1012.660825,0,0,82,89
8/20/2021,19:00:00,11.5,62,0.82,1012.660825,0,0,82,89
8/20/2021,20:00:00,11.6,60,0.82,988.5160369,0,0,82,89
8/20/2021,21:00:00,11.5,56,0.82,914.6613905,0,0,78,91
8/20/2021,22:00:00,11.5,52,0.82,849.328434,0,0,78,91
8/20/2021,23:00:00,11.5,50,0.82,816.6619558,0,0,78,91
8/21/2021,0:00:00,11.5,100,0.83,1653.242496,0,0,78,91
8/21/2021,1:00:00,11.5,100,0.83,1653.242496,0,0,78,91
8/21/2021,2:00:00,11.5,100,0.83,1653.242496,0,0,78,91
8/21/2021,3:00:00,11.4,112,0.83,1835.530451,0,0,84,76
8/21/2021,4:00:00,11.3,141,0.83,2290.531538,0,0,84,76
8/21/2021,5:00:00,11.2,155,0.83,2495.677368,0,0,84,76
8/21/2021,6:00:00,11.4,225,0.83,3687.449567,0,0,83,74
8/21/2021,7:00:00,11.8,240,0.83,4071.289346,0,0,83,74
8/21/2021,8:00:00,11.8,239,0.83,4054.325641,0,0,83,74
8/21/2021,9:00:00,11.6,254,0.83,4235.751035,0,0,77,91
8/21/2021,10:00:00,11.5,257,0.83,4248.833214,0,0,77,91
8/21/2021,11:00:00,11.5,236,0.83,3901.65229,0,0,77,91
8/21/2021,12:00:00,11.7,127,0.83,2136.133065,0,0,77,91
8/21/2021,13:00:00,11.7,127,0.83,2136.133065,0,0,77,91
8/21/2021,14:00:00,11.8,112,0.83,1899.935028,0,0,77,91
8/21/2021,15:00:00,11.8,125,0.83,2120.463201,0,0,78,91
8/21/2021,16:00:00,11.6,114,0.83,1901.08511,0,0,78,91
8/21/2021,17:00:00,11.6,52,0.83,867.1616291,0,0,78,91
8/21/2021,18:00:00,11.7,53,0.83,891.4571058,0,0,79,91
8/21/2021,19:00:00,11.7,62,0.83,1042.836614,0,0,79,91
8/21/2021,20:00:00,11.6,58,0.83,967.2187402,0,0,79,91
8/21/2021,21:00:00,11.7,58,0.83,975.5568328,0,0,77,91
8/21/2021,22:00:00,11.6,54,0.83,900.5139995,0,0,77,91
8/21/2021,23:00:00,11.6,54,0.83,900.5139995,0,0,77,91
8/22/2021,0:00:00,11.6,53,0.82,873.1891659,1,0,81,87
8/22/2021,1:00:00,11.8,53,0.82,888.2441515,1,0,81,87
8/22/2021,2:00:00,11.8,53,0.82,888.2441515,1,0,81,87
8/22/2021,3:00:00,11.5,62,0.82,1012.660825,1,0,85,63
8/22/2021,4:00:00,11.5,66,0.82,1077.993782,1,0,85,63
8/22/2021,5:00:00,11.2,74,0.82,1177.129442,1,0,85,63
8/22/2021,6:00:00,11.7,92,0.82,1528.791181,1,0,89,50
8/22/2021,7:00:00,11.7,109,0.82,1811.285204,1,0,89,50
8/22/2021,8:00:00,11.7,110,0.82,1827.902499,1,0,89,50
8/22/2021,9:00:00,11.5,102,0.82,1665.99039,1,0,89,53
8/22/2021,10:00:00,11.5,99,0.82,1616.990672,1,0,89,53
8/22/2021,11:00:00,11.6,94,0.82,1548.675124,1,0,89,53
8/22/2021,12:00:00,11.5,104,0.82,1698.656868,1,0,84,79
8/22/2021,13:00:00,11.5,106,0.82,1731.323346,1,0,84,79
8/22/2021,14:00:00,11.5,106,0.82,1731.323346,1,0,84,79
8/22/2021,15:00:00,11.5,79,0.82,1290.32589,1,0,82,86
8/22/2021,16:00:00,11.4,106,0.82,1716.268361,1,0,82,86
8/22/2021,17:00:00,11.5,110,0.82,1796.656303,1,0,82,86
8/22/2021,18:00:00,11.6,61,0.82,1004.991304,1,0,77,91
8/22/2021,19:00:00,11.6,61,0.82,1004.991304,1,0,77,91
8/22/2021,20:00:00,11.7,62,0.82,1030.272318,1,0,77,91
8/22/2021,21:00:00,11.7,61,0.82,1013.655022,1,0,78,90
8/22/2021,22:00:00,11.7,43,0.82,714.5437043,1,0,78,90
8/22/2021,23:00:00,11.7,43,0.82,714.5437043,1,0,78,90
8/23/2021,0:00:00,11.7,43,0.81,705.8297566,0,0,81,84
8/23/2021,1:00:00,11.7,43,0.81,705.8297566,0,0,81,84
8/23/2021,2:00:00,11.7,42,0.81,689.4151111,0,0,81,84
8/23/2021,3:00:00,11.7,42,0.81,689.4151111,0,0,88,61
8/23/2021,4:00:00,11.5,42,0.81,677.6302374,0,0,88,61
8/23/2021,5:00:00,11.5,64,0.81,1032.579409,0,0,88,61
8/23/2021,6:00:00,11.2,89,0.81,1398.471678,0,0,91,50
8/23/2021,7:00:00,11.4,94,0.81,1503.413173,0,0,91,50
8/23/2021,8:00:00,11.3,103,0.81,1632.906487,0,0,91,50
8/23/2021,9:00:00,11.3,103,0.81,1632.906487,0,0,90,62
8/23/2021,10:00:00,11.3,107,0.81,1696.320331,0,0,90,62
8/23/2021,11:00:00,11.3,109,0.81,1728.027254,0,0,90,62
8/23/2021,12:00:00,11.4,124,0.81,1983.225887,0,0,82,90
8/23/2021,13:00:00,11.4,124,0.81,1983.225887,0,0,82,90
8/23/2021,14:00:00,11.4,144,0.81,2303.101031,0,0,82,90
8/23/2021,15:00:00,11.4,149,0.81,2383.069816,0,0,80,90
8/23/2021,16:00:00,11.4,149,0.81,2383.069816,0,0,80,90
8/23/2021,17:00:00,11.8,144,0.81,2383.911593,0,0,80,90
8/23/2021,18:00:00,11.8,64,0.81,1059.516264,0,0,78,88
8/23/2021,19:00:00,11.7,61,0.81,1001.293376,0,0,78,88
8/23/2021,20:00:00,11.7,60,0.81,984.8787302,0,0,78,88
8/23/2021,21:00:00,11.7,58,0.81,952.0494392,0,0,78,91
8/23/2021,22:00:00,11.7,48,0.81,787.9029842,0,0,78,91
8/23/2021,23:00:00,11.7,45,0.81,738.6590476,0,0,78,91
8/24/2021,0:00:00,11.6,70,0.85,1195.461467,0,0,84,79
8/24/2021,1:00:00,11.6,70,0.85,1195.461467,0,0,84,79
8/24/2021,2:00:00,11.6,70,0.85,1195.461467,0,0,84,79
8/24/2021,3:00:00,11.6,70,0.85,1195.461467,0,0,89,62
8/24/2021,4:00:00,11.4,85,0.85,1426.603648,0,0,89,62
8/24/2021,5:00:00,11.3,116,0.85,1929.816369,0,0,89,62
8/24/2021,6:00:00,11.3,145,0.85,2412.270461,0,0,91,47
8/24/2021,7:00:00,11.2,179,0.85,2951.55314,0,0,91,47
8/24/2021,8:00:00,11.5,194,0.85,3284.574549,0,0,91,47
8/24/2021,9:00:00,11.4,226,0.85,3793.087346,0,0,91,49
8/24/2021,10:00:00,11.2,239,0.85,3940.900561,0,0,91,49
8/24/2021,11:00:00,11.5,183,0.85,3098.335786,0,0,91,49
8/24/2021,12:00:00,11.5,184,0.85,3115.266582,0,0,82,75
8/24/2021,13:00:00,11.4,187,0.85,3138.528025,0,0,82,75
8/24/2021,14:00:00,11.4,231,0.85,3877.005207,0,0,82,75
8/24/2021,15:00:00,11.4,219,0.85,3675.602339,0,0,82,86
8/24/2021,16:00:00,11.6,189,0.85,3227.745962,0,0,82,86
8/24/2021,17:00:00,11.6,177,0.85,3022.80971,0,0,82,86
8/24/2021,18:00:00,11.8,62,0.85,1077.093115,0,0,79,90
8/24/2021,19:00:00,11.8,62,0.85,1077.093115,0,0,79,90
8/24/2021,20:00:00,11.7,60,0.85,1033.514717,0,0,79,90
8/24/2021,21:00:00,11.7,54,0.85,930.1632452,0,0,80,91
8/24/2021,22:00:00,11.7,47,0.85,809.5865282,0,0,80,91
8/24/2021,23:00:00,11.7,45,0.85,775.1360377,0,0,80,91
8/25/2021,0:00:00,11.6,77,0.85,1315.007614,0,0,84,82
8/25/2021,1:00:00,11.6,77,0.85,1315.007614,0,0,84,82
8/25/2021,2:00:00,11.6,77,0.85,1315.007614,0,0,84,82
8/25/2021,3:00:00,11.5,80,0.85,1354.463732,0,0,88,58
8/25/2021,4:00:00,11.5,88,0.85,1489.910105,0,0,88,58
8/25/2021,5:00:00,11.5,138,0.85,2336.449937,0,0,88,58
8/25/2021,6:00:00,11.6,157,0.85,2681.249291,0,0,90,49
8/25/2021,7:00:00,11.3,179,0.85,2977.906293,0,0,90,49
8/25/2021,8:00:00,11.4,186,0.85,3121.744453,0,0,90,49
8/25/2021,9:00:00,11.5,227,0.85,3843.290838,0,0,86,64
8/25/2021,10:00:00,11.3,206,0.85,3427.087689,0,0,86,64
8/25/2021,11:00:00,11.3,206,0.85,3427.087689,0,0,86,64
8/25/2021,12:00:00,11.4,194,0.85,3256.013031,0,0,82,68
8/25/2021,13:00:00,11.4,194,0.85,3256.013031,0,0,82,68
8/25/2021,14:00:00,11.5,189,0.85,3199.920566,0,0,82,68
8/25/2021,15:00:00,11.6,211,0.85,3603.462423,0,0,79,79
8/25/2021,16:00:00,11.8,219,0.85,3804.570842,0,0,79,79
8/25/2021,17:00:00,11.6,50,0.85,853.9010481,0,0,79,79
8/25/2021,18:00:00,11.7,62,0.85,1067.965207,0,0,81,89
8/25/2021,19:00:00,11.7,62,0.85,1067.965207,0,0,81,89
8/25/2021,20:00:00,11.7,59,0.85,1016.289472,0,0,81,89
8/25/2021,21:00:00,11.7,54,0.85,930.1632452,0,0,78,91
8/25/2021,22:00:00,11.7,50,0.85,861.2622641,0,0,78,91
8/25/2021,23:00:00,11.7,49,0.85,844.0370188,0,0,78,91
8/26/2021,0:00:00,11.6,44,0.83,733.7521477,0,0,81,84
8/26/2021,1:00:00,11.6,44,0.83,733.7521477,0,0,81,84
8/26/2021,2:00:00,11.6,44,0.83,733.7521477,0,0,81,84
8/26/2021,3:00:00,11.6,44,0.83,733.7521477,0,0,86,67
8/26/2021,4:00:00,11.6,79,0.83,1317.418629,0,0,86,67
8/26/2021,5:00:00,11.5,90,0.83,1487.918246,0,0,86,67
8/26/2021,6:00:00,11.6,132,0.83,2201.256443,0,0,88,58
8/26/2021,7:00:00,11.5,128,0.83,2116.150395,0,0,88,58
8/26/2021,8:00:00,11.5,136,0.83,2248.409794,0,0,88,58
8/26/2021,9:00:00,11.4,141,0.83,2310.801729,0,0,78,95
8/26/2021,10:00:00,11.6,126,0.83,2101.199332,0,0,78,95
8/26/2021,11:00:00,11.7,114,0.83,1917.473775,0,0,78,95
8/26/2021,12:00:00,11.8,98,0.83,1662.44315,0,0,79,95
8/26/2021,13:00:00,11.8,27,0.83,458.0200515,0,0,79,95
8/26/2021,14:00:00,11.6,74,0.83,1234.037703,0,0,79,95
8/26/2021,15:00:00,11.8,66,0.83,1119.60457,0,0,78,93
8/26/2021,16:00:00,11.8,66,0.83,1119.60457,0,0,78,93
8/26/2021,17:00:00,11.8,75,0.83,1272.277921,0,0,78,93
8/26/2021,18:00:00,11.7,62,0.83,1042.836614,0,0,78,90
8/26/2021,19:00:00,11.7,59,0.83,992.3767781,0,0,78,90
8/26/2021,20:00:00,11.7,57,0.83,958.7368874,0,0,78,90
8/26/2021,21:00:00,11.7,54,0.83,908.2770512,0,0,77,93
8/26/2021,22:00:00,11.7,49,0.83,824.1773242,0,0,77,93
8/26/2021,23:00:00,11.7,49,0.83,824.1773242,0,0,77,93
8/27/2021,0:00:00,11.7,48,0.81,787.9029842,0,0,83,87
8/27/2021,1:00:00,11.7,48,0.81,787.9029842,0,0,83,87
8/27/2021,2:00:00,11.7,48,0.81,787.9029842,0,0,83,87
8/27/2021,3:00:00,11.7,48,0.81,787.9029842,0,0,86,70
8/27/2021,4:00:00,11.7,48,0.81,787.9029842,0,0,86,70
8/27/2021,5:00:00,11.4,87,0.81,1391.456873,0,0,86,70
8/27/2021,6:00:00,11.5,92,0.81,1484.332901,0,0,88,48
8/27/2021,7:00:00,11.5,101,0.81,1629.539381,0,0,88,48
8/27/2021,8:00:00,11.5,109,0.81,1758.611807,0,0,88,48
8/27/2021,9:00:00,11.4,116,0.81,1855.27583,0,0,86,58
8/27/2021,10:00:00,11.4,118,0.81,1887.263345,0,0,86,58
8/27/2021,11:00:00,11.4,126,0.81,2015.213402,0,0,86,58
8/27/2021,12:00:00,11.4,129,0.81,2063.194673,0,0,78,91
8/27/2021,13:00:00,11.4,131,0.81,2095.182188,0,0,78,91
8/27/2021,14:00:00,11.5,126,0.81,2032.890712,0,0,78,91
8/27/2021,15:00:00,11.6,118,0.81,1920.373228,0,0,78,91
8/27/2021,16:00:00,11.6,91,0.81,1480.965794,0,0,78,91
8/27/2021,17:00:00,11.8,80,0.81,1324.395329,0,0,78,91
8/27/2021,18:00:00,11.8,61,0.81,1009.851439,0,0,78,93
8/27/2021,19:00:00,11.8,59,0.81,976.7415555,0,0,78,93
8/27/2021,20:00:00,11.7,56,0.81,919.2201482,0,0,78,93
8/27/2021,21:00:00,11.7,54,0.81,886.3908572,0,0,78,93
8/27/2021,22:00:00,11.7,52,0.81,853.5615662,0,0,78,93
8/27/2021,23:00:00,11.7,48,0.81,787.9029842,0,0,78,93
8/28/2021,0:00:00,11.6,48,0.84,810.1009473,0,0,80,91
8/28/2021,1:00:00,11.6,48,0.84,810.1009473,0,0,80,91
8/28/2021,2:00:00,11.6,48,0.84,810.1009473,0,0,80,91
8/28/2021,3:00:00,11.6,49,0.84,826.9780504,0,0,83,80
8/28/2021,4:00:00,11.6,49,0.84,826.9780504,0,0,83,80
8/28/2021,5:00:00,11.4,60,0.84,995.167112,0,0,83,80
8/28/2021,6:00:00,11.4,65,0.84,1078.097705,0,0,85,70
8/28/2021,7:00:00,11.4,75,0.84,1243.95889,0,0,85,70
8/28/2021,8:00:00,11.5,79,0.84,1321.797253,0,0,85,70
8/28/2021,9:00:00,11.3,108,0.84,1775.587637,0,0,83,71
8/28/2021,10:00:00,11.2,123,0.84,2004.301482,0,0,83,71
8/28/2021,11:00:00,11.2,123,0.84,2004.301482,0,0,83,71
8/28/2021,12:00:00,11.2,123,0.84,2004.301482,0,0,80,88
8/28/2021,13:00:00,11.4,110,0.84,1824.473039,0,0,80,88
8/28/2021,14:00:00,11.4,110,0.84,1824.473039,0,0,80,88
8/28/2021,15:00:00,11.3,115,0.84,1890.672021,0,0,77,93
8/28/2021,16:00:00,11.3,112,0.84,1841.350142,0,0,77,93
8/28/2021,17:00:00,11.5,103,0.84,1723.355913,0,0,77,93
8/28/2021,18:00:00,11.5,53,0.84,886.7753725,0,0,78,93
8/28/2021,19:00:00,11.5,52,0.84,870.0437617,0,0,78,93
8/28/2021,20:00:00,11.5,48,0.84,803.1173185,0,0,78,93
8/28/2021,21:00:00,11.5,45,0.84,752.9224861,0,0,75,93
8/28/2021,22:00:00,11.5,42,0.84,702.7276536,0,0,75,93
8/28/2021,23:00:00,11.5,39,0.84,652.5328212,0,0,75,93
8/29/2021,0:00:00,11.5,45,0.83,743.9591231,1,0,77,91
8/29/2021,1:00:00,11.5,45,0.83,743.9591231,1,0,77,91
8/29/2021,2:00:00,11.5,45,0.83,743.9591231,1,0,77,91
8/29/2021,3:00:00,11.5,45,0.83,743.9591231,1,0,81,74
8/29/2021,4:00:00,11.7,90,0.83,1513.795085,1,0,81,74
8/29/2021,5:00:00,11.7,94,0.83,1581.074867,1,0,81,74
8/29/2021,6:00:00,11.3,109,0.83,1770.694593,1,0,83,72
8/29/2021,7:00:00,11.3,109,0.83,1770.694593,1,0,83,72
8/29/2021,8:00:00,11.3,109,0.83,1770.694593,1,0,83,72
8/29/2021,9:00:00,11.4,114,0.83,1868.30778,1,0,84,73
8/29/2021,10:00:00,11.4,112,0.83,1835.530451,1,0,84,73
8/29/2021,11:00:00,11.4,124,0.83,2032.194428,1,0,84,73
8/29/2021,12:00:00,11.4,133,0.83,2179.692411,1,0,81,76
8/29/2021,13:00:00,11.4,144,0.83,2359.967723,1,0,81,76
8/29/2021,14:00:00,11.4,142,0.83,2327.190393,1,0,81,76
8/29/2021,15:00:00,11.4,150,0.83,2458.299711,1,0,80,90
8/29/2021,16:00:00,11.4,144,0.83,2359.967723,1,0,80,90
8/29/2021,17:00:00,11.5,119,0.83,1967.35857,1,0,80,90
8/29/2021,18:00:00,11.6,62,0.83,1033.923481,1,0,77,93
8/29/2021,19:00:00,11.6,59,0.83,983.8949253,1,0,77,93
8/29/2021,20:00:00,11.6,57,0.83,950.542555,1,0,77,93
8/29/2021,21:00:00,11.6,54,0.83,900.5139995,1,0,78,91
8/29/2021,22:00:00,11.6,52,0.83,867.1616291,1,0,78,91
8/29/2021,23:00:00,11.6,49,0.83,817.1330736,1,0,78,91
8/30/2021,0:00:00,11.6,70,0.82,1153.26871,0,0,81,90
8/30/2021,1:00:00,11.6,70,0.82,1153.26871,0,0,81,90
8/30/2021,2:00:00,11.7,49,0.82,814.2474769,0,0,81,90
8/30/2021,3:00:00,11.7,40,0.82,664.6918179,0,0,81,91
8/30/2021,4:00:00,11.7,40,0.82,664.6918179,0,0,81,91
8/30/2021,5:00:00,11.7,40,0.82,664.6918179,0,0,81,91
8/30/2021,6:00:00,11.5,79,0.82,1290.32589,0,0,83,84
8/30/2021,7:00:00,11.4,81,0.82,1311.488087,0,0,83,84
8/30/2021,8:00:00,11.4,81,0.82,1311.488087,0,0,83,84
8/30/2021,9:00:00,11.4,85,0.82,1376.252931,0,0,82,78
8/30/2021,10:00:00,11.4,85,0.82,1376.252931,0,0,82,78
8/30/2021,11:00:00,11.4,85,0.82,1376.252931,0,0,82,78
8/30/2021,12:00:00,11.4,80,0.82,1295.296876,0,0,80,88
8/30/2021,13:00:00,11.4,78,0.82,1262.914454,0,0,80,88
8/30/2021,14:00:00,11.5,80,0.82,1306.659129,0,0,80,88
8/30/2021,15:00:00,11.5,80,0.82,1306.659129,0,0,78,93
8/30/2021,16:00:00,11.5,82,0.82,1339.325607,0,0,78,93
8/30/2021,17:00:00,11.5,88,0.82,1437.325042,0,0,78,93
8/30/2021,18:00:00,11.6,66,0.82,1087.367641,0,0,78,88
8/30/2021,19:00:00,11.6,66,0.82,1087.367641,0,0,78,88
8/30/2021,20:00:00,11.6,66,0.82,1087.367641,0,0,78,88
8/30/2021,21:00:00,11.6,60,0.82,988.5160369,0,0,77,95
8/30/2021,22:00:00,11.6,56,0.82,922.6149678,0,0,77,95
8/30/2021,23:00:00,11.6,49,0.82,807.2880968,0,0,77,95
8/31/2021,0:00:00,11.7,49,0.81,804.3176297,0,0,80,90
8/31/2021,1:00:00,11.7,49,0.81,804.3176297,0,0,80,90
8/31/2021,2:00:00,11.7,49,0.81,804.3176297,0,0,80,90
8/31/2021,3:00:00,11.6,82,0.81,1334.49665,0,0,80,90
8/31/2021,4:00:00,11.6,82,0.81,1334.49665,0,0,80,90
8/31/2021,5:00:00,11.5,85,0.81,1371.394528,0,0,80,90
8/31/2021,6:00:00,11.4,92,0.81,1471.425658,0,0,80,91
8/31/2021,7:00:00,11.4,92,0.81,1471.425658,0,0,80,91
8/31/2021,8:00:00,11.4,95,0.81,1519.40693,0,0,80,91
8/31/2021,9:00:00,11.3,96,0.81,1521.93226,0,0,81,90
8/31/2021,10:00:00,11.4,96,0.81,1535.400687,0,0,81,90
8/31/2021,11:00:00,11.4,100,0.81,1599.375716,0,0,81,90
8/31/2021,12:00:00,11.4,96,0.81,1535.400687,0,0,80,90
8/31/2021,13:00:00,11.4,90,0.81,1439.438144,0,0,80,90
8/31/2021,14:00:00,11.4,96,0.81,1535.400687,0,0,80,90
8/31/2021,15:00:00,11.4,100,0.81,1599.375716,0,0,79,90
8/31/2021,16:00:00,11.4,96,0.81,1535.400687,0,0,79,90
8/31/2021,17:00:00,11.4,90,0.81,1439.438144,0,0,79,90
8/31/2021,18:00:00,11.7,62,0.81,1017.708021,0,0,78,93
8/31/2021,19:00:00,11.7,60,0.81,984.8787302,0,0,78,93
8/31/2021,20:00:00,11.7,60,0.81,984.8787302,0,0,78,93
8/31/2021,21:00:00,11.8,57,0.81,943.6316723,0,0,78,90
8/31/2021,22:00:00,11.8,54,0.81,893.9668474,0,0,78,90
8/31/2021,23:00:00,11.9,50,0.81,834.7618867,0,0,78,90
9/1/2021,0:00:00,11.7,82,0.82,1362.618227,0,0,81,90
9/1/2021,1:00:00,11.7,82,0.82,1362.618227,0,0,81,90
9/1/2021,2:00:00,11.6,82,0.82,1350.971917,0,0,81,90
9/1/2021,3:00:00,11.6,82,0.82,1350.971917,0,0,85,72
9/1/2021,4:00:00,11.6,91,0.82,1499.249323,0,0,85,72
9/1/2021,5:00:00,11.6,91,0.82,1499.249323,0,0,85,72
9/1/2021,6:00:00,11.4,95,0.82,1538.16504,0,0,87,61
9/1/2021,7:00:00,11.4,99,0.82,1602.929884,0,0,87,61
9/1/2021,8:00:00,11.3,102,0.82,1637.016644,0,0,87,61
9/1/2021,9:00:00,11.3,108,0.82,1733.311741,0,0,83,77
9/1/2021,10:00:00,11.3,104,0.82,1669.115009,0,0,83,77
9/1/2021,11:00:00,11.3,96,0.82,1540.721547,0,0,83,77
9/1/2021,12:00:00,11.3,96,0.82,1540.721547,0,0,81,83
9/1/2021,13:00:00,11.3,104,0.82,1669.115009,0,0,81,83
9/1/2021,14:00:00,11.3,104,0.82,1669.115009,0,0,81,83
9/1/2021,15:00:00,11.3,106,0.82,1701.213375,0,0,80,88
9/1/2021,16:00:00,11.3,94,0.82,1508.623182,0,0,80,88
9/1/2021,17:00:00,11.4,94,0.82,1521.973829,0,0,80,88
9/1/2021,18:00:00,11.6,61,0.82,1004.991304,0,0,78,90
9/1/2021,19:00:00,11.6,60,0.82,988.5160369,0,0,78,90
9/1/2021,20:00:00,11.7,59,0.82,980.4204314,0,0,78,90
9/1/2021,21:00:00,11.7,57,0.82,947.1858405,0,0,77,91
9/1/2021,22:00:00,11.7,54,0.82,897.3339542,0,0,77,91
9/1/2021,23:00:00,11.7,49,0.82,814.2474769,0,0,77,91
9/2/2021,0:00:00,11.6,80,0.85,1366.241677,0,0,80,87
9/2/2021,1:00:00,11.6,80,0.85,1366.241677,0,0,80,87
9/2/2021,2:00:00,11.6,80,0.85,1366.241677,0,0,80,87
9/2/2021,3:00:00,11.4,85,0.85,1426.603648,0,0,83,73
9/2/2021,4:00:00,11.4,85,0.85,1426.603648,0,0,83,73
9/2/2021,5:00:00,11.4,87,0.85,1460.170792,0,0,83,73
9/2/2021,6:00:00,11.2,128,0.85,2110.607832,0,0,88,59
9/2/2021,7:00:00,11.3,257,0.85,4275.541438,0,0,88,59
9/2/2021,8:00:00,11.3,179,0.85,2977.906293,0,0,88,59
9/2/2021,9:00:00,11.3,164,0.85,2728.361073,0,0,83,70
9/2/2021,10:00:00,11.2,166,0.85,2737.194532,0,0,83,70
9/2/2021,11:00:00,11.2,154,0.85,2539.325048,0,0,83,70
9/2/2021,12:00:00,11.3,159,0.85,2645.179333,0,0,81,87
9/2/2021,13:00:00,11.4,149,0.85,2500.752276,0,0,81,87
9/2/2021,14:00:00,11.8,158,0.85,2744.850197,0,0,81,87
9/2/2021,15:00:00,11.7,156,0.85,2687.138264,0,0,79,91
9/2/2021,16:00:00,11.7,139,0.85,2394.309094,0,0,79,91
9/2/2021,17:00:00,11.7,124,0.85,2135.930415,0,0,79,91
9/2/2021,18:00:00,11.7,63,0.85,1085.190453,0,0,79,90
9/2/2021,19:00:00,11.7,62,0.85,1067.965207,0,0,79,90
9/2/2021,20:00:00,11.7,60,0.85,1033.514717,0,0,79,90
9/2/2021,21:00:00,11.7,58,0.85,999.0642263,0,0,77,93
9/2/2021,22:00:00,11.7,54,0.85,930.1632452,0,0,77,93
9/2/2021,23:00:00,11.7,49,0.85,844.0370188,0,0,77,93
9/3/2021,0:00:00,11.6,68,0.84,1147.643009,0,0,79,91
9/3/2021,1:00:00,11.6,68,0.84,1147.643009,0,0,79,91
9/3/2021,2:00:00,11.6,68,0.84,1147.643009,0,0,79,91
9/3/2021,3:00:00,11.5,76,0.84,1271.602421,0,0,82,86
9/3/2021,4:00:00,11.4,90,0.84,1492.750668,0,0,82,86
9/3/2021,5:00:00,11.2,111,0.84,1808.759874,0,0,82,86
9/3/2021,6:00:00,11.4,150,0.84,2487.91778,0,0,85,65
9/3/2021,7:00:00,11.4,150,0.84,2487.91778,0,0,85,65
9/3/2021,8:00:00,11.5,135,0.84,2258.767458,0,0,85,65
9/3/2021,9:00:00,11.5,133,0.84,2225.304237,0,0,87,68
9/3/2021,10:00:00,11.5,138,0.84,2308.962291,0,0,87,68
9/3/2021,11:00:00,11.7,144,0.84,2451.253728,0,0,87,68
9/3/2021,12:00:00,11.7,148,0.84,2519.34411,0,0,83,87
9/3/2021,13:00:00,11.7,158,0.84,2689.570063,0,0,83,87
9/3/2021,14:00:00,11.6,163,0.84,2750.9678,0,0,83,87
9/3/2021,15:00:00,11.6,160,0.84,2700.336491,0,0,75,93
9/3/2021,16:00:00,11.7,158,0.84,2689.570063,0,0,75,93
9/3/2021,17:00:00,11.8,154,0.84,2643.885491,0,0,75,93
9/3/2021,18:00:00,11.8,66,0.84,1133.093782,0,0,78,91
9/3/2021,19:00:00,11.8,66,0.84,1133.093782,0,0,78,91
9/3/2021,20:00:00,11.7,63,0.84,1072.423506,0,0,78,91
9/3/2021,21:00:00,11.7,60,0.84,1021.35572,0,0,75,93
9/3/2021,22:00:00,11.7,58,0.84,987.3105295,0,0,75,93
9/3/2021,23:00:00,11.7,56,0.84,953.2653389,0,0,75,93
9/4/2021,0:00:00,11.6,85,0.85,1451.631782,0,0,77,95
9/4/2021,1:00:00,11.6,87,0.85,1485.787824,0,0,77,95
9/4/2021,2:00:00,11.6,101,0.85,1724.880117,0,0,77,95
9/4/2021,3:00:00,11.6,102,0.85,1741.958138,0,0,82,80
9/4/2021,4:00:00,11.5,107,0.85,1811.595241,0,0,82,80
9/4/2021,5:00:00,11.5,117,0.85,1980.903207,0,0,82,80
9/4/2021,6:00:00,11.5,157,0.85,2658.135073,0,0,85,69
9/4/2021,7:00:00,11.4,165,0.85,2769.289434,0,0,85,69
9/4/2021,8:00:00,11.4,185,0.85,3104.96088,0,0,85,69
9/4/2021,9:00:00,11.2,199,0.85,3281.335614,0,0,86,73
9/4/2021,10:00:00,11.2,214,0.85,3528.672469,0,0,86,73
9/4/2021,11:00:00,11.2,189,0.85,3116.444377,0,0,86,73
9/4/2021,12:00:00,11.2,189,0.85,3116.444377,0,0,81,87
9/4/2021,13:00:00,11.2,189,0.85,3116.444377,0,0,81,87
9/4/2021,14:00:00,11.2,214,0.85,3528.672469,0,0,81,87
9/4/2021,15:00:00,11.2,219,0.85,3611.118088,0,0,78,90
9/4/2021,16:00:00,11.2,219,0.85,3611.118088,0,0,78,90
9/4/2021,17:00:00,11.3,74,0.85,1231.089752,0,0,78,90
9/4/2021,18:00:00,11.7,69,0.85,1188.541924,0,0,75,93
9/4/2021,19:00:00,11.7,69,0.85,1188.541924,0,0,75,93
9/4/2021,20:00:00,11.7,60,0.85,1033.514717,0,0,75,93
9/4/2021,21:00:00,11.7,57,0.85,981.838981,0,0,77,91
9/4/2021,22:00:00,11.7,54,0.85,930.1632452,0,0,77,91
9/4/2021,23:00:00,11.7,50,0.85,861.2622641,0,0,77,91
9/5/2021,0:00:00,11.4,110,0.85,1846.192956,1,0,81,90
9/5/2021,1:00:00,11.4,110,0.85,1846.192956,1,0,81,90
9/5/2021,2:00:00,11.4,110,0.85,1846.192956,1,0,81,90
9/5/2021,3:00:00,11.4,110,0.85,1846.192956,1,0,83,74
9/5/2021,4:00:00,11.4,110,0.85,1846.192956,1,0,83,74
9/5/2021,5:00:00,11.5,105,0.85,1777.733648,1,0,83,74
9/5/2021,6:00:00,11.3,120,0.85,1996.361761,1,0,85,70
9/5/2021,7:00:00,11.3,155,0.85,2578.633941,1,0,85,70
9/5/2021,8:00:00,11.3,164,0.85,2728.361073,1,0,85,70
9/5/2021,9:00:00,11.2,169,0.85,2786.661903,1,0,85,73
9/5/2021,10:00:00,11.2,169,0.85,2786.661903,1,0,85,73
9/5/2021,11:00:00,11.2,184,0.85,3033.998759,1,0,85,73
9/5/2021,12:00:00,11.2,184,0.85,3033.998759,1,0,82,87
9/5/2021,13:00:00,11.2,189,0.85,3116.444377,1,0,82,87
9/5/2021,14:00:00,11.2,184,0.85,3033.998759,1,0,82,87
9/5/2021,15:00:00,11.2,169,0.85,2786.661903,1,0,81,90
9/5/2021,16:00:00,11.2,154,0.85,2539.325048,1,0,81,90
9/5/2021,17:00:00,11.4,134,0.85,2248.998692,1,0,81,90
9/5/2021,18:00:00,11.4,63,0.85,1057.365056,1,0,77,91
9/5/2021,19:00:00,11.7,62,0.85,1067.965207,1,0,77,91
9/5/2021,20:00:00,11.7,59,0.85,1016.289472,1,0,77,91
9/5/2021,21:00:00,11.7,56,0.85,964.6137358,1,0,79,91
9/5/2021,22:00:00,11.7,54,0.85,930.1632452,1,0,79,91
9/5/2021,23:00:00,11.7,50,0.85,861.2622641,1,0,79,91
9/6/2021,0:00:00,11.5,115,0.79,1809.603382,0,0,80,90
9/6/2021,1:00:00,11.5,115,0.79,1809.603382,0,0,80,90
9/6/2021,2:00:00,11.5,115,0.79,1809.603382,0,0,80,90
9/6/2021,3:00:00,11.5,116,0.79,1825.339064,0,0,83,80
9/6/2021,4:00:00,11.4,119,0.79,1856.263099,0,0,83,80
9/6/2021,5:00:00,11.3,122,0.79,1886.366142,0,0,83,80
9/6/2021,6:00:00,11.4,131,0.79,2043.449294,0,0,80,82
9/6/2021,7:00:00,11.3,141,0.79,2180.144476,0,0,80,82
9/6/2021,8:00:00,11.3,140,0.79,2164.682458,0,0,80,82
9/6/2021,9:00:00,11.3,133,0.79,2056.448335,0,0,78,90
9/6/2021,10:00:00,11.3,135,0.79,2087.37237,0,0,78,90
9/6/2021,11:00:00,11.7,164,0.79,2625.532681,0,0,78,90
9/6/2021,12:00:00,11.3,143,0.79,2211.068511,0,0,78,91
9/6/2021,13:00:00,11.2,134,0.79,2053.574863,0,0,78,91
9/6/2021,14:00:00,11.2,119,0.79,1823.69708,0,0,78,91
9/6/2021,15:00:00,11.3,127,0.79,1963.67623,0,0,77,93
9/6/2021,16:00:00,11.3,117,0.79,1809.056054,0,0,77,93
9/6/2021,17:00:00,11.4,121,0.79,1887.460798,0,0,77,93
9/6/2021,18:00:00,11.8,60,0.79,968.7706577,0,0,80,90
9/6/2021,19:00:00,11.7,63,0.79,1008.588774,0,0,80,90
9/6/2021,20:00:00,11.7,60,0.79,960.5607369,0,0,80,90
9/6/2021,21:00:00,11.7,58,0.79,928.5420456,0,0,76,95
9/6/2021,22:00:00,11.7,52,0.79,832.4859719,0,0,76,95
9/6/2021,23:00:00,11.7,51,0.79,816.4766263,0,0,76,95
9/7/2021,0:00:00,11.8,39,0.95,757.2352926,0,0,76,91
9/7/2021,1:00:00,11.8,39,0.95,757.2352926,0,0,76,91
9/7/2021,2:00:00,11.8,39,0.95,757.2352926,0,0,76,91
9/7/2021,3:00:00,11.8,39,0.95,757.2352926,0,0,75,93
9/7/2021,4:00:00,11.8,53,0.95,1029.063346,0,0,75,93
9/7/2021,5:00:00,11.8,54,0.95,1048.479636,0,0,75,93
9/7/2021,6:00:00,11.6,60,0.95,1145.231994,0,0,81,78
9/7/2021,7:00:00,11.7,60,0.95,1155.104684,0,0,81,78
9/7/2021,8:00:00,11.5,41,0.95,775.828858,0,0,81,78
9/7/2021,9:00:00,11.5,39,0.95,737.9835478,0,0,82,74
9/7/2021,10:00:00,11.5,39,0.95,737.9835478,0,0,82,74
9/7/2021,11:00:00,11.5,39,0.95,737.9835478,0,0,82,74
9/7/2021,12:00:00,11.5,39,0.95,737.9835478,0,0,79,82
9/7/2021,13:00:00,11.6,39,0.95,744.4007961,0,0,79,82
9/7/2021,14:00:00,11.6,39,0.95,744.4007961,0,0,79,82
9/7/2021,15:00:00,11.7,39,0.95,750.8180443,0,0,78,90
9/7/2021,16:00:00,11.7,43,0.95,827.8250232,0,0,78,90
9/7/2021,17:00:00,11.7,45,0.95,866.3285127,0,0,78,90
9/7/2021,18:00:00,11.7,61,0.95,1174.356428,0,0,77,95
9/7/2021,19:00:00,11.7,61,0.95,1174.356428,0,0,77,95
9/7/2021,20:00:00,11.7,58,0.95,1116.601194,0,0,77,95
9/7/2021,21:00:00,11.7,56,0.95,1078.097705,0,0,77,95
9/7/2021,22:00:00,11.7,53,0.95,1020.34247,0,0,77,95
9/7/2021,23:00:00,11.8,49,0.95,951.3981881,0,0,82,75
9/8/2021,0:00:00,11.8,39,0.84,669.5554166,0,0,82,75
9/8/2021,1:00:00,11.8,39,0.84,669.5554166,0,0,82,75
9/8/2021,2:00:00,11.8,39,0.84,669.5554166,0,0,82,75
9/8/2021,3:00:00,11.6,39,0.84,658.2070197,0,0,82,65
9/8/2021,4:00:00,11.6,55,0.84,928.2406688,0,0,82,65
9/8/2021,5:00:00,11.6,55,0.84,928.2406688,0,0,82,65
9/8/2021,6:00:00,11.8,57,0.84,978.5809935,0,0,82,65
9/8/2021,7:00:00,11.6,59,0.84,995.7490811,0,0,82,65
9/8/2021,8:00:00,11.5,57,0.84,953.7018157,0,0,82,65
9/8/2021,9:00:00,11.5,80,0.84,1338.528864,0,0,83,66
9/8/2021,10:00:00,11.5,82,0.84,1371.992086,0,0,83,66
9/8/2021,11:00:00,11.5,82,0.84,1371.992086,0,0,83,66
9/8/2021,12:00:00,11.5,82,0.84,1371.992086,0,0,80,79
9/8/2021,13:00:00,11.5,82,0.84,1371.992086,0,0,80,79
9/8/2021,14:00:00,11.5,82,0.84,1371.992086,0,0,80,79
9/8/2021,15:00:00,11.5,84,0.84,1405.455307,0,0,80,85
9/8/2021,16:00:00,11.5,84,0.84,1405.455307,0,0,80,85
9/8/2021,17:00:00,11.6,53,0.84,894.4864627,0,0,80,85
9/8/2021,18:00:00,11.6,61,0.84,1029.503287,0,0,78,86
9/8/2021,19:00:00,11.6,61,0.84,1029.503287,0,0,78,86
9/8/2021,20:00:00,11.7,58,0.84,987.3105295,0,0,78,86
9/8/2021,21:00:00,11.7,58,0.84,987.3105295,0,0,78,73
9/8/2021,22:00:00,11.7,53,0.84,902.1975528,0,0,78,73
9/8/2021,23:00:00,11.7,49,0.84,834.1071715,0,0,78,73
9/9/2021,0:00:00,11.7,45,0.81,738.6590476,0,0,81,76
9/9/2021,1:00:00,11.7,43,0.81,705.8297566,0,0,81,76
9/9/2021,2:00:00,11.7,41,0.81,673.0004656,0,0,81,76
9/9/2021,3:00:00,11.7,41,0.81,673.0004656,0,0,84,61
9/9/2021,4:00:00,11.7,41,0.81,673.0004656,0,0,84,61
9/9/2021,5:00:00,11.6,59,0.81,960.1866139,0,0,84,61
9/9/2021,6:00:00,11.4,59,0.81,943.6316723,0,0,86,53
9/9/2021,7:00:00,11.3,59,0.81,935.3542015,0,0,86,53
9/9/2021,8:00:00,11.3,84,0.81,1331.690728,0,0,86,53
9/9/2021,9:00:00,11.6,94,0.81,1529.788842,0,0,86,59
9/9/2021,10:00:00,11.6,80,0.81,1301.947951,0,0,86,59
9/9/2021,11:00:00,11.6,80,0.81,1301.947951,0,0,86,59
9/9/2021,12:00:00,11.6,84,0.81,1367.045349,0,0,83,78
9/9/2021,13:00:00,11.6,82,0.81,1334.49665,0,0,83,78
9/9/2021,14:00:00,11.6,82,0.81,1334.49665,0,0,83,78
9/9/2021,15:00:00,11.6,82,0.81,1334.49665,0,0,82,86
9/9/2021,16:00:00,11.6,84,0.81,1367.045349,0,0,82,86
9/9/2021,17:00:00,11.7,82,0.81,1346.000931,0,0,82,86
9/9/2021,18:00:00,11.7,49,0.81,804.3176297,0,0,79,80
9/9/2021,19:00:00,11.8,51,0.81,844.3020226,0,0,79,80
9/9/2021,20:00:00,11.8,58,0.81,960.1866139,0,0,79,80
9/9/2021,21:00:00,11.8,58,0.81,960.1866139,0,0,80,86
9/9/2021,22:00:00,11.8,58,0.81,960.1866139,0,0,80,86
9/9/2021,23:00:00,11.8,49,0.81,811.1921393,0,0,80,86
9/10/2021,0:00:00,11.7,38,0.86,662.2600186,0,0,81,77
9/10/2021,1:00:00,11.7,36,0.86,627.4042281,0,0,81,77
9/10/2021,2:00:00,11.8,30,0.86,527.3055479,0,0,81,77
9/10/2021,3:00:00,11.8,33,0.86,580.0361026,0,0,85,64
9/10/2021,4:00:00,11.8,33,0.86,580.0361026,0,0,85,64
9/10/2021,5:00:00,11.8,38,0.86,667.9203606,0,0,85,64
9/10/2021,6:00:00,11.8,52,0.86,913.996283,0,0,86,55
9/10/2021,7:00:00,11.8,34,0.86,597.6129542,0,0,86,55
9/10/2021,8:00:00,11.8,146,0.86,2566.220333,0,0,86,55
9/10/2021,9:00:00,11.3,124,0.86,2087.176649,0,0,86,58
9/10/2021,10:00:00,11.3,124,0.86,2087.176649,0,0,86,58
9/10/2021,11:00:00,11.3,121,0.86,2036.68044,0,0,86,58
9/10/2021,12:00:00,11.2,130,0.86,2168.804739,0,0,83,77
9/10/2021,13:00:00,11.2,130,0.86,2168.804739,0,0,83,77
9/10/2021,14:00:00,11.2,130,0.86,2168.804739,0,0,83,77
9/10/2021,15:00:00,11.2,127,0.86,2118.755399,0,0,81,90
9/10/2021,16:00:00,11.2,127,0.86,2118.755399,0,0,81,90
9/10/2021,17:00:00,11.4,101,0.86,1715.083638,0,0,81,90
9/10/2021,18:00:00,11.6,57,0.86,984.8995148,0,0,81,87
9/10/2021,19:00:00,11.6,56,0.86,967.620576,0,0,81,87
9/10/2021,20:00:00,11.6,54,0.86,933.0626982,0,0,81,87
9/10/2021,21:00:00,11.6,48,0.86,829.3890651,0,0,76,93
9/10/2021,22:00:00,11.6,44,0.86,760.2733097,0,0,76,93
9/10/2021,23:00:00,11.6,42,0.86,725.715432,0,0,76,93
9/11/2021,0:00:00,11.4,76,0.85,1275.551497,0,0,79,91
9/11/2021,1:00:00,11.4,76,0.85,1275.551497,0,0,79,91
9/11/2021,2:00:00,11.4,76,0.85,1275.551497,0,0,79,91
9/11/2021,3:00:00,11.4,76,0.85,1275.551497,0,0,82,71
9/11/2021,4:00:00,11.3,80,0.85,1330.907841,0,0,82,71
9/11/2021,5:00:00,11.3,84,0.85,1397.453233,0,0,82,71
9/11/2021,6:00:00,11.2,125,0.85,2061.140461,0,0,88,63
9/11/2021,7:00:00,11.2,144,0.85,2374.433811,0,0,88,63
9/11/2021,8:00:00,11.2,147,0.85,2423.901182,0,0,88,63
9/11/2021,9:00:00,11.3,112,0.85,1863.270977,0,0,85,79
9/11/2021,10:00:00,11.4,98,0.85,1644.790088,0,0,85,79
9/11/2021,11:00:00,11.4,101,0.85,1695.140805,0,0,85,79
9/11/2021,12:00:00,11.4,174,0.85,2920.341585,0,0,82,84
9/11/2021,13:00:00,11.4,177,0.85,2970.692302,0,0,82,84
9/11/2021,14:00:00,11.2,148,0.85,2440.390306,0,0,82,84
9/11/2021,15:00:00,11.3,140,0.85,2329.088721,0,0,81,87
9/11/2021,16:00:00,11.4,136,0.85,2282.565836,0,0,81,87
9/11/2021,17:00:00,11.6,110,0.85,1878.582306,0,0,81,87
9/11/2021,18:00:00,11.7,58,0.85,999.0642263,0,0,80,91
9/11/2021,19:00:00,11.6,57,0.85,973.4471949,0,0,80,91
9/11/2021,20:00:00,11.6,54,0.85,922.213132,0,0,80,91
9/11/2021,21:00:00,11.6,48,0.85,819.7450062,0,0,79,80
9/11/2021,22:00:00,11.6,45,0.85,768.5109433,0,0,79,80
9/11/2021,23:00:00,11.6,41,0.85,700.1988595,0,0,79,80
9/12/2021,0:00:00,11.5,72,0.85,1219.017358,1,0,83,70
9/12/2021,1:00:00,11.5,72,0.85,1219.017358,1,0,83,70
9/12/2021,2:00:00,11.4,72,0.85,1208.417207,1,0,83,70
9/12/2021,3:00:00,11.4,76,0.85,1275.551497,1,0,86,61
9/12/2021,4:00:00,11.3,86,0.85,1430.725929,1,0,86,61
9/12/2021,5:00:00,11.3,100,0.85,1663.634801,1,0,86,61
9/12/2021,6:00:00,11.2,165,0.85,2720.705409,1,0,87,57
9/12/2021,7:00:00,11.2,184,0.85,3033.998759,1,0,87,57
9/12/2021,8:00:00,11.2,200,0.85,3297.824738,1,0,87,57
9/12/2021,9:00:00,11.8,210,0.85,3648.218616,1,0,86,68
9/12/2021,10:00:00,11.5,168,0.85,2844.373836,1,0,86,68
9/12/2021,11:00:00,11.5,168,0.85,2844.373836,1,0,86,68
9/12/2021,12:00:00,11.4,177,0.85,2970.692302,1,0,81,90
9/12/2021,13:00:00,11.6,172,0.85,2937.419606,1,0,81,90
9/12/2021,14:00:00,11.6,195,0.85,3330.214088,1,0,81,90
9/12/2021,15:00:00,11.6,95,0.85,1622.411991,1,0,81,90
9/12/2021,16:00:00,11.6,68,0.85,1161.305425,1,0,81,90
9/12/2021,17:00:00,11.8,54,0.85,938.1133584,1,0,81,90
9/12/2021,18:00:00,11.6,59,0.85,1007.603237,1,0,80,86
9/12/2021,19:00:00,11.6,58,0.85,990.5252158,1,0,80,86
9/12/2021,20:00:00,11.6,54,0.85,922.213132,1,0,80,86
9/12/2021,21:00:00,11.6,48,0.85,819.7450062,1,0,80,88
9/12/2021,22:00:00,11.6,45,0.85,768.5109433,1,0,80,88
9/12/2021,23:00:00,11.5,42,0.85,711.093459,1,0,80,88
9/13/2021,0:00:00,11.2,96,0.85,1582.955874,0,0,80,88
9/13/2021,1:00:00,11.2,96,0.85,1582.955874,0,0,80,88
9/13/2021,2:00:00,11.2,96,0.85,1582.955874,0,0,80,88
9/13/2021,3:00:00,11.2,96,0.85,1582.955874,0,0,85,70
9/13/2021,4:00:00,11.2,100,0.85,1648.912369,0,0,85,70
9/13/2021,5:00:00,11.3,124,0.85,2062.907153,0,0,85,70
9/13/2021,6:00:00,11.3,77,0.85,1280.998797,0,0,89,56
9/13/2021,7:00:00,11.3,99,0.85,1646.998453,0,0,89,56
9/13/2021,8:00:00,11.3,199,0.85,3310.633253,0,0,89,56
9/13/2021,9:00:00,11.3,99,0.85,1646.998453,0,0,81,90
9/13/2021,10:00:00,11.4,72,0.85,1208.417207,0,0,81,90
9/13/2021,11:00:00,11.4,80,0.85,1342.685786,0,0,81,90
9/13/2021,12:00:00,11.2,157,0.85,2588.792419,0,0,80,91
9/13/2021,13:00:00,11.2,183,0.85,3017.509635,0,0,80,91
9/13/2021,14:00:00,11.2,183,0.85,3017.509635,0,0,80,91
9/13/2021,15:00:00,11,193,0.85,3125.572285,0,0,80,91
9/13/2021,16:00:00,11,191,0.85,3093.182935,0,0,80,91
9/13/2021,17:00:00,11.6,122,0.85,2083.518557,0,0,80,91
9/13/2021,18:00:00,11.6,57,0.85,973.4471949,0,0,81,80
9/13/2021,19:00:00,11.5,57,0.85,965.0554087,0,0,81,80
9/13/2021,20:00:00,11.5,54,0.85,914.2630188,0,0,81,80
9/13/2021,21:00:00,11.5,48,0.85,812.6782389,0,0,78,91
9/13/2021,22:00:00,11.5,45,0.85,761.885849,0,0,78,91
9/13/2021,23:00:00,11.4,42,0.85,704.9100377,0,0,78,91
9/14/2021,0:00:00,11.2,96,0.86,1601.578884,0,0,80,83
9/14/2021,1:00:00,11.2,96,0.86,1601.578884,0,0,80,83
9/14/2021,2:00:00,11.2,96,0.86,1601.578884,0,0,80,83
9/14/2021,3:00:00,11.2,96,0.86,1601.578884,0,0,83,67
9/14/2021,4:00:00,11.2,103,0.86,1718.360678,0,0,83,67
9/14/2021,5:00:00,11.2,127,0.86,2118.755399,0,0,83,67
9/14/2021,6:00:00,11,188,0.86,3080.41772,0,0,84,64
9/14/2021,7:00:00,11,209,0.86,3424.506934,0,0,84,64
9/14/2021,8:00:00,11,220,0.86,3604.744141,0,0,84,64
9/14/2021,9:00:00,11,228,0.86,3735.825746,0,0,85,65
9/14/2021,10:00:00,11,218,0.86,3571.973739,0,0,85,65
9/14/2021,11:00:00,11,204,0.86,3342.58093,0,0,85,65
9/14/2021,12:00:00,11,219,0.86,3588.35894,0,0,83,80
9/14/2021,13:00:00,11,210,0.86,3440.892134,0,0,83,80
9/14/2021,14:00:00,11,190,0.86,3113.188122,0,0,83,80
9/14/2021,15:00:00,11.4,321,0.86,5450.909384,0,0,83,77
9/14/2021,16:00:00,11.4,210,0.86,3566.015485,0,0,83,77
9/14/2021,17:00:00,11.4,195,0.86,3311.300093,0,0,83,77
9/14/2021,18:00:00,11.6,58,0.86,1002.178454,0,0,78,91
9/14/2021,19:00:00,11.6,57,0.86,984.8995148,0,0,78,91
9/14/2021,20:00:00,11.6,54,0.86,933.0626982,0,0,78,91
9/14/2021,21:00:00,11.6,50,0.86,863.9469428,0,0,79,85
9/14/2021,22:00:00,11.6,46,0.86,794.8311874,0,0,79,85
9/14/2021,23:00:00,11.6,41,0.86,708.4364931,0,0,79,85
9/15/2021,0:00:00,11.5,127,0.85,2150.211174,0,0,84,69
9/15/2021,1:00:00,11.5,127,0.85,2150.211174,0,0,84,69
9/15/2021,2:00:00,11.5,127,0.85,2150.211174,0,0,84,69
9/15/2021,3:00:00,11.3,135,0.85,2245.906981,0,0,88,58
9/15/2021,4:00:00,11.3,145,0.85,2412.270461,0,0,88,58
9/15/2021,5:00:00,11,155,0.85,2510.174633,0,0,88,58
9/15/2021,6:00:00,11.2,205,0.85,3380.270356,0,0,90,50
9/15/2021,7:00:00,11,235,0.85,3805.748637,0,0,90,50
9/15/2021,8:00:00,11.4,245,0.85,4111.97522,0,0,90,50
9/15/2021,9:00:00,11.4,240,0.85,4028.057358,0,0,88,69
9/15/2021,10:00:00,11.2,266,0.85,4386.106901,0,0,88,69
9/15/2021,11:00:00,11.2,266,0.85,4386.106901,0,0,88,69
9/15/2021,12:00:00,11.2,266,0.85,4386.106901,0,0,82,84
9/15/2021,13:00:00,11.1,242,0.85,3954.739647,0,0,82,84
9/15/2021,14:00:00,11.4,230,0.85,3860.221635,0,0,82,84
9/15/2021,15:00:00,11.3,242,0.85,4025.996218,0,0,82,77
9/15/2021,16:00:00,11.2,242,0.85,3990.367933,0,0,82,77
9/15/2021,17:00:00,11.2,213,0.85,3512.183346,0,0,82,77
9/15/2021,18:00:00,11.5,58,0.85,981.9862054,0,0,82,80
9/15/2021,19:00:00,11.5,57,0.85,965.0554087,0,0,82,80
9/15/2021,20:00:00,11.4,54,0.85,906.3129056,0,0,82,80
9/15/2021,21:00:00,11.4,50,0.85,839.1786163,0,0,78,91
9/15/2021,22:00:00,11.4,46,0.85,772.044327,0,0,78,91
9/15/2021,23:00:00,11.4,44,0.85,738.4771823,0,0,78,91
9/16/2021,0:00:00,11.3,141,0.83,2290.531538,0,0,82,70
9/16/2021,1:00:00,11.3,141,0.83,2290.531538,0,0,82,70
9/16/2021,2:00:00,11.3,141,0.83,2290.531538,0,0,82,70
9/16/2021,3:00:00,11.3,141,0.83,2290.531538,0,0,86,56
9/16/2021,4:00:00,11.3,148,0.83,2404.24587,0,0,86,56
9/16/2021,5:00:00,11.5,154,0.83,2545.993444,0,0,86,56
9/16/2021,6:00:00,11.2,238,0.83,3832.072345,0,0,88,47
9/16/2021,7:00:00,11.2,238,0.83,3832.072345,0,0,88,47
9/16/2021,8:00:00,11.2,260,0.83,4186.29752,0,0,88,47
9/16/2021,9:00:00,11.1,267,0.83,4260.621552,0,0,88,54
9/16/2021,10:00:00,11.1,265,0.83,4228.706784,0,0,88,54
9/16/2021,11:00:00,11.1,263,0.83,4196.792016,0,0,88,54
9/16/2021,12:00:00,11.1,267,0.83,4260.621552,0,0,83,80
9/16/2021,13:00:00,11.1,272,0.83,4340.408473,0,0,83,80
9/16/2021,14:00:00,11.2,270,0.83,4347.308963,0,0,83,80
9/16/2021,15:00:00,11.2,265,0.83,4266.803241,0,0,81,90
9/16/2021,16:00:00,11.2,254,0.83,4089.690654,0,0,81,90
9/16/2021,17:00:00,11.2,236,0.83,3799.870056,0,0,81,90
9/16/2021,18:00:00,11.5,57,0.83,942.3482226,0,0,80,87
9/16/2021,19:00:00,11.5,57,0.83,942.3482226,0,0,80,87
9/16/2021,20:00:00,11.5,57,0.83,942.3482226,0,0,80,87
9/16/2021,21:00:00,11.6,55,0.83,917.1901846,0,0,79,91
9/16/2021,22:00:00,11.6,50,0.83,833.8092588,0,0,79,91
9/16/2021,23:00:00,11.6,50,0.83,833.8092588,0,0,79,91
9/17/2021,0:00:00,11.6,97,0.87,1695.546105,0,0,82,74
9/17/2021,1:00:00,11.4,101,0.87,1735.026471,0,0,82,74
9/17/2021,2:00:00,11.4,101,0.87,1735.026471,0,0,82,74
9/17/2021,3:00:00,11.4,105,0.87,1803.74039,0,0,86,53
9/17/2021,4:00:00,11.4,105,0.87,1803.74039,0,0,86,53
9/17/2021,5:00:00,11.3,110,0.87,1873.057064,0,0,86,53
9/17/2021,6:00:00,11.3,256,0.87,4359.114621,0,0,88,46
9/17/2021,7:00:00,11.3,280,0.87,4767.781617,0,0,88,46
9/17/2021,8:00:00,11.2,297,0.87,5012.499611,0,0,88,46
9/17/2021,9:00:00,11.3,295,0.87,5023.198489,0,0,86,64
9/17/2021,10:00:00,11.3,286,0.87,4869.948366,0,0,86,64
9/17/2021,11:00:00,11.3,272,0.87,4631.559285,0,0,86,64
9/17/2021,12:00:00,11.2,265,0.87,4472.432313,0,0,83,77
9/17/2021,13:00:00,11.2,266,0.87,4489.309416,0,0,83,77
9/17/2021,14:00:00,11.2,254,0.87,4286.78418,0,0,83,77
9/17/2021,15:00:00,11.2,257,0.87,4337.415489,0,0,81,86
9/17/2021,16:00:00,11.2,259,0.87,4371.169695,0,0,81,86
9/17/2021,17:00:00,11.4,238,0.87,4088.478218,0,0,81,86
9/17/2021,18:00:00,11.5,58,0.87,1005.091763,0,0,80,91
9/17/2021,19:00:00,11.5,57,0.87,987.7625948,0,0,80,91
9/17/2021,20:00:00,11.5,55,0.87,953.1042581,0,0,80,91
9/17/2021,21:00:00,11.5,50,0.87,866.4584165,0,0,78,87
9/17/2021,22:00:00,11.5,45,0.87,779.8125748,0,0,78,87
9/17/2021,23:00:00,11.5,43,0.87,745.1542382,0,0,78,87
9/18/2021,0:00:00,11.4,146,0.85,2450.401559,0,0,81,89
9/18/2021,1:00:00,11.4,146,0.85,2450.401559,0,0,81,89
9/18/2021,2:00:00,11.4,146,0.85,2450.401559,0,0,81,89
9/18/2021,3:00:00,11.4,155,0.85,2601.45371,0,0,82,74
9/18/2021,4:00:00,11.4,160,0.85,2685.371572,0,0,82,74
9/18/2021,5:00:00,11.3,188,0.85,3127.633425,0,0,82,74
9/18/2021,6:00:00,11.2,216,0.85,3561.650717,0,0,83,70
9/18/2021,7:00:00,11.4,225,0.85,3776.303773,0,0,83,70
9/18/2021,8:00:00,11.4,224,0.85,3759.520201,0,0,83,70
9/18/2021,9:00:00,11.4,263,0.85,4414.079522,0,0,83,74
9/18/2021,10:00:00,11.3,286,0.85,4757.99553,0,0,83,74
9/18/2021,11:00:00,11.3,283,0.85,4708.086486,0,0,83,74
9/18/2021,12:00:00,11.3,280,0.85,4658.177442,0,0,81,86
9/18/2021,13:00:00,11.3,291,0.85,4841.17727,0,0,81,86
9/18/2021,14:00:00,11.3,285,0.85,4741.359182,0,0,81,86
9/18/2021,15:00:00,11.3,291,0.85,4841.17727,0,0,80,89
9/18/2021,16:00:00,11.3,280,0.85,4658.177442,0,0,80,89
9/18/2021,17:00:00,11.4,268,0.85,4497.997383,0,0,80,89
9/18/2021,18:00:00,11.3,59,0.85,981.5445324,0,0,79,88
9/18/2021,19:00:00,11.5,58,0.85,981.9862054,0,0,79,88
9/18/2021,20:00:00,11.5,53,0.85,897.3322221,0,0,79,88
9/18/2021,21:00:00,11.4,56,0.85,939.8800502,0,0,78,91
9/18/2021,22:00:00,11.5,55,0.85,931.1938154,0,0,78,91
9/18/2021,23:00:00,11.5,55,0.85,931.1938154,0,0,78,91
9/19/2021,0:00:00,11.6,147,0.85,2510.469082,1,0,82,84
9/19/2021,1:00:00,11.4,126,0.85,2114.730113,1,0,82,84
9/19/2021,2:00:00,11.4,126,0.85,2114.730113,1,0,82,84
9/19/2021,3:00:00,11.4,130,0.85,2181.864402,1,0,88,58
9/19/2021,4:00:00,11.4,155,0.85,2601.45371,1,0,88,58
9/19/2021,5:00:00,11.4,160,0.85,2685.371572,1,0,88,58
9/19/2021,6:00:00,11.3,210,0.85,3493.633081,1,0,87,57
9/19/2021,7:00:00,11.3,215,0.85,3576.814821,1,0,87,57
9/19/2021,8:00:00,11.4,225,0.85,3776.303773,1,0,87,57
9/19/2021,9:00:00,11.2,251,0.85,4138.770046,1,0,85,69
9/19/2021,10:00:00,11.2,251,0.85,4138.770046,1,0,85,69
9/19/2021,11:00:00,11.3,230,0.85,3826.360042,1,0,85,69
9/19/2021,12:00:00,11.3,230,0.85,3826.360042,1,0,81,87
9/19/2021,13:00:00,11.7,187,0.85,3221.120868,1,0,81,87
9/19/2021,14:00:00,11.7,187,0.85,3221.120868,1,0,81,87
9/19/2021,15:00:00,11.7,187,0.85,3221.120868,1,0,81,89
9/19/2021,16:00:00,11.7,170,0.85,2928.291698,1,0,81,89
9/19/2021,17:00:00,11.6,41,0.85,700.1988595,1,0,81,89
9/19/2021,18:00:00,11.5,58,0.85,981.9862054,1,0,79,91
9/19/2021,19:00:00,11.6,47,0.85,802.6669852,1,0,79,91
9/19/2021,20:00:00,11.6,47,0.85,802.6669852,1,0,79,91
9/19/2021,21:00:00,11.6,45,0.85,768.5109433,1,0,80,91
9/19/2021,22:00:00,11.6,42,0.85,717.2768804,1,0,80,91
9/19/2021,23:00:00,11.6,40,0.85,683.1208385,1,0,80,91
9/20/2021,0:00:00,11.6,38,0.75,572.615997,0,0,82,87
9/20/2021,1:00:00,11.6,38,0.75,572.615997,0,0,82,87
9/20/2021,2:00:00,11.6,38,0.75,572.615997,0,0,82,87
9/20/2021,3:00:00,11.6,37,0.75,557.547155,0,0,89,72
9/20/2021,4:00:00,11.6,87,0.75,1310.989256,0,0,89,72
9/20/2021,5:00:00,11.4,92,0.75,1362.431165,0,0,89,72
9/20/2021,6:00:00,11.4,112,0.75,1658.611853,0,0,77,91
9/20/2021,7:00:00,11.4,122,0.75,1806.702197,0,0,77,91
9/20/2021,8:00:00,11.4,122,0.75,1806.702197,0,0,77,91
9/20/2021,9:00:00,11.8,95,0.75,1456.221716,0,0,77,93
9/20/2021,10:00:00,11.8,90,0.75,1379.578468,0,0,77,93
9/20/2021,11:00:00,11.6,90,0.75,1356.195782,0,0,77,93
9/20/2021,12:00:00,11.6,90,0.75,1356.195782,0,0,77,93
9/20/2021,13:00:00,11.8,85,0.75,1302.93522,0,0,77,93
9/20/2021,14:00:00,11.9,61,0.75,942.9717609,0,0,77,93
9/20/2021,15:00:00,11.9,61,0.75,942.9717609,0,0,77,93
9/20/2021,16:00:00,11.6,59,0.75,889.0616795,0,0,77,93
9/20/2021,17:00:00,11.6,68,0.75,1024.681258,0,0,77,93
9/20/2021,18:00:00,11.5,59,0.75,881.3973547,0,0,80,88
9/20/2021,19:00:00,11.5,50,0.75,746.9469108,0,0,80,88
9/20/2021,20:00:00,11.6,46,0.75,693.1667332,0,0,80,88
9/20/2021,21:00:00,11.6,42,0.75,632.8913651,0,0,77,93
9/20/2021,22:00:00,11.7,38,0.75,577.5523418,0,0,77,93
9/20/2021,23:00:00,11.7,34,0.75,516.7573584,0,0,77,93
9/21/2021,0:00:00,11.6,51,0.73,748.0173182,0,0,78,90
9/21/2021,1:00:00,11.6,51,0.73,748.0173182,0,0,78,90
9/21/2021,2:00:00,11.6,51,0.73,748.0173182,0,0,78,90
9/21/2021,3:00:00,11.6,51,0.73,748.0173182,0,0,82,75
9/21/2021,4:00:00,11.6,54,0.73,792.0183369,0,0,82,75
9/21/2021,5:00:00,11.5,58,0.73,843.3528587,0,0,82,75
9/21/2021,6:00:00,11.5,54,0.73,785.1905926,0,0,84,65
9/21/2021,7:00:00,11.6,69,0.73,1012.02343,0,0,84,65
9/21/2021,8:00:00,11.6,69,0.73,1012.02343,0,0,84,65
9/21/2021,9:00:00,11.6,59,0.73,865.3533681,0,0,83,75
9/21/2021,10:00:00,11.6,56,0.73,821.3523494,0,0,83,75
9/21/2021,11:00:00,11.6,55,0.73,806.6853431,0,0,83,75
9/21/2021,12:00:00,11.6,56,0.73,821.3523494,0,0,83,87
9/21/2021,13:00:00,11.6,72,0.73,1056.024449,0,0,80,87
9/21/2021,14:00:00,11.6,60,0.73,880.0203743,0,0,80,87
9/21/2021,15:00:00,11.6,62,0.73,909.3543868,0,0,80,90
9/21/2021,16:00:00,11.6,60,0.73,880.0203743,0,0,80,90
9/21/2021,17:00:00,11.6,66,0.73,968.0224117,0,0,80,90
9/21/2021,18:00:00,11.6,68,0.73,997.3564242,0,0,77,93
9/21/2021,19:00:00,11.6,50,0.73,733.3503119,0,0,77,93
9/21/2021,20:00:00,11.6,46,0.73,674.682287,0,0,77,93
9/21/2021,21:00:00,11.6,45,0.73,660.0152807,0,0,79,91
9/21/2021,22:00:00,11.6,42,0.73,616.014262,0,0,79,91
9/21/2021,23:00:00,11.6,42,0.73,616.014262,0,0,79,91
9/22/2021,0:00:00,11.7,50,0.79,800.4672807,0,0,79,90
9/22/2021,1:00:00,11.7,50,0.79,800.4672807,0,0,79,90
9/22/2021,2:00:00,11.7,50,0.79,800.4672807,0,0,79,90
9/22/2021,3:00:00,11.7,50,0.79,800.4672807,0,0,83,72
9/22/2021,4:00:00,11.7,50,0.79,800.4672807,0,0,83,72
9/22/2021,5:00:00,11.6,58,0.79,920.6057888,0,0,83,72
9/22/2021,6:00:00,11.6,61,0.79,968.2233296,0,0,80,90
9/22/2021,7:00:00,11.6,66,0.79,1047.585898,0,0,80,90
9/22/2021,8:00:00,11.6,62,0.79,984.0958432,0,0,80,90
9/22/2021,9:00:00,11.4,53,0.79,826.7390274,0,0,80,83
9/22/2021,10:00:00,11.5,34,0.79,535.0131739,0,0,80,83
9/22/2021,11:00:00,11.6,71,0.79,1126.948466,0,0,80,83
9/22/2021,12:00:00,11.6,53,0.79,841.2432208,0,0,79,88
9/22/2021,13:00:00,11.6,52,0.79,825.3707072,0,0,79,88
9/22/2021,14:00:00,11.6,46,0.79,730.1356256,0,0,79,88
9/22/2021,15:00:00,11.6,57,0.79,904.7332752,0,0,78,88
9/22/2021,16:00:00,11.6,44,0.79,698.3905984,0,0,78,88
9/22/2021,17:00:00,11.8,54,0.79,871.8935919,0,0,78,88
9/22/2021,18:00:00,11.8,48,0.79,775.0165262,0,0,79,91
9/22/2021,19:00:00,11.6,46,0.79,730.1356256,0,0,79,91
9/22/2021,20:00:00,11.6,46,0.79,730.1356256,0,0,79,91
9/22/2021,21:00:00,11.6,46,0.79,730.1356256,0,0,78,90
9/22/2021,22:00:00,11.6,44,0.79,698.3905984,0,0,78,90
9/22/2021,23:00:00,11.6,42,0.79,666.6455712,0,0,78,90
9/23/2021,0:00:00,11.6,50,0.81,813.7174694,0,0,81,81
9/23/2021,1:00:00,11.6,50,0.81,813.7174694,0,0,81,81
9/23/2021,2:00:00,11.6,50,0.81,813.7174694,0,0,81,81
9/23/2021,3:00:00,11.6,50,0.81,813.7174694,0,0,86,68
9/23/2021,4:00:00,11.6,50,0.81,813.7174694,0,0,86,68
9/23/2021,5:00:00,11.5,49,0.81,790.5686104,0,0,86,68
9/23/2021,6:00:00,11.4,81,0.81,1295.49433,0,0,88,61
9/23/2021,7:00:00,11.4,102,0.81,1631.36323,0,0,88,61
9/23/2021,8:00:00,11.4,99,0.81,1583.381959,0,0,88,61
9/23/2021,9:00:00,11.3,91,0.81,1442.664955,0,0,80,87
9/23/2021,10:00:00,11.4,90,0.81,1439.438144,0,0,80,87
9/23/2021,11:00:00,11.5,88,0.81,1419.796688,0,0,80,87
9/23/2021,12:00:00,11.5,86,0.81,1387.528581,0,0,80,87
9/23/2021,13:00:00,11.5,84,0.81,1355.260475,0,0,80,87
9/23/2021,14:00:00,11.5,82,0.81,1322.992368,0,0,80,87
9/23/2021,15:00:00,11.7,80,0.81,1313.17164,0,0,78,90
9/23/2021,16:00:00,11.8,78,0.81,1291.285446,0,0,78,90
9/23/2021,17:00:00,11.2,76,0.81,1194.200534,0,0,78,90
9/23/2021,18:00:00,11.5,65,0.81,1048.713463,0,0,77,90
9/23/2021,19:00:00,11.6,63,0.81,1025.284011,0,0,77,90
9/23/2021,20:00:00,11.6,57,0.81,927.6379151,0,0,77,90
9/23/2021,21:00:00,11.6,54,0.81,878.8148669,0,0,77,91
9/23/2021,22:00:00,11.7,50,0.81,820.7322752,0,0,77,91
9/23/2021,23:00:00,11.8,49,0.81,811.1921393,0,0,77,91
9/24/2021,0:00:00,11.7,80,0.82,1329.383636,0,0,78,90
9/24/2021,1:00:00,11.5,80,0.82,1306.659129,0,0,78,90
9/24/2021,2:00:00,11.5,80,0.82,1306.659129,0,0,78,90
9/24/2021,3:00:00,11.5,80,0.82,1306.659129,0,0,84,68
9/24/2021,4:00:00,11.5,84,0.82,1371.992086,0,0,84,68
9/24/2021,5:00:00,11.4,89,0.82,1441.017774,0,0,84,68
9/24/2021,6:00:00,11.3,105,0.82,1685.164192,0,0,87,49
9/24/2021,7:00:00,11.6,107,0.82,1762.853599,0,0,87,49
9/24/2021,8:00:00,11.4,105,0.82,1700.07715,0,0,87,49
9/24/2021,9:00:00,11.4,104,0.82,1683.885939,0,0,86,61
9/24/2021,10:00:00,11.5,110,0.82,1796.656303,0,0,86,61
9/24/2021,11:00:00,11.4,106,0.82,1716.268361,0,0,86,61
9/24/2021,12:00:00,11.5,110,0.82,1796.656303,0,0,82,80
9/24/2021,13:00:00,11.5,108,0.82,1763.989824,0,0,82,80
9/24/2021,14:00:00,11.4,108,0.82,1748.650783,0,0,82,80
9/24/2021,15:00:00,11.5,108,0.82,1763.989824,0,0,80,88
9/24/2021,16:00:00,11.5,112,0.82,1829.322781,0,0,80,88
9/24/2021,17:00:00,11.6,109,0.82,1795.804134,0,0,80,88
9/24/2021,18:00:00,11.6,64,0.82,1054.417106,0,0,78,90
9/24/2021,19:00:00,11.7,64,0.82,1063.506909,0,0,78,90
9/24/2021,20:00:00,11.6,58,0.82,955.5655023,0,0,78,90
9/24/2021,21:00:00,11.7,56,0.82,930.5685451,0,0,77,93
9/24/2021,22:00:00,11.7,50,0.82,830.8647724,0,0,77,93
9/24/2021,23:00:00,11.6,50,0.82,823.7633641,0,0,77,93
9/25/2021,0:00:00,11.7,68,0.84,1157.536483,0,0,79,93
9/25/2021,1:00:00,11.7,68,0.84,1157.536483,0,0,79,93
9/25/2021,2:00:00,11.6,72,0.84,1215.151421,0,0,79,93
9/25/2021,3:00:00,11.6,72,0.84,1215.151421,0,0,82,77
9/25/2021,4:00:00,11.5,76,0.84,1271.602421,0,0,82,77
9/25/2021,5:00:00,11.5,100,0.84,1673.16108,0,0,82,77
9/25/2021,6:00:00,11.4,120,0.84,1990.334224,0,0,87,55
9/25/2021,7:00:00,11.3,130,0.84,2137.281415,0,0,87,55
9/25/2021,8:00:00,11.3,135,0.84,2219.484546,0,0,87,55
9/25/2021,9:00:00,11.2,137,0.84,2232.433358,0,0,85,63
9/25/2021,10:00:00,11.2,135,0.84,2199.84309,0,0,85,63
9/25/2021,11:00:00,11.2,140,0.84,2281.31876,0,0,85,63
9/25/2021,12:00:00,11.2,140,0.84,2281.31876,0,0,81,86
9/25/2021,13:00:00,11.2,140,0.84,2281.31876,0,0,81,86
9/25/2021,14:00:00,11.3,108,0.84,1775.587637,0,0,81,86
9/25/2021,15:00:00,11.3,124,0.84,2038.637657,0,0,80,87
9/25/2021,16:00:00,11.3,138,0.84,2268.806425,0,0,80,87
9/25/2021,17:00:00,11.3,124,0.84,2038.637657,0,0,80,87
9/25/2021,18:00:00,11.7,59,0.84,1004.333125,0,0,79,89
9/25/2021,19:00:00,11.7,54,0.84,919.2201482,0,0,79,89
9/25/2021,20:00:00,11.7,50,0.84,851.1297668,0,0,79,89
9/25/2021,21:00:00,11.7,48,0.84,817.0845762,0,0,78,91
9/25/2021,22:00:00,11.7,46,0.84,783.0393855,0,0,78,91
9/25/2021,23:00:00,11.7,40,0.84,680.9038135,0,0,78,91
9/26/2021,0:00:00,11.6,95,0.85,1622.411991,1,0,78,91
9/26/2021,1:00:00,11.6,95,0.85,1622.411991,1,0,78,91
9/26/2021,2:00:00,11.6,95,0.85,1622.411991,1,0,78,91
9/26/2021,3:00:00,11.6,95,0.85,1622.411991,1,0,84,65
9/26/2021,4:00:00,11.6,95,0.85,1622.411991,1,0,84,65
9/26/2021,5:00:00,11.3,102,0.85,1696.907497,1,0,84,65
9/26/2021,6:00:00,11.2,139,0.85,2291.988193,1,0,87,60
9/26/2021,7:00:00,11.2,159,0.85,2621.770666,1,0,87,60
9/26/2021,8:00:00,11.3,185,0.85,3077.724381,1,0,87,60
9/26/2021,9:00:00,11.4,164,0.85,2752.505861,1,0,86,61
9/26/2021,10:00:00,11.4,172,0.85,2886.77444,1,0,86,61
9/26/2021,11:00:00,11.4,173,0.85,2903.558012,1,0,86,61
9/26/2021,12:00:00,11.5,175,0.85,2962.889413,1,0,82,86
9/26/2021,13:00:00,11.5,176,0.85,2979.820209,1,0,82,86
9/26/2021,14:00:00,11.4,174,0.85,2920.341585,1,0,82,86
9/26/2021,15:00:00,11.4,184,0.85,3088.177308,1,0,82,89
9/26/2021,16:00:00,11.5,164,0.85,2776.65065,1,0,82,89
9/26/2021,17:00:00,11.8,128,0.85,2223.676109,1,0,82,89
9/26/2021,18:00:00,11.6,63,0.85,1075.915321,1,0,79,90
9/26/2021,19:00:00,11.7,62,0.85,1067.965207,1,0,79,90
9/26/2021,20:00:00,11.7,58,0.85,999.0642263,1,0,79,90
9/26/2021,21:00:00,11.6,57,0.85,973.4471949,1,0,78,91
9/26/2021,22:00:00,11.7,50,0.85,861.2622641,1,0,78,91
9/26/2021,23:00:00,11.7,49,0.85,844.0370188,1,0,78,91
9/27/2021,0:00:00,11.7,47,0.81,771.4883387,0,0,81,89
9/27/2021,1:00:00,11.7,48,0.81,787.9029842,0,0,81,89
9/27/2021,2:00:00,11.7,49,0.81,804.3176297,0,0,81,89
9/27/2021,3:00:00,11.7,49,0.81,804.3176297,0,0,80,85
9/27/2021,4:00:00,11.7,49,0.81,804.3176297,0,0,80,85
9/27/2021,5:00:00,11.7,49,0.81,804.3176297,0,0,80,85
9/27/2021,6:00:00,11.5,96,0.81,1548.869114,0,0,79,88
9/27/2021,7:00:00,11.6,89,0.81,1448.417096,0,0,79,88
9/27/2021,8:00:00,11.6,84,0.81,1367.045349,0,0,79,88
9/27/2021,9:00:00,11.5,82,0.81,1322.992368,0,0,77,91
9/27/2021,10:00:00,11.3,85,0.81,1347.544189,0,0,77,91
9/27/2021,11:00:00,11.3,85,0.81,1347.544189,0,0,77,91
9/27/2021,12:00:00,11.3,85,0.81,1347.544189,0,0,77,91
9/27/2021,13:00:00,11.5,85,0.81,1371.394528,0,0,77,91
9/27/2021,14:00:00,11.5,85,0.81,1371.394528,0,0,77,91
9/27/2021,15:00:00,11.5,85,0.81,1371.394528,0,0,77,91
9/27/2021,16:00:00,11.6,45,0.81,732.3457225,0,0,77,91
9/27/2021,17:00:00,11.6,51,0.81,829.9918188,0,0,77,91
9/27/2021,18:00:00,11.6,55,0.81,895.0892163,0,0,81,90
9/27/2021,19:00:00,11.6,54,0.81,878.8148669,0,0,81,90
9/27/2021,20:00:00,11.6,54,0.81,878.8148669,0,0,81,90
9/27/2021,21:00:00,11.6,48,0.81,781.1687706,0,0,77,91
9/27/2021,22:00:00,11.7,48,0.81,787.9029842,0,0,77,91
9/27/2021,23:00:00,11.7,47,0.81,771.4883387,0,0,77,91
9/28/2021,0:00:00,11.7,44,0.8,713.3278046,0,0,79,90
9/28/2021,1:00:00,11.7,44,0.8,713.3278046,0,0,79,90
9/28/2021,2:00:00,11.7,44,0.8,713.3278046,0,0,79,90
9/28/2021,3:00:00,11.7,44,0.8,713.3278046,0,0,87,71
9/28/2021,4:00:00,11.7,44,0.8,713.3278046,0,0,87,71
9/28/2021,5:00:00,11.7,49,0.8,794.3877824,0,0,87,71
9/28/2021,6:00:00,11.4,86,0.8,1358.482089,0,0,89,62
9/28/2021,7:00:00,11.4,86,0.8,1358.482089,0,0,89,62
9/28/2021,8:00:00,11.4,86,0.8,1358.482089,0,0,89,62
9/28/2021,9:00:00,11.4,84,0.8,1326.889483,0,0,84,73
9/28/2021,10:00:00,11.4,83,0.8,1311.093179,0,0,84,73
9/28/2021,11:00:00,11.4,81,0.8,1279.500573,0,0,84,73
9/28/2021,12:00:00,11.4,79,0.8,1247.907966,0,0,81,87
9/28/2021,13:00:00,11.4,77,0.8,1216.315359,0,0,81,87
9/28/2021,14:00:00,11.5,77,0.8,1226.984792,0,0,81,87
9/28/2021,15:00:00,11.5,74,0.8,1179.18019,0,0,80,88
9/28/2021,16:00:00,11.5,75,0.8,1195.115057,0,0,80,88
9/28/2021,17:00:00,11.6,74,0.8,1189.433931,0,0,80,88
9/28/2021,18:00:00,11.6,63,0.8,1012.626184,0,0,77,91
9/28/2021,19:00:00,11.6,58,0.8,932.2590267,0,0,77,91
9/28/2021,20:00:00,11.7,55,0.8,891.6597557,0,0,77,91
9/28/2021,21:00:00,11.7,50,0.8,810.5997779,0,0,79,92
9/28/2021,22:00:00,11.7,48,0.8,778.1757868,0,0,79,92
9/28/2021,23:00:00,11.7,48,0.8,778.1757868,0,0,79,92
9/29/2021,0:00:00,11.5,74,0.79,1164.440437,0,0,83,77
9/29/2021,1:00:00,11.5,74,0.79,1164.440437,0,0,83,77
9/29/2021,2:00:00,11.4,74,0.79,1154.314868,0,0,83,77
9/29/2021,3:00:00,11.4,76,0.79,1185.512568,0,0,87,58
9/29/2021,4:00:00,11.4,76,0.79,1185.512568,0,0,87,58
9/29/2021,5:00:00,11.4,80,0.79,1247.907966,0,0,87,58
9/29/2021,6:00:00,11.3,94,0.79,1453.429651,0,0,87,54
9/29/2021,7:00:00,11.5,98,0.79,1542.096796,0,0,87,54
9/29/2021,8:00:00,11.4,104,0.79,1622.280356,0,0,87,54
9/29/2021,9:00:00,11.4,102,0.79,1591.082656,0,0,88,53
9/29/2021,10:00:00,11.4,104,0.79,1622.280356,0,0,88,53
9/29/2021,11:00:00,11.4,106,0.79,1653.478055,0,0,88,53
9/29/2021,12:00:00,11.5,204,0.79,3210.079044,0,0,81,87
9/29/2021,13:00:00,11.5,100,0.79,1573.568159,0,0,81,87
9/29/2021,14:00:00,11.6,100,0.79,1587.25136,0,0,81,87
9/29/2021,15:00:00,11.6,96,0.79,1523.761306,0,0,81,90
9/29/2021,16:00:00,11.7,100,0.79,1600.934561,0,0,81,90
9/29/2021,17:00:00,11.8,100,0.79,1614.617763,0,0,81,90
9/29/2021,18:00:00,11.6,63,0.79,999.9683568,0,0,79,91
9/29/2021,19:00:00,11.6,60,0.79,952.350816,0,0,79,91
9/29/2021,20:00:00,11.6,57,0.79,904.7332752,0,0,79,91
9/29/2021,21:00:00,11.6,54,0.79,857.1157344,0,0,79,93
9/29/2021,22:00:00,11.7,48,0.79,768.4485895,0,0,79,93
9/29/2021,23:00:00,11.7,48,0.79,768.4485895,0,0,79,93
9/30/2021,0:00:00,11.5,77,0.83,1272.996722,0,0,82,80
9/30/2021,1:00:00,11.5,77,0.83,1272.996722,0,0,82,80
9/30/2021,2:00:00,11.5,77,0.83,1272.996722,0,0,82,80
9/30/2021,3:00:00,11.5,79,0.83,1306.061572,0,0,87,59
9/30/2021,4:00:00,11.4,79,0.83,1294.704515,0,0,87,59
9/30/2021,5:00:00,11.4,81,0.83,1327.481844,0,0,87,59
9/30/2021,6:00:00,11.4,87,0.83,1425.813832,0,0,90,49
9/30/2021,7:00:00,11.4,87,0.83,1425.813832,0,0,90,49
9/30/2021,8:00:00,11.4,89,0.83,1458.591162,0,0,90,49
9/30/2021,9:00:00,11.3,96,0.83,1559.510834,0,0,89,64
9/30/2021,10:00:00,11.3,96,0.83,1559.510834,0,0,89,64
9/30/2021,11:00:00,11.3,104,0.83,1689.470071,0,0,89,64
9/30/2021,12:00:00,11.5,108,0.83,1785.501895,0,0,83,86
9/30/2021,13:00:00,11.3,104,0.83,1689.470071,0,0,83,86
9/30/2021,14:00:00,11.3,103,0.83,1673.225166,0,0,83,86
9/30/2021,15:00:00,11.3,104,0.83,1689.470071,0,0,83,89
9/30/2021,16:00:00,11.3,106,0.83,1721.95988,0,0,83,89
9/30/2021,17:00:00,11.6,113,0.83,1884.408925,0,0,83,89
9/30/2021,18:00:00,11.6,63,0.83,1050.599666,0,0,80,91
9/30/2021,19:00:00,11.6,60,0.83,1000.571111,0,0,80,91
9/30/2021,20:00:00,11.7,57,0.83,958.7368874,0,0,80,91
9/30/2021,21:00:00,11.7,54,0.83,908.2770512,0,0,81,92
9/30/2021,22:00:00,11.7,49,0.83,824.1773242,0,0,81,92
9/30/2021,23:00:00,11.7,49,0.83,824.1773242,0,0,81,92
10/1/2021,0:00:00,11.7,78,0.85,1343.569132,0,0,83,90
10/1/2021,1:00:00,11.7,78,0.85,1343.569132,0,0,83,90
10/1/2021,2:00:00,11.7,78,0.85,1343.569132,0,0,83,90
10/1/2021,3:00:00,11.7,78,0.85,1343.569132,0,0,87,64
10/1/2021,4:00:00,11.6,78,0.85,1332.085635,0,0,87,64
10/1/2021,5:00:00,11.4,82,0.85,1376.252931,0,0,87,64
10/1/2021,6:00:00,11.2,113,0.85,1863.270977,0,0,88,68
10/1/2021,7:00:00,11.2,123,0.85,2028.162214,0,0,88,68
10/1/2021,8:00:00,11.2,124,0.85,2044.651337,0,0,88,68
10/1/2021,9:00:00,11.2,129,0.85,2127.096956,0,0,84,80
10/1/2021,10:00:00,11.2,112,0.85,1846.781853,0,0,84,80
10/1/2021,11:00:00,11.2,126,0.85,2077.629585,0,0,84,80
10/1/2021,12:00:00,11.2,127,0.85,2094.118708,0,0,81,90
10/1/2021,13:00:00,11.2,139,0.85,2291.988193,0,0,81,90
10/1/2021,14:00:00,11.2,134,0.85,2209.542574,0,0,81,90
10/1/2021,15:00:00,11.3,128,0.85,2129.452545,0,0,81,90
10/1/2021,16:00:00,11.4,114,0.85,1913.327245,0,0,81,90
10/1/2021,17:00:00,11.6,92,0.85,1571.177929,0,0,81,90
10/1/2021,18:00:00,11.7,63,0.85,1085.190453,0,0,82,90
10/1/2021,19:00:00,11.6,61,0.85,1041.759279,0,0,82,90
10/1/2021,20:00:00,11.6,59,0.85,1007.603237,0,0,82,90
10/1/2021,21:00:00,11.7,55,0.85,947.3884905,0,0,78,91
10/1/2021,22:00:00,11.7,49,0.85,844.0370188,0,0,78,91
10/1/2021,23:00:00,11.7,48,0.85,826.8117735,0,0,78,91
10/2/2021,0:00:00,11.7,45,0.84,766.0167902,0,0,81,91
10/2/2021,1:00:00,11.7,70,0.84,1191.581674,0,0,81,91
10/2/2021,2:00:00,11.6,70,0.84,1181.397215,0,0,81,91
10/2/2021,3:00:00,11.5,70,0.84,1171.212756,0,0,86,72
10/2/2021,4:00:00,11.5,70,0.84,1171.212756,0,0,86,72
10/2/2021,5:00:00,11.3,72,0.84,1183.725091,0,0,86,72
10/2/2021,6:00:00,11.2,107,0.84,1743.579338,0,0,89,59
10/2/2021,7:00:00,11.1,113,0.84,1824.909515,0,0,89,59
10/2/2021,8:00:00,11.4,122,0.84,2023.506461,0,0,89,59
10/2/2021,9:00:00,11.4,122,0.84,2023.506461,0,0,88,62
10/2/2021,10:00:00,11.4,130,0.84,2156.195409,0,0,88,62
10/2/2021,11:00:00,11.4,142,0.84,2355.228832,0,0,88,62
10/2/2021,12:00:00,11.4,141,0.84,2338.642713,0,0,82,87
10/2/2021,13:00:00,11.4,139,0.84,2305.470476,0,0,82,87
10/2/2021,14:00:00,11.4,136,0.84,2255.712121,0,0,82,87
10/2/2021,15:00:00,11.4,136,0.84,2255.712121,0,0,80,90
10/2/2021,16:00:00,11.4,141,0.84,2338.642713,0,0,80,90
10/2/2021,17:00:00,11.8,139,0.84,2386.364177,0,0,80,90
10/2/2021,18:00:00,11.7,43,0.84,731.9715995,0,0,80,92
10/2/2021,19:00:00,11.7,60,0.84,1021.35572,0,0,80,92
10/2/2021,20:00:00,11.7,60,0.84,1021.35572,0,0,80,92
10/2/2021,21:00:00,11.7,57,0.84,970.2879342,0,0,78,91
10/2/2021,22:00:00,11.7,53,0.84,902.1975528,0,0,78,91
10/2/2021,23:00:00,11.7,49,0.84,834.1071715,0,0,78,91
10/3/2021,0:00:00,11.6,82,0.83,1367.447184,1,0,82,91
10/3/2021,1:00:00,11.6,82,0.83,1367.447184,1,0,82,91
10/3/2021,2:00:00,11.5,82,0.83,1355.658847,1,0,82,91
10/3/2021,3:00:00,11.4,82,0.83,1343.870509,1,0,83,86
10/3/2021,4:00:00,11.3,83,0.83,1348.327076,1,0,83,86
10/3/2021,5:00:00,11.2,103,0.83,1658.417864,1,0,83,86
10/3/2021,6:00:00,11.4,129,0.83,2114.137752,1,0,83,83
10/3/2021,7:00:00,11.3,139,0.83,2258.041729,1,0,83,83
10/3/2021,8:00:00,11.4,165,0.83,2704.129682,1,0,83,83
10/3/2021,9:00:00,11.4,168,0.83,2753.295677,1,0,87,70
10/3/2021,10:00:00,11.4,194,0.83,3179.40096,1,0,87,70
10/3/2021,11:00:00,11.5,190,0.83,3141.160742,1,0,87,70
10/3/2021,12:00:00,11.5,190,0.83,3141.160742,1,0,82,90
10/3/2021,13:00:00,11.5,190,0.83,3141.160742,1,0,82,90
10/3/2021,14:00:00,11.5,190,0.83,3141.160742,1,0,82,90
10/3/2021,15:00:00,11.5,190,0.83,3141.160742,1,0,80,90
10/3/2021,16:00:00,11.5,190,0.83,3141.160742,1,0,80,90
10/3/2021,17:00:00,11.8,155,0.83,2629.374369,1,0,80,90
10/3/2021,18:00:00,11.6,61,0.83,1017.247296,1,0,80,91
10/3/2021,19:00:00,11.6,61,0.83,1017.247296,1,0,80,91
10/3/2021,20:00:00,11.6,58,0.83,967.2187402,1,0,80,91
10/3/2021,21:00:00,11.6,56,0.83,933.8663698,1,0,78,91
10/3/2021,22:00:00,11.6,52,0.83,867.1616291,1,0,78,91
10/3/2021,23:00:00,11.6,50,0.83,833.8092588,1,0,78,91
10/4/2021,0:00:00,11.3,95,0.84,1561.859495,0,0,81,87
10/4/2021,1:00:00,11.3,95,0.84,1561.859495,0,0,81,87
10/4/2021,2:00:00,11.3,105,0.84,1726.265758,0,0,81,87
10/4/2021,3:00:00,11.3,107,0.84,1759.14701,0,0,89,65
10/4/2021,4:00:00,11.3,107,0.84,1759.14701,0,0,89,65
10/4/2021,5:00:00,11.2,120,0.84,1955.41608,0,0,89,65
10/4/2021,6:00:00,11.6,115,0.84,1940.866853,0,0,91,48
10/4/2021,7:00:00,11.4,145,0.84,2404.987187,0,0,91,48
10/4/2021,8:00:00,11.2,160,0.84,2607.22144,0,0,91,48
10/4/2021,9:00:00,11.5,178,0.84,2978.226723,0,0,88,63
10/4/2021,10:00:00,11.5,189,0.84,3162.274441,0,0,88,63
10/4/2021,11:00:00,11.2,189,0.84,3079.780326,0,0,88,63
10/4/2021,12:00:00,11.4,189,0.84,3134.776403,0,0,82,80
10/4/2021,13:00:00,11.4,184,0.84,3051.84581,0,0,82,80
10/4/2021,14:00:00,11.4,184,0.84,3051.84581,0,0,82,80
10/4/2021,15:00:00,11.4,184,0.84,3051.84581,0,0,80,90
10/4/2021,16:00:00,11.6,184,0.84,3105.386965,0,0,80,90
10/4/2021,17:00:00,11.6,165,0.84,2784.722006,0,0,80,90
10/4/2021,18:00:00,11.6,62,0.84,1046.38039,0,0,79,91
10/4/2021,19:00:00,11.6,59,0.84,995.7490811,0,0,79,91
10/4/2021,20:00:00,11.7,57,0.84,970.2879342,0,0,79,91
10/4/2021,21:00:00,11.6,54,0.84,911.3635657,0,0,79,90
10/4/2021,22:00:00,11.6,52,0.84,877.6093596,0,0,79,90
10/4/2021,23:00:00,11.6,49,0.84,826.9780504,0,0,79,90
10/5/2021,0:00:00,11.4,110,0.845,1835.332997,0,0,82,81
10/5/2021,1:00:00,11.4,110,0.845,1835.332997,0,0,82,81
10/5/2021,2:00:00,11.4,110,0.845,1835.332997,0,0,82,81
10/5/2021,3:00:00,11.4,110,0.845,1835.332997,0,0,87,70
10/5/2021,4:00:00,11.2,110,0.845,1803.134173,0,0,87,70
10/5/2021,5:00:00,11,150,0.845,2414.911838,0,0,87,70
10/5/2021,6:00:00,11.4,190,0.845,3170.120632,0,0,90,56
10/5/2021,7:00:00,11.6,135,0.845,2291.970872,0,0,90,56
10/5/2021,8:00:00,11.7,119,0.845,2037.746517,0,0,90,56
10/5/2021,9:00:00,11.7,124,0.845,2123.366118,0,0,88,59
10/5/2021,10:00:00,11.7,189,0.845,3236.420938,0,0,88,59
10/5/2021,11:00:00,11.5,190,0.845,3197.928707,0,0,88,59
10/5/2021,12:00:00,11.6,178,0.845,3022.006039,0,0,83,80
10/5/2021,13:00:00,11.6,168,0.845,2852.230419,0,0,83,80
10/5/2021,14:00:00,11.4,174,0.845,2903.163105,0,0,83,80
10/5/2021,15:00:00,11.6,181,0.845,3072.938725,0,0,80,79
10/5/2021,16:00:00,11.5,153,0.845,2575.17417,0,0,80,79
10/5/2021,17:00:00,11.5,126,0.845,2120.731669,0,0,80,79
10/5/2021,18:00:00,11.6,64,0.845,1086.563969,0,0,79,90
10/5/2021,19:00:00,11.6,64,0.845,1086.563969,0,0,79,90
10/5/2021,20:00:00,11.6,68,0.845,1154.474217,0,0,79,90
10/5/2021,21:00:00,11.7,56,0.845,958.9395373,0,0,77,91
10/5/2021,22:00:00,11.7,51,0.845,873.3199358,0,0,77,91
10/5/2021,23:00:00,11.7,50,0.845,856.1960155,0,0,77,91
10/6/2021,0:00:00,11.7,50,0.84,851.1297668,0,0,83,80
10/6/2021,1:00:00,11.7,81,0.84,1378.830222,0,0,83,80
10/6/2021,2:00:00,11.6,89,0.84,1502.062173,0,0,83,80
10/6/2021,3:00:00,11.5,93,0.84,1556.039805,0,0,91,53
10/6/2021,4:00:00,11.4,98,0.84,1625.439616,0,0,91,53
10/6/2021,5:00:00,11.4,141,0.84,2338.642713,0,0,91,53
10/6/2021,6:00:00,11.6,158,0.84,2666.582285,0,0,91,49
10/6/2021,7:00:00,11.4,205,0.84,3400.154299,0,0,91,49
10/6/2021,8:00:00,11.3,192,0.84,3156.600243,0,0,91,49
10/6/2021,9:00:00,11.5,180,0.84,3011.689944,0,0,90,62
10/6/2021,10:00:00,11.7,191,0.84,3251.315709,0,0,90,62
10/6/2021,11:00:00,11.6,191,0.84,3223.526686,0,0,90,62
10/6/2021,12:00:00,11.6,185,0.84,3122.264068,0,0,82,86
10/6/2021,13:00:00,11.6,185,0.84,3122.264068,0,0,82,86
10/6/2021,14:00:00,11.6,185,0.84,3122.264068,0,0,82,86
10/6/2021,15:00:00,11.6,205,0.84,3459.806129,0,0,81,90
10/6/2021,16:00:00,11.6,205,0.84,3459.806129,0,0,81,90
10/6/2021,17:00:00,11.8,171,0.84,2935.74298,0,0,81,90
10/6/2021,18:00:00,11.6,60,0.84,1012.626184,0,0,79,88
10/6/2021,19:00:00,11.6,60,0.84,1012.626184,0,0,79,88
10/6/2021,20:00:00,11.6,57,0.84,961.9948749,0,0,79,88
10/6/2021,21:00:00,11.6,55,0.84,928.2406688,0,0,79,90
10/6/2021,22:00:00,11.6,52,0.84,877.6093596,0,0,79,90
10/6/2021,23:00:00,11.6,50,0.84,843.8551534,0,0,79,90
10/7/2021,0:00:00,11.5,135,0.856,2301.7916,0,0,83,83
10/7/2021,1:00:00,11.5,135,0.856,2301.7916,0,0,83,83
10/7/2021,2:00:00,11.5,135,0.856,2301.7916,0,0,83,83
10/7/2021,3:00:00,11.5,135,0.856,2301.7916,0,0,88,61
10/7/2021,4:00:00,11.5,140,0.856,2387.043141,0,0,88,61
10/7/2021,5:00:00,11.3,153,0.856,2563.328501,0,0,88,61
10/7/2021,6:00:00,11.6,187,0.856,3216.132908,0,0,90,51
10/7/2021,7:00:00,11.3,210,0.856,3518.294021,0,0,90,51
10/7/2021,8:00:00,11.3,220,0.856,3685.831831,0,0,90,51
10/7/2021,9:00:00,11.2,217,0.856,3603.397298,0,0,88,59
10/7/2021,10:00:00,11.4,204,0.856,3448.017099,0,0,88,59
10/7/2021,11:00:00,11.3,173,0.856,2898.404122,0,0,88,59
10/7/2021,12:00:00,11.3,184,0.856,3082.695713,0,0,83,84
10/7/2021,13:00:00,11.3,175,0.856,2931.911684,0,0,83,84
10/7/2021,14:00:00,11.4,184,0.856,3109.976207,0,0,83,84
10/7/2021,15:00:00,11.3,185,0.856,3099.449495,0,0,82,87
10/7/2021,16:00:00,11.7,179,0.856,3105.083509,0,0,82,87
10/7/2021,17:00:00,11.6,153,0.856,2631.38147,0,0,82,87
10/7/2021,18:00:00,11.6,62,0.856,1066.311445,0,0,80,90
10/7/2021,19:00:00,11.6,62,0.856,1066.311445,0,0,80,90
10/7/2021,20:00:00,11.6,57,0.856,980.3185868,0,0,80,90
10/7/2021,21:00:00,11.6,55,0.856,945.9214434,0,0,79,92
10/7/2021,22:00:00,11.8,50,0.856,874.7549399,0,0,79,92
10/7/2021,23:00:00,11.7,50,0.856,867.3417624,0,0,79,92
10/8/2021,0:00:00,11.5,85,0.88,1489.910105,0,0,83,87
10/8/2021,1:00:00,11.5,95,0.88,1665.193646,0,0,83,87
10/8/2021,2:00:00,11.4,105,0.88,1824.473039,0,0,83,87
10/8/2021,3:00:00,11.4,105,0.88,1824.473039,0,0,87,64
10/8/2021,4:00:00,11.4,120,0.88,2085.112044,0,0,87,64
10/8/2021,5:00:00,11.4,140,0.88,2432.630718,0,0,87,64
10/8/2021,6:00:00,11.4,171,0.88,2971.284663,0,0,92,39
10/8/2021,7:00:00,11.5,190,0.88,3330.387293,0,0,92,39
10/8/2021,8:00:00,11.3,209,0.88,3599.714265,0,0,92,39
10/8/2021,9:00:00,11.2,224,0.88,3823.924778,0,0,89,61
10/8/2021,10:00:00,11.5,229,0.88,4013.993106,0,0,89,61
10/8/2021,11:00:00,11.4,224,0.88,3892.209149,0,0,89,61
10/8/2021,12:00:00,11.4,184,0.88,3197.171801,0,0,84,79
10/8/2021,13:00:00,11.4,184,0.88,3197.171801,0,0,84,79
10/8/2021,14:00:00,11.6,199,0.88,3518.474154,0,0,84,79
10/8/2021,15:00:00,11.6,199,0.88,3518.474154,0,0,82,89
10/8/2021,16:00:00,11.8,164,0.88,2949.640956,0,0,82,89
10/8/2021,17:00:00,11.7,164,0.88,2924.643999,0,0,82,89
10/8/2021,18:00:00,11.6,62,0.88,1096.208028,0,0,81,90
10/8/2021,19:00:00,11.6,62,0.88,1096.208028,0,0,81,90
10/8/2021,20:00:00,11.6,59,0.88,1043.165704,0,0,81,90
10/8/2021,21:00:00,11.6,56,0.88,990.12338,0,0,80,92
10/8/2021,22:00:00,11.6,52,0.88,919.4002815,0,0,80,92
10/8/2021,23:00:00,11.6,50,0.88,884.0387322,0,0,80,92
10/9/2021,0:00:00,11.3,110,0.96,2066.821588,0,0,83,78
10/9/2021,1:00:00,11.3,110,0.96,2066.821588,0,0,83,78
10/9/2021,2:00:00,11.3,110,0.96,2066.821588,0,0,83,78
10/9/2021,3:00:00,11.3,110,0.96,2066.821588,0,0,88,64
10/9/2021,4:00:00,11.4,120,0.96,2274.667685,0,0,88,64
10/9/2021,5:00:00,11.3,135,0.96,2536.553767,0,0,88,64
10/9/2021,6:00:00,11.7,164,0.96,3190.520726,0,0,83,75
10/9/2021,7:00:00,11.6,185,0.96,3568.301792,0,0,83,75
10/9/2021,8:00:00,11.7,195,0.96,3793.606961,0,0,83,75
10/9/2021,9:00:00,11.4,204,0.96,3866.935064,0,0,83,76
10/9/2021,10:00:00,11.6,207,0.96,3992.640383,0,0,83,76
10/9/2021,11:00:00,11.8,184,0.96,3610.203565,0,0,83,76
10/9/2021,12:00:00,11.8,184,0.96,3610.203565,0,0,81,87
10/9/2021,13:00:00,11.8,174,0.96,3413.996849,0,0,81,87
10/9/2021,14:00:00,11.8,169,0.96,3315.893492,0,0,81,87
10/9/2021,15:00:00,11.8,164,0.96,3217.790134,0,0,80,89
10/9/2021,16:00:00,12,154,0.96,3072.796697,0,0,80,89
10/9/2021,17:00:00,11.5,155,0.96,2963.885342,0,0,80,89
10/9/2021,18:00:00,11.6,63,0.96,1215.151421,0,0,81,92
10/9/2021,19:00:00,11.6,61,0.96,1176.575185,0,0,81,92
10/9/2021,20:00:00,11.6,58,0.96,1118.710832,0,0,81,92
10/9/2021,21:00:00,11.6,55,0.96,1060.846479,0,0,77,91
10/9/2021,22:00:00,11.5,53,0.96,1013.457569,0,0,77,91
10/9/2021,23:00:00,11.5,50,0.96,956.0920458,0,0,77,91
10/10/2021,0:00:00,11.5,83,0.965,1595.379008,1,0,82,80
10/10/2021,1:00:00,11.5,85,0.965,1633.821876,1,0,82,80
10/10/2021,2:00:00,11.5,85,0.965,1633.821876,1,0,82,80
10/10/2021,3:00:00,11.5,85,0.965,1633.821876,1,0,89,56
10/10/2021,4:00:00,11.4,96,0.965,1829.21193,1,0,89,56
10/10/2021,5:00:00,11.3,104,0.965,1964.263395,1,0,89,56
10/10/2021,6:00:00,11.2,138,0.965,2583.360708,1,0,93,40
10/10/2021,7:00:00,11.6,162,0.965,3140.949432,1,0,93,40
10/10/2021,8:00:00,11.6,166,0.965,3218.503739,1,0,93,40
10/10/2021,9:00:00,11.6,113,0.965,2190.909172,1,0,87,52
10/10/2021,10:00:00,11.5,131,0.965,2518.007833,1,0,87,52
10/10/2021,11:00:00,11.5,186,0.965,3575.186694,1,0,87,52
10/10/2021,12:00:00,11.6,184,0.965,3567.49812,1,0,79,73
10/10/2021,13:00:00,11.6,178,0.965,3451.16666,1,0,79,73
10/10/2021,14:00:00,11.6,190,0.965,3683.829581,1,0,79,73
10/10/2021,15:00:00,11.4,167,0.965,3182.066586,1,0,77,88
10/10/2021,16:00:00,11.5,144,0.965,2767.886473,1,0,77,88
10/10/2021,17:00:00,11.6,143,0.965,2772.566474,1,0,77,88
10/10/2021,18:00:00,11.6,60,0.965,1163.314604,1,0,80,92
10/10/2021,19:00:00,11.6,58,0.965,1124.537451,1,0,80,92
10/10/2021,20:00:00,11.6,54,0.965,1046.983144,1,0,80,92
10/10/2021,21:00:00,11.6,52,0.965,1008.20599,1,0,75,90
10/10/2021,22:00:00,11.6,48,0.965,930.6516835,1,0,75,90
10/10/2021,23:00:00,11.6,48,0.965,930.6516835,1,0,75,90
10/11/2021,0:00:00,11.5,50,0.96,956.0920458,0,0,78,85
10/11/2021,1:00:00,11.5,85,0.96,1625.356478,0,0,78,85
10/11/2021,2:00:00,11.5,110,0.96,2103.402501,0,0,78,85
10/11/2021,3:00:00,11.4,111,0.96,2104.067608,0,0,87,47
10/11/2021,4:00:00,11.4,110,0.96,2085.112044,0,0,87,47
10/11/2021,5:00:00,11.3,151,0.96,2837.182361,0,0,87,47
10/11/2021,6:00:00,11.4,164,0.96,3108.712502,0,0,91,30
10/11/2021,7:00:00,11.2,184,0.96,3426.633892,0,0,91,30
10/11/2021,8:00:00,11.5,179,0.96,3422.809524,0,0,91,30
10/11/2021,9:00:00,11.5,200,0.96,3824.368183,0,0,87,47
10/11/2021,10:00:00,11.5,212,0.96,4053.830274,0,0,87,47
10/11/2021,11:00:00,11.5,217,0.96,4149.439479,0,0,87,47
10/11/2021,12:00:00,11.7,209,0.96,4065.968486,0,0,79,72
10/11/2021,13:00:00,11.7,189,0.96,3676.880593,0,0,79,72
10/11/2021,14:00:00,11.6,199,0.96,3838.335441,0,0,79,72
10/11/2021,15:00:00,11.5,214,0.96,4092.073956,0,0,77,83
10/11/2021,16:00:00,11.6,219,0.96,4224.097797,0,0,77,83
10/11/2021,17:00:00,11.6,214,0.96,4127.657208,0,0,77,83
10/11/2021,18:00:00,11.8,62,0.96,1216.481636,0,0,77,90
10/11/2021,19:00:00,11.8,62,0.96,1216.481636,0,0,77,90
10/11/2021,20:00:00,11.8,57,0.96,1118.378278,0,0,77,90
10/11/2021,21:00:00,11.8,54,0.96,1059.516264,0,0,75,90
10/11/2021,22:00:00,11.8,52,0.96,1020.274921,0,0,75,90
10/11/2021,23:00:00,11.8,50,0.96,981.0335774,0,0,75,90
10/12/2021,0:00:00,11.5,120,0.96,2294.62091,0,0,81,78
10/12/2021,1:00:00,11.5,120,0.96,2294.62091,0,0,81,78
10/12/2021,2:00:00,11.5,120,0.96,2294.62091,0,0,81,78
10/12/2021,3:00:00,11.5,120,0.96,2294.62091,0,0,89,48
10/12/2021,4:00:00,11.4,130,0.96,2464.223325,0,0,89,48
10/12/2021,5:00:00,11.3,135,0.96,2536.553767,0,0,89,48
10/12/2021,6:00:00,11.6,172,0.96,3317.55626,0,0,91,39
10/12/2021,7:00:00,11.5,195,0.96,3728.758979,0,0,91,39
10/12/2021,8:00:00,11.5,215,0.96,4111.195797,0,0,91,39
10/12/2021,9:00:00,11.5,215,0.96,4111.195797,0,0,87,52
10/12/2021,10:00:00,11.5,214,0.96,4092.073956,0,0,87,52
10/12/2021,11:00:00,11.5,209,0.96,3996.464751,0,0,87,52
10/12/2021,12:00:00,11.5,199,0.96,3805.246342,0,0,80,78
10/12/2021,13:00:00,11.6,197,0.96,3799.759205,0,0,80,78
10/12/2021,14:00:00,11.7,194,0.96,3774.152566,0,0,80,78
10/12/2021,15:00:00,11.6,154,0.96,2970.37014,0,0,78,83
10/12/2021,16:00:00,11.6,169,0.96,3259.691907,0,0,78,83
10/12/2021,17:00:00,11,159,0.96,2908.182588,0,0,78,83
10/12/2021,18:00:00,11.8,63,0.96,1236.102308,0,0,76,88
10/12/2021,19:00:00,11.7,61,0.96,1186.718075,0,0,76,88
10/12/2021,20:00:00,11.7,59,0.96,1147.809286,0,0,76,88
10/12/2021,21:00:00,11.6,81,0.96,1562.337541,0,0,76,90
10/12/2021,22:00:00,11.6,78,0.96,1504.473188,0,0,76,90
10/12/2021,23:00:00,11.6,75,0.96,1446.608834,0,0,76,90
10/13/2021,0:00:00,11.5,125,0.962,2395.209761,0,0,81,86
10/13/2021,1:00:00,11.5,125,0.962,2395.209761,0,0,81,86
10/13/2021,2:00:00,11.4,125,0.962,2374.38185,0,0,81,86
10/13/2021,3:00:00,11.4,130,0.962,2469.357124,0,0,90,48
10/13/2021,4:00:00,11.4,140,0.962,2659.307672,0,0,90,48
10/13/2021,5:00:00,11.2,145,0.962,2705.962192,0,0,90,48
10/13/2021,6:00:00,11.8,175,0.962,3440.770891,0,0,92,42
10/13/2021,7:00:00,11.8,190,0.962,3735.69411,0,0,92,42
10/13/2021,8:00:00,11.7,195,0.962,3801.510309,0,0,92,42
10/13/2021,9:00:00,11.7,200,0.962,3898.984932,0,0,84,60
10/13/2021,10:00:00,11.8,192,0.962,3775.017206,0,0,84,60
10/13/2021,11:00:00,11.8,190,0.962,3735.69411,0,0,84,60
10/13/2021,12:00:00,11.6,138,0.962,2667.305589,0,0,79,82
10/13/2021,13:00:00,11.6,174,0.962,3363.124439,0,0,79,82
10/13/2021,14:00:00,11.6,174,0.962,3363.124439,0,0,79,82
10/13/2021,15:00:00,11.6,189,0.962,3653.048959,0,0,77,88
10/13/2021,16:00:00,11.6,186,0.962,3595.064055,0,0,77,88
10/13/2021,17:00:00,11.5,63,0.962,1207.185719,0,0,77,88
10/13/2021,18:00:00,11.6,62,0.962,1198.354685,0,0,77,88
10/13/2021,19:00:00,11.6,60,0.962,1159.698082,0,0,77,88
10/13/2021,20:00:00,11.7,57,0.962,1111.210706,0,0,77,88
10/13/2021,21:00:00,11.7,53,0.962,1033.231007,0,0,75,91
10/13/2021,22:00:00,11.7,51,0.962,994.2411576,0,0,75,91
10/13/2021,23:00:00,11.6,50,0.962,966.4150686,0,0,75,91
10/14/2021,0:00:00,11.5,50,0.96,956.0920458,0,0,81,81
10/14/2021,1:00:00,11.4,80,0.96,1516.445123,0,0,81,81
10/14/2021,2:00:00,11.4,83,0.96,1573.311815,0,0,81,81
10/14/2021,3:00:00,11.3,83,0.96,1559.510834,0,0,90,52
10/14/2021,4:00:00,11.3,85,0.96,1597.089409,0,0,90,52
10/14/2021,5:00:00,11.6,111,0.96,2140.981075,0,0,90,52
10/14/2021,6:00:00,11.5,138,0.96,2638.814046,0,0,91,39
10/14/2021,7:00:00,11.2,163,0.96,3035.550676,0,0,91,39
10/14/2021,8:00:00,11.5,188,0.96,3594.906092,0,0,91,39
10/14/2021,9:00:00,11.4,200,0.96,3791.112808,0,0,88,47
10/14/2021,10:00:00,11.3,207,0.96,3889.382442,0,0,88,47
10/14/2021,11:00:00,11.3,207,0.96,3889.382442,0,0,88,47
10/14/2021,12:00:00,11.5,207,0.96,3958.22107,0,0,80,76
10/14/2021,13:00:00,11.6,197,0.96,3799.759205,0,0,80,76
10/14/2021,14:00:00,11.5,190,0.96,3633.149774,0,0,80,76
10/14/2021,15:00:00,11.5,187,0.96,3575.784251,0,0,77,82
10/14/2021,16:00:00,11.5,180,0.96,3441.931365,0,0,77,82
10/14/2021,17:00:00,11.8,156,0.96,3060.824762,0,0,77,82
10/14/2021,18:00:00,11.5,62,0.96,1185.554137,0,0,76,90
10/14/2021,19:00:00,11.5,62,0.96,1185.554137,0,0,76,90
10/14/2021,20:00:00,11.5,59,0.96,1128.188614,0,0,76,90
10/14/2021,21:00:00,11.5,56,0.96,1070.823091,0,0,75,91
10/14/2021,22:00:00,11.5,54,0.96,1032.579409,0,0,75,91
10/14/2021,23:00:00,11.5,50,0.96,956.0920458,0,0,75,91
10/15/2021,0:00:00,11.4,120,0.96,2274.667685,0,0,81,81
10/15/2021,1:00:00,11.4,120,0.96,2274.667685,0,0,81,81
10/15/2021,2:00:00,11.4,120,0.96,2274.667685,0,0,81,81
10/15/2021,3:00:00,11.3,120,0.96,2254.714459,0,0,90,52
10/15/2021,4:00:00,11.3,120,0.96,2254.714459,0,0,90,52
10/15/2021,5:00:00,11.3,133,0.96,2498.975192,0,0,90,52
10/15/2021,6:00:00,11.8,155,0.96,3041.20409,0,0,91,39
10/15/2021,7:00:00,11.6,155,0.96,2989.658258,0,0,91,39
10/15/2021,8:00:00,11.5,166,0.96,3174.225592,0,0,91,39
10/15/2021,9:00:00,11.6,166,0.96,3201.827554,0,0,88,47
10/15/2021,10:00:00,11.7,165,0.96,3209.975121,0,0,88,47
10/15/2021,11:00:00,11.7,150,0.96,2918.159201,0,0,88,47
10/15/2021,12:00:00,11.7,148,0.96,2879.250411,0,0,80,76
10/15/2021,13:00:00,11.8,149,0.96,2923.480061,0,0,80,76
10/15/2021,14:00:00,11.8,164,0.96,3217.790134,0,0,80,76
10/15/2021,15:00:00,11.8,161,0.96,3158.928119,0,0,77,82
10/15/2021,16:00:00,11.6,134,0.96,2584.607784,0,0,77,82
10/15/2021,17:00:00,11.9,121,0.96,2394.22076,0,0,77,82
10/15/2021,18:00:00,11.5,62,0.96,1185.554137,0,0,76,90
10/15/2021,19:00:00,11.5,60,0.96,1147.310455,0,0,76,90
10/15/2021,20:00:00,11.6,58,0.96,1118.710832,0,0,76,90
10/15/2021,21:00:00,11.6,56,0.96,1080.134596,0,0,79,92
10/15/2021,22:00:00,11.6,53,0.96,1022.270243,0,0,79,92
10/15/2021,23:00:00,11.6,49,0.96,945.1177719,0,0,79,92
10/16/2021,0:00:00,11.7,115,0.92,2144.036413,0,0,81,94
10/16/2021,1:00:00,11.7,115,0.92,2144.036413,0,0,81,94
10/16/2021,2:00:00,11.6,95,0.92,1756.022391,0,0,81,94
10/16/2021,3:00:00,11.5,73,0.92,1337.732121,0,0,82,80
10/16/2021,4:00:00,11.5,74,0.92,1356.057218,0,0,82,80
10/16/2021,5:00:00,11.5,75,0.92,1374.382316,0,0,82,80
10/16/2021,6:00:00,11.6,100,0.92,1848.444622,0,0,85,72
10/16/2021,7:00:00,11.5,101,0.92,1850.834852,0,0,85,72
10/16/2021,8:00:00,11.4,104,0.92,1889.237882,0,0,85,72
10/16/2021,9:00:00,11.6,100,0.92,1848.444622,0,0,82,84
10/16/2021,10:00:00,11.6,100,0.92,1848.444622,0,0,82,84
10/16/2021,11:00:00,11.8,97,0.92,1823.904926,0,0,82,84
10/16/2021,12:00:00,11.9,97,0.92,1839.361747,0,0,79,88
10/16/2021,13:00:00,11.9,97,0.92,1839.361747,0,0,79,88
10/16/2021,14:00:00,11.9,97,0.92,1839.361747,0,0,79,88
10/16/2021,15:00:00,11.9,100,0.92,1896.249224,0,0,78,90
10/16/2021,16:00:00,11.8,100,0.92,1880.314357,0,0,78,90
10/16/2021,17:00:00,11.6,62,0.92,1146.035666,0,0,78,90
10/16/2021,18:00:00,11.5,62,0.92,1136.156048,0,0,80,92
10/16/2021,19:00:00,11.5,60,0.92,1099.505853,0,0,80,92
10/16/2021,20:00:00,11.5,57,0.92,1044.53056,0,0,80,92
10/16/2021,21:00:00,11.5,53,0.92,971.2301698,0,0,78,90
10/16/2021,22:00:00,11.5,51,0.92,934.5799747,0,0,78,90
10/16/2021,23:00:00,11.5,50,0.92,916.2548772,0,0,78,90
10/17/2021,0:00:00,11.6,54,0.869,942.8273079,1,0,81,90
10/17/2021,1:00:00,11.6,54,0.869,942.8273079,1,0,81,90
10/17/2021,2:00:00,11.6,54,0.869,942.8273079,1,0,81,90
10/17/2021,3:00:00,11.6,54,0.869,942.8273079,1,0,85,73
10/17/2021,4:00:00,11.6,54,0.869,942.8273079,1,0,85,73
10/17/2021,5:00:00,11.6,54,0.869,942.8273079,1,0,85,73
10/17/2021,6:00:00,11.8,57,0.869,1012.365337,1,0,88,65
10/17/2021,7:00:00,11.6,95,0.869,1658.677671,1,0,88,65
10/17/2021,8:00:00,11.8,100,0.869,1776.079539,1,0,88,65
10/17/2021,9:00:00,11.8,102,0.869,1811.60113,1,0,83,84
10/17/2021,10:00:00,11.6,110,0.869,1920.574146,1,0,83,84
10/17/2021,11:00:00,11.8,60,0.869,1065.647723,1,0,83,84
10/17/2021,12:00:00,11.8,55,0.869,976.8437465,1,0,80,92
10/17/2021,13:00:00,11.8,53,0.869,941.3221557,1,0,80,92
10/17/2021,14:00:00,11.6,56,0.869,977.7468378,1,0,80,92
10/17/2021,15:00:00,11.6,55,0.869,960.2870728,1,0,80,92
10/17/2021,16:00:00,11.5,56,0.869,969.3179857,1,0,77,90
10/17/2021,17:00:00,11.7,70,0.869,1232.719612,1,0,77,90
10/17/2021,18:00:00,11.6,51,0.869,890.448013,1,0,77,90
10/17/2021,19:00:00,11.6,51,0.869,890.448013,1,0,77,90
10/17/2021,20:00:00,11.6,48,0.869,838.0687181,1,0,77,90
10/17/2021,21:00:00,11.7,48,0.869,845.2934484,1,0,77,93
10/17/2021,22:00:00,11.6,44,0.869,768.2296583,1,0,77,93
10/17/2021,23:00:00,11.6,43,0.869,750.7698933,1,0,77,93
10/18/2021,0:00:00,11.8,55,0.92,1034.172896,0,0,82,84
10/18/2021,1:00:00,11.5,55,0.92,1007.880365,0,0,82,84
10/18/2021,2:00:00,11.5,55,0.92,1007.880365,0,0,82,84
10/18/2021,3:00:00,11.5,59,0.92,1081.180755,0,0,88,59
10/18/2021,4:00:00,11.6,59,0.92,1090.582327,0,0,88,59
10/18/2021,5:00:00,11.6,63,0.92,1164.520112,0,0,88,59
10/18/2021,6:00:00,11.4,64,0.92,1162.607928,0,0,91,54
10/18/2021,7:00:00,11.8,69,0.92,1297.416906,0,0,91,54
10/18/2021,8:00:00,11.6,73,0.92,1349.364574,0,0,91,54
10/18/2021,9:00:00,11.2,72,0.92,1284.98771,0,0,88,58
10/18/2021,10:00:00,11.5,94,0.92,1722.559169,0,0,88,58
10/18/2021,11:00:00,11.6,92,0.92,1700.569052,0,0,88,58
10/18/2021,12:00:00,11.6,92,0.92,1700.569052,0,0,82,83
10/18/2021,13:00:00,11.7,84,0.92,1566.078771,0,0,82,83
10/18/2021,14:00:00,11.5,92,0.92,1685.908974,0,0,82,83
10/18/2021,15:00:00,11.5,84,0.92,1539.308194,0,0,81,90
10/18/2021,16:00:00,11.5,84,0.92,1539.308194,0,0,81,90
10/18/2021,17:00:00,11.6,97,0.92,1792.991283,0,0,81,90
10/18/2021,18:00:00,11.6,63,0.92,1164.520112,0,0,78,93
10/18/2021,19:00:00,11.6,63,0.92,1164.520112,0,0,78,93
10/18/2021,20:00:00,11.6,59,0.92,1090.582327,0,0,78,93
10/18/2021,21:00:00,11.6,55,0.92,1016.644542,0,0,78,91
10/18/2021,22:00:00,11.7,53,0.92,988.1211293,0,0,78,91
10/18/2021,23:00:00,11.7,50,0.92,932.1897446,0,0,78,91
10/19/2021,0:00:00,11.6,85,0.938,1601.918366,0,0,82,90
10/19/2021,1:00:00,11.6,85,0.938,1601.918366,0,0,82,90
10/19/2021,2:00:00,11.6,85,0.938,1601.918366,0,0,82,90
10/19/2021,3:00:00,11.6,85,0.938,1601.918366,0,0,87,60
10/19/2021,4:00:00,11.4,85,0.938,1574.299084,0,0,87,60
10/19/2021,5:00:00,11.4,85,0.938,1574.299084,0,0,87,60
10/19/2021,6:00:00,11.3,85,0.938,1560.489443,0,0,90,52
10/19/2021,7:00:00,11.4,91,0.938,1685.426078,0,0,90,52
10/19/2021,8:00:00,11.4,90,0.938,1666.904913,0,0,90,52
10/19/2021,9:00:00,11.4,92,0.938,1703.947244,0,0,85,64
10/19/2021,10:00:00,11.5,82,0.938,1532.057829,0,0,85,64
10/19/2021,11:00:00,11.4,88,0.938,1629.862581,0,0,85,64
10/19/2021,12:00:00,11.4,82,0.938,1518.735587,0,0,80,79
10/19/2021,13:00:00,11.4,88,0.938,1629.862581,0,0,80,79
10/19/2021,14:00:00,11.5,86,0.938,1606.792357,0,0,80,79
10/19/2021,15:00:00,11.4,90,0.938,1666.904913,0,0,78,88
10/19/2021,16:00:00,11.4,91,0.938,1685.426078,0,0,78,88
10/19/2021,17:00:00,11.5,103,0.938,1924.414102,0,0,78,88
10/19/2021,18:00:00,11.6,66,0.938,1243.842496,0,0,78,90
10/19/2021,19:00:00,11.6,65,0.938,1224.996398,0,0,78,90
10/19/2021,20:00:00,11.6,60,0.938,1130.765906,0,0,78,90
10/19/2021,21:00:00,11.6,57,0.938,1074.22761,0,0,75,95
10/19/2021,22:00:00,11.7,50,0.938,950.4282396,0,0,75,95
10/19/2021,23:00:00,11.7,50,0.938,950.4282396,0,0,75,95
10/20/2021,0:00:00,11.6,69,0.92,1275.426789,0,0,79,80
10/20/2021,1:00:00,11.6,69,0.92,1275.426789,0,0,79,80
10/20/2021,2:00:00,11.6,69,0.92,1275.426789,0,0,79,80
10/20/2021,3:00:00,11.5,69,0.92,1264.431731,0,0,87,48
10/20/2021,4:00:00,11.5,69,0.92,1264.431731,0,0,87,48
10/20/2021,5:00:00,11.5,69,0.92,1264.431731,0,0,87,48
10/20/2021,6:00:00,11.5,86,0.92,1575.958389,0,0,91,42
10/20/2021,7:00:00,11.4,99,0.92,1798.409138,0,0,91,42
10/20/2021,8:00:00,11.4,93,0.92,1689.414645,0,0,91,42
10/20/2021,9:00:00,11.4,98,0.92,1780.243389,0,0,87,59
10/20/2021,10:00:00,11.4,98,0.92,1780.243389,0,0,87,59
10/20/2021,11:00:00,11.4,104,0.92,1889.237882,0,0,87,59
10/20/2021,12:00:00,11.4,108,0.92,1961.900878,0,0,81,78
10/20/2021,13:00:00,11.4,108,0.92,1961.900878,0,0,81,78
10/20/2021,14:00:00,11.4,108,0.92,1961.900878,0,0,81,78
10/20/2021,15:00:00,11.5,100,0.92,1832.509754,0,0,78,90
10/20/2021,16:00:00,11.6,107,0.92,1977.835745,0,0,78,90
10/20/2021,17:00:00,11.6,114,0.92,2107.226869,0,0,78,90
10/20/2021,18:00:00,11.6,65,0.92,1201.489004,0,0,77,91
10/20/2021,19:00:00,11.7,63,0.92,1174.559078,0,0,77,91
10/20/2021,20:00:00,11.7,60,0.92,1118.627694,0,0,77,91
10/20/2021,21:00:00,11.7,58,0.92,1081.340104,0,0,74,91
10/20/2021,22:00:00,11.7,54,0.92,1006.764924,0,0,74,91
10/20/2021,23:00:00,11.7,49,0.92,913.5459497,0,0,74,91
10/21/2021,0:00:00,11.4,73,0.96,1383.756175,0,0,76,88
10/21/2021,1:00:00,11.4,73,0.96,1383.756175,0,0,76,88
10/21/2021,2:00:00,11.4,73,0.96,1383.756175,0,0,76,88
10/21/2021,3:00:00,11.4,73,0.96,1383.756175,0,0,86,44
10/21/2021,4:00:00,11.3,73,0.96,1371.617963,0,0,86,44
10/21/2021,5:00:00,11.3,73,0.96,1371.617963,0,0,86,44
10/21/2021,6:00:00,11.5,87,0.96,1663.60016,0,0,90,30
10/21/2021,7:00:00,11.3,103,0.96,1935.296578,0,0,90,30
10/21/2021,8:00:00,11.2,112,0.96,2085.777152,0,0,90,30
10/21/2021,9:00:00,11.4,110,0.96,2085.112044,0,0,87,49
10/21/2021,10:00:00,11.5,114,0.96,2179.889864,0,0,87,49
10/21/2021,11:00:00,11.5,114,0.96,2179.889864,0,0,87,49
10/21/2021,12:00:00,11.5,114,0.96,2179.889864,0,0,79,78
10/21/2021,13:00:00,11.5,114,0.96,2179.889864,0,0,79,78
10/21/2021,14:00:00,11.4,121,0.96,2293.623249,0,0,79,78
10/21/2021,15:00:00,11.4,124,0.96,2350.489941,0,0,75,87
10/21/2021,16:00:00,11.5,114,0.96,2179.889864,0,0,75,87
10/21/2021,17:00:00,11.4,115,0.96,2179.889864,0,0,75,87
10/21/2021,18:00:00,11.6,61,0.96,1176.575185,0,0,76,93
10/21/2021,19:00:00,11.6,61,0.96,1176.575185,0,0,76,93
10/21/2021,20:00:00,11.6,58,0.96,1118.710832,0,0,76,93
10/21/2021,21:00:00,11.6,56,0.96,1080.134596,0,0,73,91
10/21/2021,22:00:00,11.6,53,0.96,1022.270243,0,0,73,91
10/21/2021,23:00:00,11.6,50,0.96,964.4058897,0,0,73,91
10/22/2021,0:00:00,11.4,57,0.965,1086.094583,0,0,76,74
10/22/2021,1:00:00,11.4,57,0.965,1086.094583,0,0,76,74
10/22/2021,2:00:00,11.4,57,0.965,1086.094583,0,0,76,74
10/22/2021,3:00:00,11.4,57,0.965,1086.094583,0,0,87,39
10/22/2021,4:00:00,11.3,57,0.965,1076.567438,0,0,87,39
10/22/2021,5:00:00,11.3,62,0.965,1171.003178,0,0,87,39
10/22/2021,6:00:00,11.3,74,0.965,1397.648954,0,0,90,29
10/22/2021,7:00:00,11.3,74,0.965,1397.648954,0,0,90,29
10/22/2021,8:00:00,11.3,90,0.965,1699.843323,0,0,90,29
10/22/2021,9:00:00,11.4,84,0.965,1600.560438,0,0,82,37
10/22/2021,10:00:00,11.4,88,0.965,1676.777602,0,0,82,37
10/22/2021,11:00:00,11.4,87,0.965,1657.723311,0,0,82,37
10/22/2021,12:00:00,11.4,90,0.965,1714.886184,0,0,73,72
10/22/2021,13:00:00,11.4,86,0.965,1638.66902,0,0,73,72
10/22/2021,14:00:00,11.4,85,0.965,1619.614729,0,0,73,72
10/22/2021,15:00:00,11.3,91,0.965,1718.730471,0,0,72,87
10/22/2021,16:00:00,11.4,85,0.965,1619.614729,0,0,72,87
10/22/2021,17:00:00,11.4,79,0.965,1505.288984,0,0,72,87
10/22/2021,18:00:00,11.6,53,0.965,1027.594567,0,0,74,90
10/22/2021,19:00:00,11.6,52,0.965,1008.20599,0,0,74,90
10/22/2021,20:00:00,11.6,50,0.965,969.428837,0,0,74,90
10/22/2021,21:00:00,11.6,48,0.965,930.6516835,0,0,69,94
10/22/2021,22:00:00,11.7,44,0.965,860.4516643,0,0,69,94
10/22/2021,23:00:00,11.7,43,0.965,840.8959446,0,0,69,94
10/23/2021,0:00:00,11.5,71,0.95,1343.50851,0,0,73,84
10/23/2021,1:00:00,11.5,71,0.95,1343.50851,0,0,73,84
10/23/2021,2:00:00,11.5,80,0.95,1513.812406,0,0,73,84
10/23/2021,3:00:00,11.4,80,0.95,1500.64882,0,0,83,35
10/23/2021,4:00:00,11.4,90,0.95,1688.229922,0,0,83,35
10/23/2021,5:00:00,11.6,102,0.95,1946.89439,0,0,83,35
10/23/2021,6:00:00,11.3,108,0.95,2008.105065,0,0,86,30
10/23/2021,7:00:00,11.3,112,0.95,2082.479327,0,0,86,30
10/23/2021,8:00:00,11.3,123,0.95,2287.008547,0,0,86,30
10/23/2021,9:00:00,11.4,127,0.95,2382.280001,0,0,85,36
10/23/2021,10:00:00,11.4,132,0.95,2476.070552,0,0,85,36
10/23/2021,11:00:00,11.4,134,0.95,2513.586773,0,0,85,36
10/23/2021,12:00:00,11.4,136,0.95,2551.102993,0,0,74,79
10/23/2021,13:00:00,11.5,126,0.95,2384.254539,0,0,74,79
10/23/2021,14:00:00,11.5,112,0.95,2119.337368,0,0,74,79
10/23/2021,15:00:00,11.5,134,0.95,2535.63578,0,0,72,82
10/23/2021,16:00:00,11.5,127,0.95,2403.177194,0,0,72,82
10/23/2021,17:00:00,11.8,122,0.95,2368.787325,0,0,72,82
10/23/2021,18:00:00,11.8,62,0.95,1203.809952,0,0,70,91
10/23/2021,19:00:00,11.8,59,0.95,1145.561084,0,0,70,91
10/23/2021,20:00:00,11.7,56,0.95,1078.097705,0,0,70,91
10/23/2021,21:00:00,11.7,54,0.95,1039.594215,0,0,70,93
10/23/2021,22:00:00,11.7,51,0.95,981.838981,0,0,70,93
10/23/2021,23:00:00,11.8,48,0.95,931.9818985,0,0,70,93
10/24/2021,0:00:00,11.5,90,0.969,1737.099736,1,0,76,81
10/24/2021,1:00:00,11.5,90,0.969,1737.099736,1,0,76,81
10/24/2021,2:00:00,11.5,90,0.969,1737.099736,1,0,76,81
10/24/2021,3:00:00,11.5,90,0.969,1737.099736,1,0,87,34
10/24/2021,4:00:00,11.4,102,0.969,1951.59379,1,0,87,34
10/24/2021,5:00:00,11.4,102,0.969,1951.59379,1,0,87,34
10/24/2021,6:00:00,11.3,110,0.969,2086.19804,1,0,90,30
10/24/2021,7:00:00,11.4,116,0.969,2219.459604,1,0,90,30
10/24/2021,8:00:00,11.4,124,0.969,2372.525784,1,0,90,30
10/24/2021,9:00:00,11.4,132,0.969,2525.591964,1,0,84,48
10/24/2021,10:00:00,11.3,134,0.969,2541.368522,1,0,84,48
10/24/2021,11:00:00,11.3,146,0.969,2768.953762,1,0,84,48
10/24/2021,12:00:00,11.4,146,0.969,2793.457778,1,0,76,75
10/24/2021,13:00:00,11.4,136,0.969,2602.125053,1,0,76,75
10/24/2021,14:00:00,11.4,136,0.969,2602.125053,1,0,76,75
10/24/2021,15:00:00,11.3,141,0.969,2674.126579,1,0,71,87
10/24/2021,16:00:00,11.4,123,0.969,2353.392511,1,0,71,87
10/24/2021,17:00:00,11.5,114,0.969,2200.326332,1,0,71,87
10/24/2021,18:00:00,11.6,62,0.969,1207.074522,1,0,70,83
10/24/2021,19:00:00,11.6,62,0.969,1207.074522,1,0,70,83
10/24/2021,20:00:00,11.6,58,0.969,1129.198746,1,0,70,83
10/24/2021,21:00:00,11.6,55,0.969,1070.791914,1,0,70,94
10/24/2021,22:00:00,11.7,50,0.969,981.838981,1,0,70,94
10/24/2021,23:00:00,11.7,50,0.969,981.838981,1,0,70,94
10/25/2021,0:00:00,11.6,70,0.94,1322.03974,0,0,73,89
10/25/2021,1:00:00,11.6,70,0.94,1322.03974,0,0,73,89
10/25/2021,2:00:00,11.5,70,0.94,1310.642846,0,0,73,89
10/25/2021,3:00:00,11.5,72,0.94,1348.089785,0,0,81,41
10/25/2021,4:00:00,11.5,79,0.94,1479.154069,0,0,81,41
10/25/2021,5:00:00,11.5,103,0.94,1928.517331,0,0,81,41
10/25/2021,6:00:00,11.5,108,0.94,2022.134677,0,0,85,32
10/25/2021,7:00:00,11.4,113,0.94,2097.354179,0,0,85,32
10/25/2021,8:00:00,11.5,120,0.94,2246.816308,0,0,85,32
10/25/2021,9:00:00,11.3,127,0.94,2336.526147,0,0,81,40
10/25/2021,10:00:00,11.4,129,0.94,2394.324683,0,0,81,40
10/25/2021,11:00:00,11.3,139,0.94,2557.300271,0,0,81,40
10/25/2021,12:00:00,11.6,138,0.94,2606.306917,0,0,73,77
10/25/2021,13:00:00,11.4,134,0.94,2487.127965,0,0,73,77
10/25/2021,14:00:00,11.4,134,0.94,2487.127965,0,0,73,77
10/25/2021,15:00:00,11.4,128,0.94,2375.764026,0,0,70,85
10/25/2021,16:00:00,11.4,128,0.94,2375.764026,0,0,70,85
10/25/2021,17:00:00,11.8,115,0.94,2209.369369,0,0,70,85
10/25/2021,18:00:00,11.6,61,0.94,1152.063202,0,0,71,89
10/25/2021,19:00:00,11.6,61,0.94,1152.063202,0,0,71,89
10/25/2021,20:00:00,11.6,58,0.94,1095.404356,0,0,71,89
10/25/2021,21:00:00,11.6,56,0.94,1057.631792,0,0,68,94
10/25/2021,22:00:00,11.6,51,0.94,963.2003823,0,0,68,94
10/25/2021,23:00:00,11.6,47,0.94,887.6552543,0,0,68,94
10/26/2021,0:00:00,11.4,89,0.94,1651.898424,0,0,75,87
10/26/2021,1:00:00,11.4,89,0.94,1651.898424,0,0,75,87
10/26/2021,2:00:00,11.4,89,0.94,1651.898424,0,0,75,87
10/26/2021,3:00:00,11.4,89,0.94,1651.898424,0,0,86,40
10/26/2021,4:00:00,11.3,99,0.94,1821.386524,0,0,86,40
10/26/2021,5:00:00,11.3,99,0.94,1821.386524,0,0,86,40
10/26/2021,6:00:00,11.3,110,0.94,2023.762805,0,0,90,32
10/26/2021,7:00:00,11.4,124,0.94,2301.5214,0,0,90,32
10/26/2021,8:00:00,11.4,130,0.94,2412.885339,0,0,90,32
10/26/2021,9:00:00,11.5,125,0.94,2340.433654,0,0,82,40
10/26/2021,10:00:00,11.5,114,0.94,2134.475492,0,0,82,40
10/26/2021,11:00:00,11.4,119,0.94,2208.718118,0,0,82,40
10/26/2021,12:00:00,11.4,127,0.94,2357.20337,0,0,74,71
10/26/2021,13:00:00,11.4,127,0.94,2357.20337,0,0,74,71
10/26/2021,14:00:00,11.4,125,0.94,2320.082057,0,0,74,71
10/26/2021,15:00:00,11.6,122,0.94,2304.126405,0,0,73,86
10/26/2021,16:00:00,11.8,119,0.94,2286.216999,0,0,73,86
10/26/2021,17:00:00,11.9,114,0.94,2208.718118,0,0,73,86
10/26/2021,18:00:00,11.6,62,0.94,1170.949484,0,0,70,89
10/26/2021,19:00:00,11.6,61,0.94,1152.063202,0,0,70,89
10/26/2021,20:00:00,11.6,58,0.94,1095.404356,0,0,70,89
10/26/2021,21:00:00,11.6,56,0.94,1057.631792,0,0,70,93
10/26/2021,22:00:00,11.6,50,0.94,944.3141003,0,0,70,93
10/26/2021,23:00:00,11.6,45,0.94,849.8826903,0,0,70,93
10/27/2021,0:00:00,11.4,84,0.93,1542.509024,0,0,73,84
10/27/2021,1:00:00,11.4,84,0.93,1542.509024,0,0,73,84
10/27/2021,2:00:00,11.4,84,0.93,1542.509024,0,0,73,84
10/27/2021,3:00:00,11.4,84,0.93,1542.509024,0,0,84,40
10/27/2021,4:00:00,11.4,85,0.93,1560.872226,0,0,84,40
10/27/2021,5:00:00,11.4,89,0.93,1634.325037,0,0,84,40
10/27/2021,6:00:00,11.4,95,0.93,1744.504253,0,0,86,29
10/27/2021,7:00:00,11.5,114,0.93,2111.768306,0,0,86,29
10/27/2021,8:00:00,11.5,114,0.93,2111.768306,0,0,86,29
10/27/2021,9:00:00,11.4,123,0.93,2258.673927,0,0,82,40
10/27/2021,10:00:00,11.4,123,0.93,2258.673927,0,0,82,40
10/27/2021,11:00:00,11.4,122,0.93,2240.310725,0,0,82,40
10/27/2021,12:00:00,11.5,124,0.93,2297.01114,0,0,76,72
10/27/2021,13:00:00,11.7,122,0.93,2299.26627,0,0,76,72
10/27/2021,14:00:00,11.5,124,0.93,2297.01114,0,0,76,72
10/27/2021,15:00:00,11.5,124,0.93,2297.01114,0,0,73,84
10/27/2021,16:00:00,11.5,124,0.93,2297.01114,0,0,73,84
10/27/2021,17:00:00,11.8,110,0.93,2090.827812,0,0,73,84
10/27/2021,18:00:00,11.6,62,0.93,1158.492575,0,0,72,89
10/27/2021,19:00:00,11.6,62,0.93,1158.492575,0,0,72,89
10/27/2021,20:00:00,11.6,58,0.93,1083.751118,0,0,72,89
10/27/2021,21:00:00,11.6,54,0.93,1009.009662,0,0,71,93
10/27/2021,22:00:00,11.6,50,0.93,934.2682056,0,0,71,93
10/27/2021,23:00:00,11.6,45,0.93,840.841385,0,0,71,93
10/28/2021,0:00:00,11.5,84,0.947,1584.483543,0,0,77,72
10/28/2021,1:00:00,11.5,84,0.947,1584.483543,0,0,77,72
10/28/2021,2:00:00,11.5,84,0.947,1584.483543,0,0,77,72
10/28/2021,3:00:00,11.5,84,0.947,1584.483543,0,0,86,40
10/28/2021,4:00:00,11.4,85,0.947,1589.404299,0,0,86,40
10/28/2021,5:00:00,11.3,96,0.947,1779.345494,0,0,86,40
10/28/2021,6:00:00,11.3,113,0.947,2094.437925,0,0,89,35
10/28/2021,7:00:00,11.3,118,0.947,2187.11217,0,0,89,35
10/28/2021,8:00:00,11.5,119,0.947,2244.685019,0,0,89,35
10/28/2021,9:00:00,11.6,106,0.947,2016.854,0,0,82,40
10/28/2021,10:00:00,11.6,102,0.947,1940.746302,0,0,82,40
10/28/2021,11:00:00,11.6,102,0.947,1940.746302,0,0,82,40
10/28/2021,12:00:00,11.6,104,0.947,1978.800151,0,0,73,71
10/28/2021,13:00:00,11.6,118,0.947,2245.177095,0,0,73,71
10/28/2021,14:00:00,11.5,102,0.947,1924.015731,0,0,73,71
10/28/2021,15:00:00,11.5,102,0.947,1924.015731,0,0,72,82
10/28/2021,16:00:00,11.6,108,0.947,2054.907849,0,0,72,82
10/28/2021,17:00:00,11.5,98,0.947,1848.564133,0,0,72,82
10/28/2021,18:00:00,11.6,62,0.947,1179.669321,0,0,72,87
10/28/2021,19:00:00,11.6,62,0.947,1179.669321,0,0,72,87
10/28/2021,20:00:00,11.6,57,0.947,1084.534698,0,0,72,87
10/28/2021,21:00:00,11.6,54,0.947,1027.453925,0,0,68,88
10/28/2021,22:00:00,11.6,50,0.947,951.3462266,0,0,68,88
10/28/2021,23:00:00,11.6,50,0.947,951.3462266,0,0,68,88
10/29/2021,0:00:00,11.6,82,0.94,1548.675124,0,0,73,72
10/29/2021,1:00:00,11.6,82,0.94,1548.675124,0,0,73,72
10/29/2021,2:00:00,11.5,82,0.94,1535.324477,0,0,73,72
10/29/2021,3:00:00,11.5,83,0.94,1554.047946,0,0,82,50
10/29/2021,4:00:00,11.5,86,0.94,1610.218354,0,0,82,50
10/29/2021,5:00:00,11.5,90,0.94,1685.112231,0,0,82,50
10/29/2021,6:00:00,11.6,104,0.94,1964.173329,0,0,86,40
10/29/2021,7:00:00,11.4,112,0.94,2078.793523,0,0,86,40
10/29/2021,8:00:00,11.4,127,0.94,2357.20337,0,0,86,40
10/29/2021,9:00:00,11.5,124,0.94,2321.710184,0,0,83,48
10/29/2021,10:00:00,11.5,122,0.94,2284.263246,0,0,83,48
10/29/2021,11:00:00,11.5,124,0.94,2321.710184,0,0,83,48
10/29/2021,12:00:00,11.5,124,0.94,2321.710184,0,0,77,74
10/29/2021,13:00:00,11.5,124,0.94,2321.710184,0,0,77,74
10/29/2021,14:00:00,11.5,124,0.94,2321.710184,0,0,77,74
10/29/2021,15:00:00,11.6,119,0.94,2247.467559,0,0,74,83
10/29/2021,16:00:00,11.8,116,0.94,2228.581277,0,0,74,83
10/29/2021,17:00:00,11.7,114,0.94,2171.596805,0,0,74,83
10/29/2021,18:00:00,11.7,61,0.94,1161.994782,0,0,70,85
10/29/2021,19:00:00,11.7,61,0.94,1161.994782,0,0,70,85
10/29/2021,20:00:00,11.7,37,0.94,704.8165069,0,0,70,85
10/29/2021,21:00:00,11.7,53,0.94,1009.602023,0,0,72,92
10/29/2021,22:00:00,11.7,45,0.94,857.2092652,0,0,72,92
10/29/2021,23:00:00,11.7,45,0.94,857.2092652,0,0,72,92
10/30/2021,0:00:00,11.6,89,0.93,1662.997406,0,0,78,70
10/30/2021,1:00:00,11.6,89,0.93,1662.997406,0,0,78,70
10/30/2021,2:00:00,11.6,89,0.93,1662.997406,0,0,78,70
10/30/2021,3:00:00,11.6,89,0.93,1662.997406,0,0,86,53
10/30/2021,4:00:00,11.6,89,0.93,1662.997406,0,0,86,53
10/30/2021,5:00:00,11.4,94,0.93,1726.14105,0,0,86,53
10/30/2021,6:00:00,11.4,103,0.93,1891.409874,0,0,89,44
10/30/2021,7:00:00,11.4,109,0.93,2001.58909,0,0,89,44
10/30/2021,8:00:00,11.3,112,0.93,2038.637657,0,0,89,44
10/30/2021,9:00:00,11.3,110,0.93,2002.233413,0,0,84,53
10/30/2021,10:00:00,11.3,108,0.93,1965.829169,0,0,84,53
10/30/2021,11:00:00,11.4,109,0.93,2001.58909,0,0,84,53
10/30/2021,12:00:00,11.5,114,0.93,2111.768306,0,0,77,83
10/30/2021,13:00:00,11.5,114,0.93,2111.768306,0,0,77,83
10/30/2021,14:00:00,11.4,119,0.93,2185.221117,0,0,77,83
10/30/2021,15:00:00,11.4,119,0.93,2185.221117,0,0,75,90
10/30/2021,16:00:00,11.5,113,0.93,2093.244023,0,0,75,90
10/30/2021,17:00:00,11.6,106,0.93,1980.648596,0,0,75,90
10/30/2021,18:00:00,11.7,61,0.93,1149.633135,0,0,73,88
10/30/2021,19:00:00,11.7,59,0.93,1111.940245,0,0,73,88
10/30/2021,20:00:00,11.7,57,0.93,1074.247356,0,0,73,88
10/30/2021,21:00:00,11.7,54,0.93,1017.708021,0,0,71,93
10/30/2021,22:00:00,11.7,45,0.93,848.0900177,0,0,71,93
10/30/2021,23:00:00,11.7,45,0.93,848.0900177,0,0,71,93
10/31/2021,0:00:00,11.6,83,0.947,1579.234736,1,0,75,73
10/31/2021,1:00:00,11.6,83,0.947,1579.234736,1,0,75,73
10/31/2021,2:00:00,11.6,83,0.947,1579.234736,1,0,75,73
10/31/2021,3:00:00,11.5,83,0.947,1565.620644,1,0,84,33
10/31/2021,4:00:00,11.5,83,0.947,1565.620644,1,0,84,33
10/31/2021,5:00:00,11.5,94,0.947,1773.112536,1,0,84,33
10/31/2021,6:00:00,11.7,101,0.947,1938.285924,1,0,87,29
10/31/2021,7:00:00,11.4,119,0.947,2225.166019,1,0,87,29
10/31/2021,8:00:00,11.4,124,0.947,2318.660389,1,0,87,29
10/31/2021,9:00:00,11.4,134,0.947,2505.649131,1,0,84,40
10/31/2021,10:00:00,11.3,120,0.947,2224.181868,1,0,84,40
10/31/2021,11:00:00,11.3,120,0.947,2224.181868,1,0,84,40
10/31/2021,12:00:00,11.4,126,0.947,2356.058138,1,0,84,72
10/31/2021,13:00:00,11.4,122,0.947,2281.262641,1,0,84,72
10/31/2021,14:00:00,11.4,122,0.947,2281.262641,1,0,84,72
10/31/2021,15:00:00,11.4,122,0.947,2281.262641,1,0,72,87
10/31/2021,16:00:00,11.4,110,0.947,2056.876152,1,0,72,87
10/31/2021,17:00:00,11.7,115,0.947,2206.95922,1,0,72,87
10/31/2021,18:00:00,11.6,62,0.947,1179.669321,1,0,74,91
10/31/2021,19:00:00,11.6,62,0.947,1179.669321,1,0,74,91
10/31/2021,20:00:00,11.6,55,0.947,1046.480849,1,0,74,91
10/31/2021,21:00:00,11.7,51,0.947,978.7384369,1,0,69,92
10/31/2021,22:00:00,11.7,45,0.947,863.5927384,1,0,69,92
10/31/2021,23:00:00,11.7,45,0.947,863.5927384,1,0,69,92
11/1/2021,0:00:00,11.6,83,0.94,1567.561406,0,1,74,63
11/1/2021,1:00:00,11.6,83,0.94,1567.561406,0,1,74,63
11/1/2021,2:00:00,11.5,83,0.94,1554.047946,0,1,74,63
11/1/2021,3:00:00,11.5,83,0.94,1554.047946,0,1,86,30
11/1/2021,4:00:00,11.4,83,0.94,1540.534486,0,1,86,30
11/1/2021,5:00:00,11.5,97,0.94,1816.176515,0,1,86,30
11/1/2021,6:00:00,11.4,105,0.94,1948.868928,0,1,90,26
11/1/2021,7:00:00,11.4,116,0.94,2153.036149,0,1,90,26
11/1/2021,8:00:00,11.4,116,0.94,2153.036149,0,1,90,26
11/1/2021,9:00:00,11.4,117,0.94,2171.596805,0,1,81,42
11/1/2021,10:00:00,11.4,124,0.94,2301.5214,0,1,81,42
11/1/2021,11:00:00,11.4,122,0.94,2264.400087,0,1,81,42
11/1/2021,12:00:00,11.4,124,0.94,2301.5214,0,1,73,67
11/1/2021,13:00:00,11.4,122,0.94,2264.400087,0,1,73,67
11/1/2021,14:00:00,11.4,114,0.94,2115.914836,0,1,73,67
11/1/2021,15:00:00,11.4,114,0.94,2115.914836,0,1,70,85
11/1/2021,16:00:00,11.5,114,0.94,2134.475492,0,1,70,85
11/1/2021,17:00:00,11.6,114,0.94,2153.036149,0,1,70,85
11/1/2021,18:00:00,11.7,62,0.94,1181.043876,0,1,72,91
11/1/2021,19:00:00,11.7,59,0.94,1123.896592,0,1,72,91
11/1/2021,20:00:00,11.7,57,0.94,1085.798403,0,1,72,91
11/1/2021,21:00:00,11.7,53,0.94,1009.602023,0,1,68,87
11/1/2021,22:00:00,11.7,45,0.94,857.2092652,0,1,68,87
11/1/2021,23:00:00,11.8,45,0.94,864.5358401,0,1,68,87
11/2/2021,0:00:00,11.7,83,0.94,1581.074867,0,1,72,89
11/2/2021,1:00:00,11.7,83,0.94,1581.074867,0,1,72,89
11/2/2021,2:00:00,11.7,83,0.94,1581.074867,0,1,72,89
11/2/2021,3:00:00,11.7,83,0.94,1581.074867,0,1,76,67
11/2/2021,4:00:00,11.7,90,0.94,1714.41853,0,1,76,67
11/2/2021,5:00:00,11.6,101,0.94,1907.514483,0,1,76,67
11/2/2021,6:00:00,11.6,111,0.94,2096.377303,0,1,79,62
11/2/2021,7:00:00,11.6,111,0.94,2096.377303,0,1,79,62
11/2/2021,8:00:00,11.5,108,0.94,2022.134677,0,1,79,62
11/2/2021,9:00:00,11.6,101,0.94,1907.514483,0,1,80,62
11/2/2021,10:00:00,11.6,105,0.94,1983.059611,0,1,80,62
11/2/2021,11:00:00,11.6,105,0.94,1983.059611,0,1,80,62
11/2/2021,12:00:00,11.6,105,0.94,1983.059611,0,1,75,80
11/2/2021,13:00:00,11.7,97,0.94,1847.762194,0,1,75,80
11/2/2021,14:00:00,11.7,97,0.94,1847.762194,0,1,75,80
11/2/2021,15:00:00,11.8,112,0.94,2151.733646,0,1,73,89
11/2/2021,16:00:00,11.8,102,0.94,1959.614571,0,1,73,89
11/2/2021,17:00:00,11.8,111,0.94,2132.521739,0,1,73,89
11/2/2021,18:00:00,11.8,62,0.94,1191.138269,0,1,70,85
11/2/2021,19:00:00,11.8,59,0.94,1133.502546,0,1,70,85
11/2/2021,20:00:00,11.8,56,0.94,1075.866823,0,1,70,85
11/2/2021,21:00:00,11.8,52,0.94,999.019193,0,1,71,95
11/2/2021,22:00:00,11.8,45,0.94,864.5358401,0,1,71,95
11/2/2021,23:00:00,11.8,45,0.94,864.5358401,0,1,71,95
11/3/2021,0:00:00,11.7,79,0.9,1440.841105,0,1,75,87
11/3/2021,1:00:00,11.7,79,0.9,1440.841105,0,1,75,87
11/3/2021,2:00:00,11.7,79,0.9,1440.841105,0,1,75,87
11/3/2021,3:00:00,11.7,69,0.9,1258.456155,0,1,85,57
11/3/2021,4:00:00,11.7,69,0.9,1258.456155,0,1,85,57
11/3/2021,5:00:00,11.6,71,0.9,1283.865341,0,1,85,57
11/3/2021,6:00:00,11.6,102,0.9,1844.426264,0,1,89,49
11/3/2021,7:00:00,11.7,107,0.9,1951.518965,0,1,89,49
11/3/2021,8:00:00,11.7,115,0.9,2097.426925,0,1,89,49
11/3/2021,9:00:00,11.8,115,0.9,2115.353651,0,1,85,64
11/3/2021,10:00:00,11.8,115,0.9,2115.353651,0,1,85,64
11/3/2021,11:00:00,11.7,114,0.9,2079.18843,0,1,85,64
11/3/2021,12:00:00,11.7,112,0.9,2042.71144,0,1,78,86
11/3/2021,13:00:00,11.5,110,0.9,1971.939844,0,1,78,86
11/3/2021,14:00:00,11.8,104,0.9,1913.015476,0,1,78,86
11/3/2021,15:00:00,11.8,89,0.9,1637.099782,0,1,77,88
11/3/2021,16:00:00,11.8,78,0.9,1434.761607,0,1,77,88
11/3/2021,17:00:00,11.7,71,0.9,1294.933145,0,1,77,88
11/3/2021,18:00:00,11.8,61,0.9,1122.057154,0,1,72,93
11/3/2021,19:00:00,11.7,58,0.9,1057.83271,0,1,72,93
11/3/2021,20:00:00,11.7,53,0.9,966.6402352,0,1,72,93
11/3/2021,21:00:00,11.8,50,0.9,919.7189788,0,1,73,92
11/3/2021,22:00:00,11.8,45,0.9,827.7470809,0,1,73,92
11/3/2021,23:00:00,11.8,45,0.9,827.7470809,0,1,73,92
11/4/2021,0:00:00,11.7,79,0.91,1456.850451,0,1,78,88
11/4/2021,1:00:00,11.7,79,0.91,1456.850451,0,1,78,88
11/4/2021,2:00:00,11.7,79,0.91,1456.850451,0,1,78,88
11/4/2021,3:00:00,11.7,79,0.91,1456.850451,0,1,85,67
11/4/2021,4:00:00,11.7,94,0.91,1733.467625,0,1,85,67
11/4/2021,5:00:00,11.6,94,0.91,1718.651663,0,1,85,67
11/4/2021,6:00:00,11.6,105,0.91,1919.770474,0,1,89,43
11/4/2021,7:00:00,11.7,117,0.91,2157.613959,0,1,89,43
11/4/2021,8:00:00,11.7,119,0.91,2194.496249,0,1,89,43
11/4/2021,9:00:00,11.8,124,0.91,2306.246435,0,1,85,59
11/4/2021,10:00:00,11.8,122,0.91,2269.048912,0,1,85,59
11/4/2021,11:00:00,11.7,107,0.91,1973.202509,0,1,85,59
11/4/2021,12:00:00,11.7,112,0.91,2065.408234,0,1,80,79
11/4/2021,13:00:00,11.5,116,0.91,2102.605757,0,1,80,79
11/4/2021,14:00:00,11.8,120,0.91,2231.851389,0,1,80,79
11/4/2021,15:00:00,11.8,117,0.91,2176.055104,0,1,77,90
11/4/2021,16:00:00,11.8,114,0.91,2120.258819,0,1,77,90
11/4/2021,17:00:00,11.7,113,0.91,2083.849379,0,1,77,90
11/4/2021,18:00:00,11.8,62,0.91,1153.123217,0,1,76,91
11/4/2021,19:00:00,11.7,61,0.91,1124.909842,0,1,76,91
11/4/2021,20:00:00,11.7,58,0.91,1069.586407,0,1,76,91
11/4/2021,21:00:00,11.8,56,0.91,1041.530648,0,1,73,92
11/4/2021,22:00:00,11.8,51,0.91,948.5368402,0,1,73,92
11/4/2021,23:00:00,11.8,49,0.91,911.339317,0,1,73,92
11/5/2021,0:00:00,11.6,73,0.95,1393.365593,0,1,78,91
11/5/2021,1:00:00,11.6,73,0.95,1393.365593,0,1,78,91
11/5/2021,2:00:00,11.6,73,0.95,1393.365593,0,1,78,91
11/5/2021,3:00:00,11.8,73,0.95,1417.389137,0,1,84,64
11/5/2021,4:00:00,11.5,73,0.95,1381.35382,0,1,84,64
11/5/2021,5:00:00,11.5,86,0.95,1627.348336,0,1,84,64
11/5/2021,6:00:00,11.7,99,0.95,1905.922728,0,1,90,43
11/5/2021,7:00:00,11.7,113,0.95,2175.447154,0,1,90,43
11/5/2021,8:00:00,11.7,115,0.95,2213.950644,0,1,90,43
11/5/2021,9:00:00,11.7,115,0.95,2213.950644,0,1,84,45
11/5/2021,10:00:00,11.7,112,0.95,2156.195409,0,1,84,45
11/5/2021,11:00:00,11.7,112,0.95,2156.195409,0,1,84,45
11/5/2021,12:00:00,11.7,112,0.95,2156.195409,0,1,76,80
11/5/2021,13:00:00,11.7,112,0.95,2156.195409,0,1,76,80
11/5/2021,14:00:00,11.8,107,0.95,2077.542982,0,1,76,80
11/5/2021,15:00:00,11.7,107,0.95,2059.936686,0,1,72,91
11/5/2021,16:00:00,11.7,99,0.95,1905.922728,0,1,72,91
11/5/2021,17:00:00,11.8,101,0.95,1961.045245,0,1,72,91
11/5/2021,18:00:00,11.7,61,0.95,1174.356428,0,1,76,93
11/5/2021,19:00:00,11.7,61,0.95,1174.356428,0,1,76,93
11/5/2021,20:00:00,11.7,57,0.95,1097.349449,0,1,76,93
11/5/2021,21:00:00,11.7,54,0.95,1039.594215,0,1,68,94
11/5/2021,22:00:00,11.7,45,0.95,866.3285127,0,1,68,94
11/5/2021,23:00:00,11.7,45,0.95,866.3285127,0,1,68,94
11/6/2021,0:00:00,11.7,64,0.98,1271.020452,0,1,75,86
11/6/2021,1:00:00,11.7,64,0.98,1271.020452,0,1,75,86
11/6/2021,2:00:00,11.7,64,0.98,1271.020452,0,1,75,86
11/6/2021,3:00:00,11.6,64,0.98,1260.157029,0,1,83,47
11/6/2021,4:00:00,11.5,64,0.98,1249.293606,0,1,83,47
11/6/2021,5:00:00,11.4,68,0.98,1315.83207,0,1,83,47
11/6/2021,6:00:00,11.6,101,0.98,1988.685312,0,1,85,34
11/6/2021,7:00:00,11.6,107,0.98,2106.825033,0,1,85,34
11/6/2021,8:00:00,11.6,107,0.98,2106.825033,0,1,85,34
11/6/2021,9:00:00,11.6,100,0.98,1968.995358,0,1,81,48
11/6/2021,10:00:00,11.7,105,0.98,2085.267929,0,1,81,48
11/6/2021,11:00:00,11.6,107,0.98,2106.825033,0,1,81,48
11/6/2021,12:00:00,11.6,114,0.98,2244.654708,0,1,73,81
11/6/2021,13:00:00,11.6,122,0.98,2402.174337,0,1,73,81
11/6/2021,14:00:00,11.6,117,0.98,2303.724569,0,1,73,81
11/6/2021,15:00:00,11.5,112,0.98,2186.263811,0,1,70,91
11/6/2021,16:00:00,11.6,103,0.98,2028.065219,0,1,70,91
11/6/2021,17:00:00,11.7,104,0.98,2065.408234,0,1,70,91
11/6/2021,18:00:00,11.7,61,0.98,1211.441368,0,1,71,91
11/6/2021,19:00:00,11.7,61,0.98,1211.441368,0,1,71,91
11/6/2021,20:00:00,11.7,57,0.98,1132.00259,0,1,71,91
11/6/2021,21:00:00,11.8,54,0.98,1081.589519,0,1,67,94
11/6/2021,22:00:00,11.8,47,0.98,941.3834703,0,1,67,94
11/6/2021,23:00:00,11.8,45,0.98,901.3245992,0,1,67,94
11/7/2021,0:00:00,11.7,69,0.88,1230.490463,1,1,72,80
11/7/2021,1:00:00,11.7,67,0.88,1194.824073,1,1,72,80
11/7/2021,2:00:00,11.7,67,0.88,1194.824073,1,1,72,80
11/7/2021,3:00:00,11.6,66,0.88,1166.931126,1,1,85,37
11/7/2021,4:00:00,11.5,66,0.88,1156.871375,1,1,85,37
11/7/2021,5:00:00,11.5,70,0.88,1226.984792,1,1,85,37
11/7/2021,6:00:00,11.6,90,0.88,1591.269718,1,1,87,33
11/7/2021,7:00:00,11.5,103,0.88,1805.42048,1,1,87,33
11/7/2021,8:00:00,11.6,107,0.88,1891.842887,1,1,87,33
11/7/2021,9:00:00,11.6,112,0.88,1980.24676,1,1,81,37
11/7/2021,10:00:00,11.6,117,0.88,2068.650633,1,1,81,37
11/7/2021,11:00:00,11.4,117,0.88,2032.984243,1,1,81,37
11/7/2021,12:00:00,11.5,115,0.88,2015.76073,1,1,69,71
11/7/2021,13:00:00,11.6,129,0.88,2280.819929,1,1,69,71
11/7/2021,14:00:00,11.6,129,0.88,2280.819929,1,1,69,71
11/7/2021,15:00:00,11.6,124,0.88,2192.416056,1,1,67,79
11/7/2021,16:00:00,11.6,117,0.88,2068.650633,1,1,67,79
11/7/2021,17:00:00,11.6,109,0.88,1927.204436,1,1,67,79
11/7/2021,18:00:00,11.7,63,0.88,1123.491292,1,1,69,92
11/7/2021,19:00:00,11.7,63,0.88,1123.491292,1,1,69,92
11/7/2021,20:00:00,11.7,58,0.88,1034.325317,1,1,69,92
11/7/2021,21:00:00,11.7,52,0.88,927.326146,1,1,64,94
11/7/2021,22:00:00,11.7,45,0.88,802.4937802,1,1,64,94
11/7/2021,23:00:00,11.8,45,0.88,809.3527014,1,1,64,94
11/8/2021,0:00:00,11.7,67,0.94,1276.28935,0,1,69,79
11/8/2021,1:00:00,11.7,67,0.94,1276.28935,0,1,69,79
11/8/2021,2:00:00,11.7,67,0.94,1276.28935,0,1,69,79
11/8/2021,3:00:00,11.7,66,0.94,1257.240256,0,1,78,34
11/8/2021,4:00:00,11.7,73,0.94,1390.583919,0,1,78,34
11/8/2021,5:00:00,11.7,79,0.94,1504.878488,0,1,78,34
11/8/2021,6:00:00,11.6,92,0.94,1737.537945,0,1,82,25
11/8/2021,7:00:00,11.5,104,0.94,1947.2408,0,1,82,25
11/8/2021,8:00:00,11.5,94,0.94,1760.006108,0,1,82,25
11/8/2021,9:00:00,11.6,113,0.94,2134.149867,0,1,77,33
11/8/2021,10:00:00,11.6,114,0.94,2153.036149,0,1,77,33
11/8/2021,11:00:00,11.6,114,0.94,2153.036149,0,1,77,33
11/8/2021,12:00:00,11.5,108,0.94,2022.134677,0,1,68,71
11/8/2021,13:00:00,11.6,108,0.94,2039.718457,0,1,68,71
11/8/2021,14:00:00,11.5,110,0.94,2059.581615,0,1,68,71
11/8/2021,15:00:00,11.4,113,0.94,2097.354179,0,1,65,81
11/8/2021,16:00:00,11.5,103,0.94,1928.517331,0,1,65,81
11/8/2021,17:00:00,11.5,103,0.94,1928.517331,0,1,65,81
11/8/2021,18:00:00,11.7,62,0.94,1181.043876,0,1,64,90
11/8/2021,19:00:00,11.8,62,0.94,1191.138269,0,1,64,90
11/8/2021,20:00:00,11.8,56,0.94,1075.866823,0,1,64,90
11/8/2021,21:00:00,11.7,52,0.94,990.5529286,0,1,64,94
11/8/2021,22:00:00,11.8,45,0.94,864.5358401,0,1,64,94
11/8/2021,23:00:00,11.8,45,0.94,864.5358401,0,1,64,94
11/9/2021,0:00:00,11.7,67,0.89,1208.401619,0,1,69,78
11/9/2021,1:00:00,11.7,67,0.89,1208.401619,0,1,69,78
11/9/2021,2:00:00,11.6,67,0.89,1198.0734,0,1,69,78
11/9/2021,3:00:00,11.6,67,0.89,1198.0734,0,1,78,41
11/9/2021,4:00:00,11.6,68,0.89,1215.955093,0,1,78,41
11/9/2021,5:00:00,11.5,71,0.89,1258.655341,0,1,78,41
11/9/2021,6:00:00,11.6,87,0.89,1555.707251,0,1,82,37
11/9/2021,7:00:00,11.5,107,0.89,1896.846782,0,1,82,37
11/9/2021,8:00:00,11.6,106,0.89,1895.459409,0,1,82,37
11/9/2021,9:00:00,11.6,103,0.89,1841.814331,0,1,77,50
11/9/2021,10:00:00,11.5,105,0.89,1861.391702,0,1,77,50
11/9/2021,11:00:00,11.6,135,0.89,2414.028493,0,1,77,50
11/9/2021,12:00:00,11.6,132,0.89,2360.383415,0,1,71,72
11/9/2021,13:00:00,11.6,102,0.89,1823.932639,0,1,71,72
11/9/2021,14:00:00,11.6,107,0.89,1913.341101,0,1,71,72
11/9/2021,15:00:00,11.6,95,0.89,1698.760791,0,1,68,87
11/9/2021,16:00:00,11.6,102,0.89,1823.932639,0,1,68,87
11/9/2021,17:00:00,11.7,107,0.89,1929.835421,0,1,68,87
11/9/2021,18:00:00,11.7,63,0.89,1136.258239,0,1,65,90
11/9/2021,19:00:00,11.7,63,0.89,1136.258239,0,1,65,90
11/9/2021,20:00:00,11.7,58,0.89,1046.079013,0,1,65,90
11/9/2021,21:00:00,11.7,52,0.89,937.8639431,0,1,63,94
11/9/2021,22:00:00,11.7,45,0.89,811.6130277,0,1,63,94
11/9/2021,23:00:00,11.8,44,0.89,800.3598936,0,1,63,94
11/10/2021,0:00:00,11.7,74,0.92,1379.640822,0,1,71,82
11/10/2021,1:00:00,11.7,74,0.92,1379.640822,0,1,71,82
11/10/2021,2:00:00,11.7,74,0.92,1379.640822,0,1,71,82
11/10/2021,3:00:00,11.6,74,0.92,1367.84902,0,1,84,35
11/10/2021,4:00:00,11.6,74,0.92,1367.84902,0,1,84,35
11/10/2021,5:00:00,11.5,84,0.92,1539.308194,0,1,84,35
11/10/2021,6:00:00,11.7,95,0.92,1771.160515,0,1,86,34
11/10/2021,7:00:00,11.6,108,0.92,1996.320192,0,1,86,34
11/10/2021,8:00:00,11.6,103,0.92,1903.89796,0,1,86,34
11/10/2021,9:00:00,11.6,101,0.92,1866.929068,0,1,81,39
11/10/2021,10:00:00,11.6,98,0.92,1811.475729,0,1,81,39
11/10/2021,11:00:00,11.5,108,0.92,1979.110535,0,1,81,39
11/10/2021,12:00:00,11.6,103,0.92,1903.89796,0,1,71,65
11/10/2021,13:00:00,11.7,100,0.92,1864.379489,0,1,71,65
11/10/2021,14:00:00,11.6,103,0.92,1903.89796,0,1,71,65
11/10/2021,15:00:00,11.6,103,0.92,1903.89796,0,1,69,78
11/10/2021,16:00:00,11.6,100,0.92,1848.444622,0,1,69,78
11/10/2021,17:00:00,11.7,99,0.92,1845.735694,0,1,69,78
11/10/2021,18:00:00,11.7,60,0.92,1118.627694,0,1,66,90
11/10/2021,19:00:00,11.8,57,0.92,1071.779183,0,1,66,90
11/10/2021,20:00:00,11.8,48,0.92,902.5508912,0,1,66,90
11/10/2021,21:00:00,11.8,45,0.92,846.1414605,0,1,67,88
11/10/2021,22:00:00,11.8,45,0.92,846.1414605,0,1,67,88
11/10/2021,23:00:00,11.8,45,0.92,846.1414605,0,1,67,88
11/11/2021,0:00:00,11.6,69,0.93,1289.290124,0,1,73,72
11/11/2021,1:00:00,11.6,69,0.93,1289.290124,0,1,73,72
11/11/2021,2:00:00,11.6,69,0.93,1289.290124,0,1,73,72
11/11/2021,3:00:00,11.5,71,0.93,1315.22412,0,1,80,44
11/11/2021,4:00:00,11.4,75,0.93,1377.2402,0,1,80,44
11/11/2021,5:00:00,11.6,81,0.93,1513.514493,0,1,80,44
11/11/2021,6:00:00,11.6,89,0.93,1662.997406,0,1,83,38
11/11/2021,7:00:00,11.6,105,0.93,1961.963232,0,1,83,38
11/11/2021,8:00:00,11.6,105,0.93,1961.963232,0,1,83,38
11/11/2021,9:00:00,11.5,107,0.93,1982.098322,0,1,81,45
11/11/2021,10:00:00,11.5,105,0.93,1945.049756,0,1,81,45
11/11/2021,11:00:00,11.5,105,0.93,1945.049756,0,1,81,45
11/11/2021,12:00:00,11.5,105,0.93,1945.049756,0,1,76,72
11/11/2021,13:00:00,11.5,105,0.93,1945.049756,0,1,76,72
11/11/2021,14:00:00,11.6,105,0.93,1961.963232,0,1,76,72
11/11/2021,15:00:00,11.6,105,0.93,1961.963232,0,1,77,62
11/11/2021,16:00:00,11.7,94,0.93,1771.565815,0,1,77,62
11/11/2021,17:00:00,11.7,100,0.93,1884.644484,0,1,77,62
11/11/2021,18:00:00,11.7,60,0.93,1130.78669,0,1,69,83
11/11/2021,19:00:00,11.7,57,0.93,1074.247356,0,1,69,83
11/11/2021,20:00:00,11.7,48,0.93,904.6293522,0,1,69,83
11/11/2021,21:00:00,11.7,45,0.93,848.0900177,0,1,74,79
11/11/2021,22:00:00,11.7,45,0.93,848.0900177,0,1,74,79
11/11/2021,23:00:00,11.7,45,0.93,848.0900177,0,1,74,79
11/12/2021,0:00:00,11.6,87,0.93,1625.626678,0,1,77,71
11/12/2021,1:00:00,11.6,87,0.93,1625.626678,0,1,77,71
11/12/2021,2:00:00,11.6,87,0.93,1625.626678,0,1,77,71
11/12/2021,3:00:00,11.5,87,0.93,1611.612655,0,1,85,58
11/12/2021,4:00:00,11.5,87,0.93,1611.612655,0,1,85,58
11/12/2021,5:00:00,11.6,89,0.93,1662.997406,0,1,85,58
11/12/2021,6:00:00,11.6,105,0.93,1961.963232,0,1,86,51
11/12/2021,7:00:00,11.3,108,0.93,1965.829169,0,1,86,51
11/12/2021,8:00:00,11.4,108,0.93,1983.225887,0,1,86,51
11/12/2021,9:00:00,11.4,107,0.93,1964.862685,0,1,82,63
11/12/2021,10:00:00,11.4,109,0.93,2001.58909,0,1,82,63
11/12/2021,11:00:00,11.5,107,0.93,1982.098322,0,1,82,63
11/12/2021,12:00:00,11.5,106,0.93,1963.574039,0,1,80,73
11/12/2021,13:00:00,11.5,102,0.93,1889.476905,0,1,80,73
11/12/2021,14:00:00,11.5,98,0.93,1815.379772,0,1,80,73
11/12/2021,15:00:00,11.6,94,0.93,1756.424227,0,1,78,85
11/12/2021,16:00:00,11.6,91,0.93,1700.368134,0,1,78,85
11/12/2021,17:00:00,11.7,95,0.93,1790.41226,0,1,78,85
11/12/2021,18:00:00,11.7,61,0.93,1149.633135,0,1,75,73
11/12/2021,19:00:00,11.7,60,0.93,1130.78669,0,1,75,73
11/12/2021,20:00:00,11.7,56,0.93,1055.400911,0,1,75,73
11/12/2021,21:00:00,11.8,48,0.93,912.361227,0,1,76,90
11/12/2021,22:00:00,11.8,46,0.93,874.3461759,0,1,76,90
11/12/2021,23:00:00,11.8,45,0.93,855.3386503,0,1,76,90
11/13/2021,0:00:00,11.6,74,0.89,1323.245248,0,1,79,85
11/13/2021,1:00:00,11.6,74,0.89,1323.245248,0,1,79,85
11/13/2021,2:00:00,11.6,74,0.89,1323.245248,0,1,79,85
11/13/2021,3:00:00,11.6,74,0.89,1323.245248,0,1,84,65
11/13/2021,4:00:00,11.6,80,0.89,1430.535403,0,1,84,65
11/13/2021,5:00:00,11.4,86,0.89,1511.311324,0,1,84,65
11/13/2021,6:00:00,11.5,90,0.89,1595.478601,0,1,85,62
11/13/2021,7:00:00,11.6,90,0.89,1609.352328,0,1,85,62
11/13/2021,8:00:00,11.6,93,0.89,1662.997406,0,1,85,62
11/13/2021,9:00:00,11.5,104,0.89,1843.664162,0,1,84,68
11/13/2021,10:00:00,11.5,109,0.89,1932.301862,0,1,84,68
11/13/2021,11:00:00,11.6,38,0.89,679.5043164,0,1,84,68
11/13/2021,12:00:00,11.8,98,0.89,1782.619763,0,1,81,81
11/13/2021,13:00:00,11.8,88,0.89,1600.719787,0,1,81,81
11/13/2021,14:00:00,11.7,82,0.89,1478.939295,0,1,81,81
11/13/2021,15:00:00,11.7,84,0.89,1515.010985,0,1,79,88
11/13/2021,16:00:00,11.7,76,0.89,1370.724225,0,1,79,88
11/13/2021,17:00:00,11.8,79,0.89,1437.009809,0,1,79,88
11/13/2021,18:00:00,11.7,62,0.89,1118.222394,0,1,76,86
11/13/2021,19:00:00,11.7,62,0.89,1118.222394,0,1,76,86
11/13/2021,20:00:00,11.7,52,0.89,937.8639431,0,1,76,86
11/13/2021,21:00:00,11.8,51,0.89,927.6898766,0,1,78,82
11/13/2021,22:00:00,11.8,46,0.89,836.7398887,0,1,78,82
11/13/2021,23:00:00,11.8,44,0.89,800.3598936,0,1,78,82
11/14/2021,0:00:00,11.7,57,0.94,1085.798403,1,1,79,91
11/14/2021,1:00:00,11.7,57,0.94,1085.798403,1,1,79,91
11/14/2021,2:00:00,11.6,57,0.94,1076.518074,1,1,79,91
11/14/2021,3:00:00,11.6,58,0.94,1095.404356,1,1,83,71
11/14/2021,4:00:00,11.6,58,0.94,1095.404356,1,1,83,71
11/14/2021,5:00:00,11.6,66,0.94,1246.494612,1,1,83,71
11/14/2021,6:00:00,11.6,85,0.94,1605.33397,1,1,83,70
11/14/2021,7:00:00,11.7,87,0.94,1657.271246,1,1,83,70
11/14/2021,8:00:00,11.7,101,0.94,1923.958573,1,1,83,70
11/14/2021,9:00:00,11.6,100,0.94,1888.628201,1,1,84,69
11/14/2021,10:00:00,11.6,107,0.94,2020.832175,1,1,84,69
11/14/2021,11:00:00,11.6,107,0.94,2020.832175,1,1,84,69
11/14/2021,12:00:00,11.6,105,0.94,1983.059611,1,1,80,83
11/14/2021,13:00:00,11.6,105,0.94,1983.059611,1,1,80,83
11/14/2021,14:00:00,11.6,105,0.94,1983.059611,1,1,80,83
11/14/2021,15:00:00,11.6,114,0.94,2153.036149,1,1,78,90
11/14/2021,16:00:00,11.6,105,0.94,1983.059611,1,1,78,90
11/14/2021,17:00:00,11.8,116,0.94,2228.581277,1,1,78,90
11/14/2021,18:00:00,11.7,61,0.94,1161.994782,1,1,78,82
11/14/2021,19:00:00,11.7,60,0.94,1142.945687,1,1,78,82
11/14/2021,20:00:00,11.7,55,0.94,1047.700213,1,1,78,82
11/14/2021,21:00:00,11.7,50,0.94,952.4547391,1,1,76,93
11/14/2021,22:00:00,11.7,44,0.94,838.1601704,1,1,76,93
11/14/2021,23:00:00,11.7,44,0.94,838.1601704,1,1,76,93
11/15/2021,0:00:00,11.6,82,0.99,1631.051461,0,1,80,89
11/15/2021,1:00:00,11.6,82,0.99,1631.051461,0,1,80,89
11/15/2021,2:00:00,11.6,67,0.99,1332.688389,0,1,80,89
11/15/2021,3:00:00,11.6,67,0.99,1332.688389,0,1,82,67
11/15/2021,4:00:00,11.6,67,0.99,1332.688389,0,1,82,67
11/15/2021,5:00:00,11.5,68,0.99,1340.919094,0,1,82,67
11/15/2021,6:00:00,11.5,100,0.99,1971.939844,0,1,88,53
11/15/2021,7:00:00,11.5,103,0.99,2031.09804,0,1,88,53
11/15/2021,8:00:00,11.5,78,0.99,1538.113079,0,1,88,53
11/15/2021,9:00:00,11.5,100,0.99,1971.939844,0,1,86,56
11/15/2021,10:00:00,11.6,108,0.99,2148.214119,0,1,86,56
11/15/2021,11:00:00,11.6,98,0.99,1949.305404,0,1,86,56
11/15/2021,12:00:00,11.6,98,0.99,1949.305404,0,1,81,78
11/15/2021,13:00:00,11.6,91,0.99,1810.069304,0,1,81,78
11/15/2021,14:00:00,11.6,87,0.99,1730.505818,0,1,81,78
11/15/2021,15:00:00,11.7,87,0.99,1745.423972,0,1,80,87
11/15/2021,16:00:00,11.6,84,0.99,1670.833204,0,1,80,87
11/15/2021,17:00:00,11.5,74,0.99,1459.235485,0,1,80,87
11/15/2021,18:00:00,11.7,62,0.99,1243.865359,0,1,77,91
11/15/2021,19:00:00,11.7,62,0.99,1243.865359,0,1,77,91
11/15/2021,20:00:00,11.7,54,0.99,1083.366603,0,1,77,91
11/15/2021,21:00:00,11.7,52,0.99,1043.241914,0,1,75,93
11/15/2021,22:00:00,11.8,48,0.99,971.2232416,0,1,75,93
11/15/2021,23:00:00,11.8,46,0.99,930.7556066,0,1,75,93
11/16/2021,0:00:00,11.7,44,0.77,686.5780119,0,1,77,93
11/16/2021,1:00:00,11.7,44,0.77,686.5780119,0,1,77,93
11/16/2021,2:00:00,11.7,44,0.77,686.5780119,0,1,77,93
11/16/2021,3:00:00,11.7,44,0.77,686.5780119,0,1,86,83
11/16/2021,4:00:00,11.6,62,0.77,959.1820244,0,1,86,83
11/16/2021,5:00:00,11.6,70,0.77,1082.947447,0,1,86,83
11/16/2021,6:00:00,11.5,74,0.77,1134.960933,0,1,86,62
11/16/2021,7:00:00,11.5,72,0.77,1104.286313,0,1,86,62
11/16/2021,8:00:00,11.4,72,0.77,1094.683823,0,1,86,62
11/16/2021,9:00:00,11.4,72,0.77,1094.683823,0,1,84,75
11/16/2021,10:00:00,11.4,70,0.77,1064.275939,0,1,84,75
11/16/2021,11:00:00,11.4,68,0.77,1033.868055,0,1,84,75
11/16/2021,12:00:00,11.5,66,0.77,1012.262453,0,1,80,85
11/16/2021,13:00:00,11.5,68,0.77,1042.937073,0,1,80,85
11/16/2021,14:00:00,11.8,70,0.77,1101.618955,0,1,80,85
11/16/2021,15:00:00,11.5,66,0.77,1012.262453,0,1,79,90
11/16/2021,16:00:00,11.5,86,0.77,1319.008651,0,1,79,90
11/16/2021,17:00:00,11.6,90,0.77,1392.361003,0,1,79,90
11/16/2021,18:00:00,11.6,62,0.77,959.1820244,0,1,78,90
11/16/2021,19:00:00,11.6,61,0.77,943.7113466,0,1,78,90
11/16/2021,20:00:00,11.6,59,0.77,912.769991,0,1,78,90
11/16/2021,21:00:00,11.7,56,0.77,873.8265606,0,1,77,91
11/16/2021,22:00:00,11.7,52,0.77,811.4103777,0,1,77,91
11/16/2021,23:00:00,11.7,47,0.77,733.3901491,0,1,77,91
11/17/2021,0:00:00,11.7,72,0.85,1240.21766,0,1,80,90
11/17/2021,1:00:00,11.7,72,0.85,1240.21766,0,1,80,90
11/17/2021,2:00:00,11.7,72,0.85,1240.21766,0,1,80,90
11/17/2021,3:00:00,11.7,72,0.85,1240.21766,0,1,87,56
11/17/2021,4:00:00,11.6,72,0.85,1229.617509,0,1,87,56
11/17/2021,5:00:00,11.5,76,0.85,1286.740545,0,1,87,56
11/17/2021,6:00:00,11.4,78,0.85,1309.118641,0,1,87,52
11/17/2021,7:00:00,11.4,84,0.85,1409.820075,0,1,87,52
11/17/2021,8:00:00,11.5,78,0.85,1320.602138,0,1,87,52
11/17/2021,9:00:00,11.4,90,0.85,1510.521509,0,1,86,61
11/17/2021,10:00:00,11.4,90,0.85,1510.521509,0,1,86,61
11/17/2021,11:00:00,11.5,78,0.85,1320.602138,0,1,86,61
11/17/2021,12:00:00,11.7,78,0.85,1343.569132,0,1,82,84
11/17/2021,13:00:00,11.7,78,0.85,1343.569132,0,1,82,84
11/17/2021,14:00:00,11.7,84,0.85,1446.920604,0,1,82,84
11/17/2021,15:00:00,11.7,84,0.85,1446.920604,0,1,80,88
11/17/2021,16:00:00,11.5,107,0.85,1811.595241,0,1,80,88
11/17/2021,17:00:00,11.6,66,0.85,1127.149384,0,1,80,88
11/17/2021,18:00:00,11.4,62,0.85,1040.581484,0,1,78,91
11/17/2021,19:00:00,11.6,61,0.85,1041.759279,0,1,78,91
11/17/2021,20:00:00,11.6,59,0.85,1007.603237,0,1,78,91
11/17/2021,21:00:00,11.6,56,0.85,956.3691739,0,1,78,92
11/17/2021,22:00:00,11.6,51,0.85,870.9790691,0,1,78,92
11/17/2021,23:00:00,11.6,46,0.85,785.5889643,0,1,78,92
11/18/2021,0:00:00,11.6,82,0.93,1532.199857,0,1,81,89
11/18/2021,1:00:00,11.6,82,0.93,1532.199857,0,1,81,89
11/18/2021,2:00:00,11.6,82,0.93,1532.199857,0,1,81,89
11/18/2021,3:00:00,11.6,82,0.93,1532.199857,0,1,86,63
11/18/2021,4:00:00,11.4,82,0.93,1505.782618,0,1,86,63
11/18/2021,5:00:00,11.3,83,0.93,1510.776121,0,1,86,63
11/18/2021,6:00:00,11.6,84,0.93,1569.570585,0,1,88,53
11/18/2021,7:00:00,11.6,89,0.93,1662.997406,0,1,88,53
11/18/2021,8:00:00,11.5,96,0.93,1778.331205,0,1,88,53
11/18/2021,9:00:00,11.7,84,0.93,1583.101366,0,1,80,87
11/18/2021,10:00:00,11.7,79,0.93,1488.869142,0,1,80,87
11/18/2021,11:00:00,11.7,79,0.93,1488.869142,0,1,80,87
11/18/2021,12:00:00,11.8,81,0.93,1539.609571,0,1,78,90
11/18/2021,13:00:00,11.2,81,0.93,1461.324338,0,1,78,90
11/18/2021,14:00:00,11.6,79,0.93,1476.143765,0,1,78,90
11/18/2021,15:00:00,11.7,81,0.93,1526.562032,0,1,79,92
11/18/2021,16:00:00,11.7,81,0.93,1526.562032,0,1,79,92
11/18/2021,17:00:00,11.6,81,0.93,1513.514493,0,1,79,92
11/18/2021,18:00:00,11.5,61,0.93,1129.981287,0,1,75,88
11/18/2021,19:00:00,11.5,61,0.93,1129.981287,0,1,75,88
11/18/2021,20:00:00,11.5,57,0.93,1055.884153,0,1,75,88
11/18/2021,21:00:00,11.5,52,0.93,963.2627361,0,1,75,88
11/18/2021,22:00:00,11.6,45,0.93,840.841385,0,1,75,88
11/18/2021,23:00:00,11.6,45,0.93,840.841385,0,1,75,88
11/19/2021,0:00:00,11.6,70,0.84,1181.397215,0,1,77,75
11/19/2021,1:00:00,11.8,70,0.84,1201.766132,0,1,77,75
11/19/2021,2:00:00,11.6,70,0.84,1181.397215,0,1,77,75
11/19/2021,3:00:00,11.5,74,0.84,1238.139199,0,1,85,59
11/19/2021,4:00:00,11.5,75,0.84,1254.87081,0,1,85,59
11/19/2021,5:00:00,11.4,79,0.84,1310.303364,0,1,85,59
11/19/2021,6:00:00,11.4,78,0.84,1293.717246,0,1,86,53
11/19/2021,7:00:00,11.4,86,0.84,1426.406194,0,1,86,53
11/19/2021,8:00:00,11.8,99,0.84,1699.640673,0,1,86,53
11/19/2021,9:00:00,11.6,79,0.84,1333.291142,0,1,84,61
11/19/2021,10:00:00,11.7,77,0.84,1310.739841,0,1,84,61
11/19/2021,11:00:00,11.5,67,0.84,1121.017924,0,1,84,61
11/19/2021,12:00:00,11.4,67,0.84,1111.269942,0,1,80,84
11/19/2021,13:00:00,11.4,78,0.84,1293.717246,0,1,80,84
11/19/2021,14:00:00,11.5,77,0.84,1288.334032,0,1,80,84
11/19/2021,15:00:00,11.5,67,0.84,1121.017924,0,1,78,88
11/19/2021,16:00:00,11.4,67,0.84,1111.269942,0,1,78,88
11/19/2021,17:00:00,11.6,79,0.84,1333.291142,0,1,78,88
11/19/2021,18:00:00,11.6,61,0.84,1029.503287,0,1,77,88
11/19/2021,19:00:00,11.6,59,0.84,995.7490811,0,1,77,88
11/19/2021,20:00:00,11.6,57,0.84,961.9948749,0,1,77,88
11/19/2021,21:00:00,11.6,52,0.84,877.6093596,0,1,77,90
11/19/2021,22:00:00,11.6,50,0.84,843.8551534,0,1,77,90
11/19/2021,23:00:00,11.6,47,0.84,793.2238442,0,1,77,90
11/20/2021,0:00:00,11.6,70,0.86,1209.52572,0,1,80,81
11/20/2021,1:00:00,11.6,70,0.86,1209.52572,0,1,80,81
11/20/2021,2:00:00,11.6,70,0.86,1209.52572,0,1,80,81
11/20/2021,3:00:00,11.6,70,0.86,1209.52572,0,1,82,70
11/20/2021,4:00:00,11.6,74,0.86,1278.641475,0,1,82,70
11/20/2021,5:00:00,11.5,74,0.86,1267.618704,0,1,82,70
11/20/2021,6:00:00,11.4,84,0.86,1426.406194,0,1,84,60
11/20/2021,7:00:00,11.4,78,0.86,1324.520037,0,1,84,60
11/20/2021,8:00:00,11.7,74,0.86,1289.664247,0,1,84,60
11/20/2021,9:00:00,11.7,76,0.86,1324.520037,0,1,82,60
11/20/2021,10:00:00,11.7,74,0.86,1289.664247,0,1,82,60
11/20/2021,11:00:00,11.5,74,0.86,1267.618704,0,1,82,60
11/20/2021,12:00:00,11.5,74,0.86,1267.618704,0,1,80,78
11/20/2021,13:00:00,11.5,74,0.86,1267.618704,0,1,80,78
11/20/2021,14:00:00,11.5,74,0.86,1267.618704,0,1,80,78
11/20/2021,15:00:00,11.5,74,0.86,1267.618704,0,1,78,86
11/20/2021,16:00:00,11.7,74,0.86,1289.664247,0,1,78,86
11/20/2021,17:00:00,11.8,67,0.86,1177.649057,0,1,78,86
11/20/2021,18:00:00,11.5,62,0.86,1062.058914,0,1,78,86
11/20/2021,19:00:00,11.6,59,0.86,1019.457393,0,1,76,93
11/20/2021,20:00:00,11.6,57,0.86,984.8995148,0,1,76,93
11/20/2021,21:00:00,11.6,54,0.86,933.0626982,0,1,76,93
11/20/2021,22:00:00,11.6,49,0.86,846.668004,0,1,76,93
11/20/2021,23:00:00,11.7,47,0.86,819.1110756,0,1,76,93
11/21/2021,0:00:00,11.6,77,0.87,1345.94897,1,1,80,83
11/21/2021,1:00:00,11.6,77,0.87,1345.94897,1,1,80,83
11/21/2021,2:00:00,11.6,77,0.87,1345.94897,1,1,80,83
11/21/2021,3:00:00,11.6,77,0.87,1345.94897,1,1,88,53
11/21/2021,4:00:00,11.6,77,0.87,1345.94897,1,1,88,53
11/21/2021,5:00:00,11.5,82,0.87,1420.991803,1,1,88,53
11/21/2021,6:00:00,11.5,82,0.87,1420.991803,1,1,88,50
11/21/2021,7:00:00,11.4,82,0.87,1408.635353,1,1,88,50
11/21/2021,8:00:00,11.6,88,0.87,1538.227394,1,1,88,50
11/21/2021,9:00:00,11.6,89,0.87,1555.707251,1,1,84,65
11/21/2021,10:00:00,11.7,93,0.87,1639.640701,1,1,84,65
11/21/2021,11:00:00,11.7,93,0.87,1639.640701,1,1,84,65
11/21/2021,12:00:00,11.7,88,0.87,1551.487975,1,1,80,82
11/21/2021,13:00:00,11.8,86,0.87,1529.186089,1,1,80,82
11/21/2021,14:00:00,11.8,84,0.87,1493.623622,1,1,80,82
11/21/2021,15:00:00,11.8,84,0.87,1493.623622,1,1,80,85
11/21/2021,16:00:00,11.7,86,0.87,1516.226885,1,1,80,85
11/21/2021,17:00:00,11.4,89,0.87,1528.884712,1,1,80,85
11/21/2021,18:00:00,11.5,75,0.87,1299.687625,1,1,77,90
11/21/2021,19:00:00,11.6,75,0.87,1310.989256,1,1,77,90
11/21/2021,20:00:00,11.6,74,0.87,1293.509399,1,1,77,90
11/21/2021,21:00:00,11.6,79,0.87,1380.908683,1,1,77,90
11/21/2021,22:00:00,11.6,71,0.87,1241.069829,1,1,77,90
11/21/2021,23:00:00,11.8,70,0.87,1244.686351,1,1,77,90
11/22/2021,0:00:00,11.5,70,0.93,1296.699837,0,1,78,91
11/22/2021,1:00:00,11.5,70,0.93,1296.699837,0,1,78,91
11/22/2021,2:00:00,11.5,70,0.93,1296.699837,0,1,78,91
11/22/2021,3:00:00,11.5,70,0.93,1296.699837,0,1,84,73
11/22/2021,4:00:00,11.4,70,0.93,1285.424186,0,1,84,73
11/22/2021,5:00:00,11.4,71,0.93,1303.787389,0,1,84,73
11/22/2021,6:00:00,11.6,72,0.93,1345.346216,0,1,89,56
11/22/2021,7:00:00,11.6,94,0.93,1756.424227,0,1,89,56
11/22/2021,8:00:00,11.6,96,0.93,1793.794955,0,1,89,56
11/22/2021,9:00:00,11.6,84,0.93,1569.570585,0,1,85,60
11/22/2021,10:00:00,11.6,74,0.93,1382.716944,0,1,85,60
11/22/2021,11:00:00,11.6,70,0.93,1307.975488,0,1,85,60
11/22/2021,12:00:00,11.6,68,0.93,1270.60476,0,1,80,82
11/22/2021,13:00:00,11.6,68,0.93,1270.60476,0,1,80,82
11/22/2021,14:00:00,11.6,70,0.93,1307.975488,0,1,80,82
11/22/2021,15:00:00,11.4,76,0.93,1395.603402,0,1,79,90
11/22/2021,16:00:00,11.4,76,0.93,1395.603402,0,1,79,90
11/22/2021,17:00:00,11.5,84,0.93,1556.039805,0,1,79,90
11/22/2021,18:00:00,11.5,63,0.93,1167.029853,0,1,77,88
11/22/2021,19:00:00,11.6,60,0.93,1121.121847,0,1,77,88
11/22/2021,20:00:00,11.6,58,0.93,1083.751118,0,1,77,88
11/22/2021,21:00:00,11.6,55,0.93,1027.695026,0,1,77,91
11/22/2021,22:00:00,11.6,50,0.93,934.2682056,0,1,77,91
11/22/2021,23:00:00,11.7,46,0.93,866.9364625,0,1,77,91
11/23/2021,0:00:00,11.6,70,0.94,1322.03974,0,1,79,90
11/23/2021,1:00:00,11.6,70,0.94,1322.03974,0,1,79,90
11/23/2021,2:00:00,11.5,70,0.94,1310.642846,0,1,79,90
11/23/2021,3:00:00,11.5,70,0.94,1310.642846,0,1,79,88
11/23/2021,4:00:00,11.5,68,0.94,1273.195908,0,1,79,88
11/23/2021,5:00:00,11.4,79,0.94,1466.29186,0,1,79,88
11/23/2021,6:00:00,11.5,87,0.94,1628.941823,0,1,83,59
11/23/2021,7:00:00,11.5,87,0.94,1628.941823,0,1,83,59
11/23/2021,8:00:00,11.6,81,0.94,1529.788842,0,1,83,59
11/23/2021,9:00:00,11.6,80,0.94,1510.90256,0,1,83,67
11/23/2021,10:00:00,11.5,105,0.94,1965.964269,0,1,83,67
11/23/2021,11:00:00,11.5,105,0.94,1965.964269,0,1,83,67
11/23/2021,12:00:00,11.5,105,0.94,1965.964269,0,1,79,90
11/23/2021,13:00:00,11.6,105,0.94,1983.059611,0,1,79,90
11/23/2021,14:00:00,11.6,105,0.94,1983.059611,0,1,79,90
11/23/2021,15:00:00,11.5,107,0.94,2003.411208,0,1,77,90
11/23/2021,16:00:00,11.5,107,0.94,2003.411208,0,1,77,90
11/23/2021,17:00:00,11.6,95,0.94,1794.196791,0,1,77,90
11/23/2021,18:00:00,11.6,63,0.94,1189.835766,0,1,79,90
11/23/2021,19:00:00,11.6,60,0.94,1133.17692,0,1,79,90
11/23/2021,20:00:00,11.6,57,0.94,1076.518074,0,1,79,90
11/23/2021,21:00:00,11.6,55,0.94,1038.74551,0,1,75,93
11/23/2021,22:00:00,11.6,51,0.94,963.2003823,0,1,75,93
11/23/2021,23:00:00,11.6,46,0.94,868.7689723,0,1,75,93
11/24/2021,0:00:00,11.6,82,0.94,1548.675124,0,1,77,90
11/24/2021,1:00:00,11.6,82,0.94,1548.675124,0,1,77,90
11/24/2021,2:00:00,11.6,82,0.94,1548.675124,0,1,77,90
11/24/2021,3:00:00,11.6,82,0.94,1548.675124,0,1,84,64
11/24/2021,4:00:00,11.5,82,0.94,1535.324477,0,1,84,64
11/24/2021,5:00:00,11.5,85,0.94,1591.494885,0,1,84,64
11/24/2021,6:00:00,11.5,74,0.94,1385.536723,0,1,87,42
11/24/2021,7:00:00,11.5,99,0.94,1853.623454,0,1,87,42
11/24/2021,8:00:00,11.6,100,0.94,1888.628201,0,1,87,42
11/24/2021,9:00:00,11.5,95,0.94,1778.729577,0,1,85,55
11/24/2021,10:00:00,11.6,88,0.94,1661.992817,0,1,85,55
11/24/2021,11:00:00,11.6,96,0.94,1813.083073,0,1,85,55
11/24/2021,12:00:00,11.6,96,0.94,1813.083073,0,1,78,80
11/24/2021,13:00:00,11.6,88,0.94,1661.992817,0,1,78,80
11/24/2021,14:00:00,11.6,87,0.94,1643.106534,0,1,78,80
11/24/2021,15:00:00,11.6,84,0.94,1586.447688,0,1,75,91
11/24/2021,16:00:00,11.5,89,0.94,1666.388761,0,1,75,91
11/24/2021,17:00:00,11.6,87,0.94,1643.106534,0,1,75,91
11/24/2021,18:00:00,11.6,61,0.94,1152.063202,0,1,76,93
11/24/2021,19:00:00,11.7,61,0.94,1161.994782,0,1,76,93
11/24/2021,20:00:00,11.7,56,0.94,1066.749308,0,1,76,93
11/24/2021,21:00:00,11.7,52,0.94,990.5529286,0,1,72,92
11/24/2021,22:00:00,11.7,44,0.94,838.1601704,0,1,72,92
11/24/2021,23:00:00,11.7,44,0.94,838.1601704,0,1,72,92
11/25/2021,0:00:00,11.6,58,0.93,1083.751118,0,1,74,91
11/25/2021,1:00:00,11.6,58,0.93,1083.751118,0,1,74,91
11/25/2021,2:00:00,11.6,58,0.93,1083.751118,0,1,74,91
11/25/2021,3:00:00,11.6,58,0.93,1083.751118,0,1,84,40
11/25/2021,4:00:00,11.5,64,0.93,1185.554137,0,1,84,40
11/25/2021,5:00:00,11.5,66,0.93,1222.602704,0,1,84,40
11/25/2021,6:00:00,11.5,91,0.93,1685.709788,0,1,87,30
11/25/2021,7:00:00,11.5,102,0.93,1889.476905,0,1,87,30
11/25/2021,8:00:00,11.6,91,0.93,1700.368134,0,1,87,30
11/25/2021,9:00:00,11.5,91,0.93,1685.709788,0,1,83,42
11/25/2021,10:00:00,11.4,89,0.93,1634.325037,0,1,83,42
11/25/2021,11:00:00,11.4,87,0.93,1597.598632,0,1,83,42
11/25/2021,12:00:00,11.4,82,0.93,1505.782618,0,1,75,78
11/25/2021,13:00:00,11.4,80,0.93,1469.056213,0,1,75,78
11/25/2021,14:00:00,11.5,80,0.93,1481.942671,0,1,75,78
11/25/2021,15:00:00,11.6,76,0.93,1420.087673,0,1,73,89
11/25/2021,16:00:00,11.5,67,0.93,1241.126987,0,1,73,89
11/25/2021,17:00:00,11.5,80,0.93,1481.942671,0,1,73,89
11/25/2021,18:00:00,11.6,62,0.93,1158.492575,0,1,73,92
11/25/2021,19:00:00,11.6,61,0.93,1139.807211,0,1,73,92
11/25/2021,20:00:00,11.6,59,0.93,1102.436483,0,1,73,92
11/25/2021,21:00:00,11.7,56,0.93,1055.400911,0,1,71,93
11/25/2021,22:00:00,11.7,48,0.93,904.6293522,0,1,71,93
11/25/2021,23:00:00,11.7,44,0.93,829.2435728,0,1,71,93
11/26/2021,0:00:00,11.5,58,0.94,1085.961215,0,1,74,89
11/26/2021,1:00:00,11.5,58,0.94,1085.961215,0,1,74,89
11/26/2021,2:00:00,11.5,58,0.94,1085.961215,0,1,74,89
11/26/2021,3:00:00,11.5,58,0.94,1085.961215,0,1,84,51
11/26/2021,4:00:00,11.4,60,0.94,1113.639387,0,1,84,51
11/26/2021,5:00:00,11.6,66,0.94,1246.494612,0,1,84,51
11/26/2021,6:00:00,11.6,78,0.94,1473.129996,0,1,87,35
11/26/2021,7:00:00,11.4,91,0.94,1689.019737,0,1,87,35
11/26/2021,8:00:00,11.6,96,0.94,1813.083073,0,1,87,35
11/26/2021,9:00:00,11.4,110,0.94,2041.67221,0,1,81,47
11/26/2021,10:00:00,11.4,110,0.94,2041.67221,0,1,81,47
11/26/2021,11:00:00,11.4,110,0.94,2041.67221,0,1,81,47
11/26/2021,12:00:00,11.6,108,0.94,2039.718457,0,1,74,78
11/26/2021,13:00:00,11.6,108,0.94,2039.718457,0,1,74,78
11/26/2021,14:00:00,11.4,110,0.94,2041.67221,0,1,74,78
11/26/2021,15:00:00,11.4,110,0.94,2041.67221,0,1,73,93
11/26/2021,16:00:00,11.4,102,0.94,1893.186958,0,1,73,93
11/26/2021,17:00:00,11.7,102,0.94,1943.007668,0,1,73,93
11/26/2021,18:00:00,11.6,62,0.94,1170.949484,0,1,72,91
11/26/2021,19:00:00,11.6,61,0.94,1152.063202,0,1,72,91
11/26/2021,20:00:00,11.6,59,0.94,1114.290638,0,1,72,91
11/26/2021,21:00:00,11.7,54,0.94,1028.651118,0,1,70,93
11/26/2021,22:00:00,11.7,48,0.94,914.3565495,0,1,70,93
11/26/2021,23:00:00,11.7,44,0.94,838.1601704,0,1,70,93
11/27/2021,0:00:00,11.6,82,0.93,1532.199857,0,1,73,91
11/27/2021,1:00:00,11.6,82,0.93,1532.199857,0,1,73,91
11/27/2021,2:00:00,11.6,82,0.93,1532.199857,0,1,73,91
11/27/2021,3:00:00,11.6,82,0.93,1532.199857,0,1,81,42
11/27/2021,4:00:00,11.4,84,0.93,1542.509024,0,1,81,42
11/27/2021,5:00:00,11.4,84,0.93,1542.509024,0,1,81,42
11/27/2021,6:00:00,11.5,97,0.93,1796.855489,0,1,84,28
11/27/2021,7:00:00,11.4,115,0.93,2111.768306,0,1,84,28
11/27/2021,8:00:00,11.4,115,0.93,2111.768306,0,1,84,28
11/27/2021,9:00:00,11.4,112,0.93,2056.678698,0,1,81,44
11/27/2021,10:00:00,11.6,112,0.93,2092.760781,0,1,81,44
11/27/2021,11:00:00,11.4,106,0.93,1946.499482,0,1,81,44
11/27/2021,12:00:00,11.5,108,0.93,2000.622606,0,1,72,77
11/27/2021,13:00:00,11.5,108,0.93,2000.622606,0,1,72,77
11/27/2021,14:00:00,11.5,108,0.93,2000.622606,0,1,72,77
11/27/2021,15:00:00,11.4,102,0.93,1873.046672,0,1,70,81
11/27/2021,16:00:00,11.5,100,0.93,1852.428339,0,1,70,81
11/27/2021,17:00:00,11.5,104,0.93,1926.525472,0,1,70,81
11/27/2021,18:00:00,11.6,62,0.93,1158.492575,0,1,71,93
11/27/2021,19:00:00,11.6,61,0.93,1139.807211,0,1,71,93
11/27/2021,20:00:00,11.6,57,0.93,1065.065754,0,1,71,93
11/27/2021,21:00:00,11.7,52,0.93,980.0151315,0,1,68,92
11/27/2021,22:00:00,11.7,44,0.93,829.2435728,0,1,68,92
11/27/2021,23:00:00,11.7,44,0.93,829.2435728,0,1,68,92
11/28/2021,0:00:00,11.6,72,0.95,1374.278393,1,1,69,79
11/28/2021,1:00:00,11.6,72,0.95,1374.278393,1,1,69,79
11/28/2021,2:00:00,11.6,72,0.95,1374.278393,1,1,69,79
11/28/2021,3:00:00,11.5,72,0.95,1362.431165,1,1,81,38
11/28/2021,4:00:00,11.5,72,0.95,1362.431165,1,1,81,38
11/28/2021,5:00:00,11.5,74,0.95,1400.276475,1,1,81,38
11/28/2021,6:00:00,11.4,96,0.95,1800.778584,1,1,85,28
11/28/2021,7:00:00,11.4,104,0.95,1950.843466,1,1,85,28
11/28/2021,8:00:00,11.6,116,0.95,2214.115188,1,1,85,28
11/28/2021,9:00:00,11.4,122,0.95,2288.48945,1,1,81,44
11/28/2021,10:00:00,11.5,116,0.95,2195.027988,1,1,81,44
11/28/2021,11:00:00,11.5,113,0.95,2138.260023,1,1,81,44
11/28/2021,12:00:00,11.5,107,0.95,2024.724093,1,1,73,72
11/28/2021,13:00:00,11.5,107,0.95,2024.724093,1,1,73,72
11/28/2021,14:00:00,11.5,107,0.95,2024.724093,1,1,73,72
11/28/2021,15:00:00,11.5,110,0.95,2081.492058,1,1,73,76
11/28/2021,16:00:00,11.5,113,0.95,2138.260023,1,1,73,76
11/28/2021,17:00:00,11.5,83,0.95,1570.580371,1,1,73,76
11/28/2021,18:00:00,11.6,82,0.95,1565.150392,1,1,68,92
11/28/2021,19:00:00,11.6,60,0.95,1145.231994,1,1,68,92
11/28/2021,20:00:00,11.6,58,0.95,1107.057594,1,1,68,92
11/28/2021,21:00:00,11.6,54,0.95,1030.708795,1,1,71,82
11/28/2021,22:00:00,11.6,48,0.95,916.1855952,1,1,71,82
11/28/2021,23:00:00,11.7,44,0.95,847.0767679,1,1,71,82
11/29/2021,0:00:00,11.6,72,0.91,1316.414039,0,1,73,59
11/29/2021,1:00:00,11.6,72,0.91,1316.414039,0,1,73,59
11/29/2021,2:00:00,11.5,72,0.91,1305.065642,0,1,73,59
11/29/2021,3:00:00,11.5,72,0.91,1305.065642,0,1,79,47
11/29/2021,4:00:00,11.4,74,0.91,1329.653836,0,1,79,47
11/29/2021,5:00:00,11.4,74,0.91,1329.653836,0,1,79,47
11/29/2021,6:00:00,11.3,93,0.91,1656.393096,0,1,82,36
11/29/2021,7:00:00,11.3,97,0.91,1727.63581,0,1,82,36
11/29/2021,8:00:00,11.4,105,0.91,1886.670983,0,1,82,36
11/29/2021,9:00:00,11.4,105,0.91,1886.670983,0,1,80,47
11/29/2021,10:00:00,11.5,99,0.91,1794.465258,0,1,80,47
11/29/2021,11:00:00,11.5,99,0.91,1794.465258,0,1,80,47
11/29/2021,12:00:00,11.5,99,0.91,1794.465258,0,1,75,67
11/29/2021,13:00:00,11.5,99,0.91,1794.465258,0,1,75,67
11/29/2021,14:00:00,11.5,103,0.91,1866.968905,0,1,75,67
11/29/2021,15:00:00,11.5,103,0.91,1866.968905,0,1,72,74
11/29/2021,16:00:00,11.5,97,0.91,1758.213435,0,1,72,74
11/29/2021,17:00:00,11.6,96,0.91,1755.218719,0,1,72,74
11/29/2021,18:00:00,11.6,62,0.91,1133.578756,0,1,72,80
11/29/2021,19:00:00,11.6,60,0.91,1097.011699,0,1,72,80
11/29/2021,20:00:00,11.6,58,0.91,1060.444643,0,1,72,80
11/29/2021,21:00:00,11.6,54,0.91,987.3105295,0,1,72,89
11/29/2021,22:00:00,11.6,48,0.91,877.6093596,0,1,72,89
11/29/2021,23:00:00,11.7,44,0.91,811.4103777,0,1,72,89
11/30/2021,0:00:00,11.5,84,0.93,1556.039805,0,1,74,51
11/30/2021,1:00:00,11.5,84,0.93,1556.039805,0,1,74,51
11/30/2021,2:00:00,11.5,84,0.93,1556.039805,0,1,74,51
11/30/2021,3:00:00,11.5,84,0.93,1556.039805,0,1,83,35
11/30/2021,4:00:00,11.4,84,0.93,1542.509024,0,1,83,35
11/30/2021,5:00:00,11.3,84,0.93,1528.978243,0,1,83,35
11/30/2021,6:00:00,11.4,101,0.93,1854.683469,0,1,85,30
11/30/2021,7:00:00,11.3,111,0.93,2020.435535,0,1,85,30
11/30/2021,8:00:00,11.4,112,0.93,2056.678698,0,1,85,30
11/30/2021,9:00:00,11.4,112,0.93,2056.678698,0,1,80,35
11/30/2021,10:00:00,11.4,112,0.93,2056.678698,0,1,80,35
11/30/2021,11:00:00,11.5,116,0.93,2148.816873,0,1,80,35
11/30/2021,12:00:00,11.5,107,0.93,1982.098322,0,1,73,71
11/30/2021,13:00:00,11.4,106,0.93,1946.499482,0,1,73,71
11/30/2021,14:00:00,11.4,112,0.93,2056.678698,0,1,73,71
11/30/2021,15:00:00,11.5,117,0.93,2167.341156,0,1,70,74
11/30/2021,16:00:00,11.4,107,0.93,1964.862685,0,1,70,74
11/30/2021,17:00:00,11.6,102,0.93,1905.907139,0,1,70,74
11/30/2021,18:00:00,11.6,62,0.93,1158.492575,0,1,71,80
11/30/2021,19:00:00,11.8,61,0.93,1159.459059,0,1,71,80
11/30/2021,20:00:00,11.6,57,0.93,1065.065754,0,1,71,80
11/30/2021,21:00:00,11.6,50,0.93,934.2682056,0,1,67,88
11/30/2021,22:00:00,11.7,44,0.93,829.2435728,0,1,67,88
11/30/2021,23:00:00,11.7,44,0.93,829.2435728,0,1,67,88
12/1/2021,0:00:00,11.8,74,0.94,1421.681159,0,1,71,76
12/1/2021,1:00:00,11.8,74,0.94,1421.681159,0,1,71,76
12/1/2021,2:00:00,11.8,74,0.94,1421.681159,0,1,71,76
12/1/2021,3:00:00,11.8,74,0.94,1421.681159,0,1,82,40
12/1/2021,4:00:00,11.8,74,0.94,1421.681159,0,1,82,40
12/1/2021,5:00:00,11.8,81,0.94,1556.164512,0,1,82,40
12/1/2021,6:00:00,11.8,102,0.94,1959.614571,0,1,85,30
12/1/2021,7:00:00,11.8,112,0.94,2151.733646,0,1,85,30
12/1/2021,8:00:00,11.4,120,0.94,2227.278774,0,1,85,30
12/1/2021,9:00:00,11.4,126,0.94,2338.642713,0,1,81,40
12/1/2021,10:00:00,11.4,133,0.94,2468.567308,0,1,81,40
12/1/2021,11:00:00,11.4,126,0.94,2338.642713,0,1,81,40
12/1/2021,12:00:00,11.5,112,0.94,2097.028554,0,1,73,76
12/1/2021,13:00:00,11.5,124,0.94,2321.710184,0,1,73,76
12/1/2021,14:00:00,11.4,119,0.94,2208.718118,0,1,73,76
12/1/2021,15:00:00,11.4,112,0.94,2078.793523,0,1,71,87
12/1/2021,16:00:00,11.5,98,0.94,1834.899985,0,1,71,87
12/1/2021,17:00:00,11.6,62,0.94,1170.949484,0,1,71,87
12/1/2021,18:00:00,11.6,63,0.94,1189.835766,0,1,68,84
12/1/2021,19:00:00,11.6,61,0.94,1152.063202,0,1,68,84
12/1/2021,20:00:00,11.6,54,0.94,1019.859228,0,1,68,84
12/1/2021,21:00:00,11.6,53,0.94,1000.972946,0,1,67,94
12/1/2021,22:00:00,11.6,46,0.94,868.7689723,0,1,67,94
12/1/2021,23:00:00,11.6,44,0.94,830.9964083,0,1,67,94
12/2/2021,0:00:00,11.6,74,0.95,1412.452793,0,1,69,91
12/2/2021,1:00:00,11.6,74,0.95,1412.452793,0,1,69,91
12/2/2021,2:00:00,11.6,74,0.95,1412.452793,0,1,69,91
12/2/2021,3:00:00,11.5,78,0.95,1475.967096,0,1,78,61
12/2/2021,4:00:00,11.5,78,0.95,1475.967096,0,1,78,61
12/2/2021,5:00:00,11.4,90,0.95,1688.229922,0,1,78,61
12/2/2021,6:00:00,11.2,104,0.95,1916.618142,0,1,84,40
12/2/2021,7:00:00,11.5,121,0.95,2289.641264,0,1,84,40
12/2/2021,8:00:00,11.5,117,0.95,2213.950644,0,1,84,40
12/2/2021,9:00:00,11.5,113,0.95,2138.260023,0,1,81,45
12/2/2021,10:00:00,11.5,115,0.95,2176.105333,0,1,81,45
12/2/2021,11:00:00,11.6,122,0.95,2328.638388,0,1,81,45
12/2/2021,12:00:00,11.3,122,0.95,2268.414981,0,1,76,67
12/2/2021,13:00:00,11.3,120,0.95,2231.22785,0,1,76,67
12/2/2021,14:00:00,11.3,118,0.95,2194.040719,0,1,76,67
12/2/2021,15:00:00,11.3,118,0.95,2194.040719,0,1,73,83
12/2/2021,16:00:00,11.3,115,0.95,2138.260023,0,1,73,83
12/2/2021,17:00:00,11.3,105,0.95,1952.324369,0,1,73,83
12/2/2021,18:00:00,11.6,63,0.95,1202.493594,0,1,69,95
12/2/2021,19:00:00,11.6,60,0.95,1145.231994,0,1,69,95
12/2/2021,20:00:00,11.6,54,0.95,1030.708795,0,1,69,95
12/2/2021,21:00:00,11.6,51,0.95,973.4471949,0,1,70,93
12/2/2021,22:00:00,11.6,46,0.95,878.0111954,0,1,70,93
12/2/2021,23:00:00,11.6,44,0.95,839.8367956,0,1,70,93
12/3/2021,0:00:00,11.6,79,0.94,1492.016278,0,1,73,81
12/3/2021,1:00:00,11.6,79,0.94,1492.016278,0,1,73,81
12/3/2021,2:00:00,11.6,79,0.94,1492.016278,0,1,73,81
12/3/2021,3:00:00,11.6,79,0.94,1492.016278,0,1,80,59
12/3/2021,4:00:00,11.5,86,0.94,1610.218354,0,1,80,59
12/3/2021,5:00:00,11.3,93,0.94,1710.999462,0,1,80,59
12/3/2021,6:00:00,11.3,105,0.94,1931.773586,0,1,86,41
12/3/2021,7:00:00,11.4,119,0.94,2208.718118,0,1,86,41
12/3/2021,8:00:00,11.4,126,0.94,2338.642713,0,1,86,41
12/3/2021,9:00:00,11.4,121,0.94,2245.839431,0,1,80,56
12/3/2021,10:00:00,11.5,128,0.94,2396.604061,0,1,80,56
12/3/2021,11:00:00,11.4,124,0.94,2301.5214,0,1,80,56
12/3/2021,12:00:00,11.5,126,0.94,2359.157123,0,1,73,79
12/3/2021,13:00:00,11.5,124,0.94,2321.710184,0,1,73,79
12/3/2021,14:00:00,11.5,122,0.94,2284.263246,0,1,73,79
12/3/2021,15:00:00,11.4,126,0.94,2338.642713,0,1,70,85
12/3/2021,16:00:00,11.5,120,0.94,2246.816308,0,1,70,85
12/3/2021,17:00:00,11.7,112,0.94,2133.498616,0,1,70,85
12/3/2021,18:00:00,11.6,62,0.94,1170.949484,0,1,72,86
12/3/2021,19:00:00,11.6,62,0.94,1170.949484,0,1,72,86
12/3/2021,20:00:00,11.6,54,0.94,1019.859228,0,1,72,86
12/3/2021,21:00:00,11.7,48,0.94,914.3565495,0,1,67,92
12/3/2021,22:00:00,11.7,44,0.94,838.1601704,0,1,67,92
12/3/2021,23:00:00,11.7,44,0.94,838.1601704,0,1,67,92
12/4/2021,0:00:00,11.6,74,0.94,1397.584868,0,1,71,82
12/4/2021,1:00:00,11.6,74,0.94,1397.584868,0,1,71,82
12/4/2021,2:00:00,11.6,74,0.94,1397.584868,0,1,71,82
12/4/2021,3:00:00,11.6,74,0.94,1397.584868,0,1,71,82
12/4/2021,4:00:00,11.5,78,0.94,1460.4306,0,1,71,82
12/4/2021,5:00:00,11.6,96,0.94,1813.083073,0,1,84,31
12/4/2021,6:00:00,11.4,116,0.94,2153.036149,0,1,84,31
12/4/2021,7:00:00,11.4,124,0.94,2301.5214,0,1,84,31
12/4/2021,8:00:00,11.5,129,0.94,2415.327531,0,1,84,31
12/4/2021,9:00:00,11.5,124,0.94,2321.710184,0,1,81,40
12/4/2021,10:00:00,11.4,124,0.94,2301.5214,0,1,81,40
12/4/2021,11:00:00,11.5,126,0.94,2359.157123,0,1,81,40
12/4/2021,12:00:00,11.5,131,0.94,2452.774469,0,1,72,76
12/4/2021,13:00:00,11.5,130,0.94,2434.051,0,1,72,76
12/4/2021,14:00:00,11.4,131,0.94,2431.445995,0,1,72,76
12/4/2021,15:00:00,11.4,134,0.94,2487.127965,0,1,69,85
12/4/2021,16:00:00,11.5,122,0.94,2284.263246,0,1,69,85
12/4/2021,17:00:00,11.7,115,0.94,2190.6459,0,1,69,85
12/4/2021,18:00:00,11.7,62,0.94,1181.043876,0,1,68,88
12/4/2021,19:00:00,11.7,50,0.94,952.4547391,0,1,68,88
12/4/2021,20:00:00,11.7,55,0.94,1047.700213,0,1,68,88
12/4/2021,21:00:00,11.7,50,0.94,952.4547391,0,1,68,88
12/4/2021,22:00:00,11.7,44,0.94,838.1601704,0,1,68,88
12/4/2021,23:00:00,11.7,44,0.94,838.1601704,0,1,71,89
12/5/2021,0:00:00,11.6,74,0.94,1397.584868,1,1,71,89
12/5/2021,1:00:00,11.6,74,0.94,1397.584868,1,1,71,89
12/5/2021,2:00:00,11.6,74,0.94,1397.584868,1,1,71,89
12/5/2021,3:00:00,11.5,74,0.94,1385.536723,1,1,81,48
12/5/2021,4:00:00,11.4,80,0.94,1484.852516,1,1,81,48
12/5/2021,5:00:00,11.3,93,0.94,1710.999462,1,1,81,48
12/5/2021,6:00:00,11.2,104,0.94,1896.443214,1,1,85,32
12/5/2021,7:00:00,11.4,112,0.94,2078.793523,1,1,85,32
12/5/2021,8:00:00,11.4,139,0.94,2579.931247,1,1,85,32
12/5/2021,9:00:00,11.3,147,0.94,2704.483021,1,1,82,44
12/5/2021,10:00:00,11.3,151,0.94,2778.074395,1,1,82,44
12/5/2021,11:00:00,11.3,151,0.94,2778.074395,1,1,82,44
12/5/2021,12:00:00,11.4,146,0.94,2709.855842,1,1,73,81
12/5/2021,13:00:00,11.5,138,0.94,2583.838754,1,1,73,81
12/5/2021,14:00:00,11.5,138,0.94,2583.838754,1,1,73,81
12/5/2021,15:00:00,11.4,139,0.94,2579.931247,1,1,70,87
12/5/2021,16:00:00,11.5,120,0.94,2246.816308,1,1,70,87
12/5/2021,17:00:00,11.6,118,0.94,2228.581277,1,1,70,87
12/5/2021,18:00:00,11.7,62,0.94,1181.043876,1,1,70,87
12/5/2021,19:00:00,11.7,58,0.94,1104.847497,1,1,67,90
12/5/2021,20:00:00,11.7,55,0.94,1047.700213,1,1,67,90
12/5/2021,21:00:00,11.7,50,0.94,952.4547391,1,1,67,90
12/5/2021,22:00:00,11.7,44,0.94,838.1601704,1,1,67,90
12/5/2021,23:00:00,11.7,44,0.94,838.1601704,1,1,67,90
12/6/2021,0:00:00,11.5,83,0.95,1570.580371,0,1,72,84
12/6/2021,1:00:00,11.5,83,0.95,1570.580371,0,1,72,84
12/6/2021,2:00:00,11.5,83,0.95,1570.580371,0,1,72,84
12/6/2021,3:00:00,11.5,83,0.95,1570.580371,0,1,83,56
12/6/2021,4:00:00,11.4,89,0.95,1669.471812,0,1,83,56
12/6/2021,5:00:00,11.2,99,0.95,1824.473039,0,1,83,56
12/6/2021,6:00:00,11.2,117,0.95,2156.195409,0,1,87,39
12/6/2021,7:00:00,11.3,125,0.95,2324.195677,0,1,87,39
12/6/2021,8:00:00,11.2,132,0.95,2432.630718,0,1,87,39
12/6/2021,9:00:00,11.3,128,0.95,2379.976374,0,1,82,55
12/6/2021,10:00:00,11.2,130,0.95,2395.772677,0,1,82,55
12/6/2021,11:00:00,11.4,130,0.95,2438.554332,0,1,82,55
12/6/2021,12:00:00,11.4,124,0.95,2326.005671,0,1,73,78
12/6/2021,13:00:00,11.4,122,0.95,2288.48945,0,1,73,78
12/6/2021,14:00:00,11.4,122,0.95,2288.48945,0,1,73,78
12/6/2021,15:00:00,11.3,124,0.95,2305.602112,0,1,70,83
12/6/2021,16:00:00,11.4,116,0.95,2175.940789,0,1,70,83
12/6/2021,17:00:00,11.8,109,0.95,2116.375561,0,1,70,83
12/6/2021,18:00:00,11.7,61,0.95,1174.356428,0,1,68,90
12/6/2021,19:00:00,11.7,61,0.95,1174.356428,0,1,68,90
12/6/2021,20:00:00,11.6,51,0.95,973.4471949,0,1,68,90
12/6/2021,21:00:00,11.6,49,0.95,935.2727951,0,1,66,92
12/6/2021,22:00:00,11.6,44,0.95,839.8367956,0,1,66,92
12/6/2021,23:00:00,11.5,44,0.95,832.5968232,0,1,66,92
12/7/2021,0:00:00,11.4,69,0.94,1280.685295,0,1,71,89
12/7/2021,1:00:00,11.4,69,0.94,1280.685295,0,1,71,89
12/7/2021,2:00:00,11.4,69,0.94,1280.685295,0,1,71,89
12/7/2021,3:00:00,11.4,69,0.94,1280.685295,0,1,81,52
12/7/2021,4:00:00,11.4,78,0.94,1447.731203,0,1,81,52
12/7/2021,5:00:00,11.4,89,0.94,1651.898424,0,1,81,52
12/7/2021,6:00:00,11.2,134,0.94,2443.494141,0,1,84,37
12/7/2021,7:00:00,11.2,144,0.94,2625.84445,0,1,84,37
12/7/2021,8:00:00,11.5,149,0.94,2789.796915,0,1,84,37
12/7/2021,9:00:00,11.5,140,0.94,2621.285692,0,1,81,44
12/7/2021,10:00:00,11.5,144,0.94,2696.179569,0,1,81,44
12/7/2021,11:00:00,11.4,139,0.94,2579.931247,0,1,81,44
12/7/2021,12:00:00,11.6,141,0.94,2662.965763,0,1,73,79
12/7/2021,13:00:00,11.2,136,0.94,2479.964203,0,1,73,79
12/7/2021,14:00:00,11.3,120,0.94,2207.741241,0,1,73,79
12/7/2021,15:00:00,11.2,132,0.94,2407.024079,0,1,70,89
12/7/2021,16:00:00,11.5,140,0.94,2621.285692,0,1,70,89
12/7/2021,17:00:00,11.7,122,0.94,2323.989563,0,1,70,89
12/7/2021,18:00:00,11.7,61,0.94,1161.994782,0,1,67,90
12/7/2021,19:00:00,11.6,61,0.94,1152.063202,0,1,67,90
12/7/2021,20:00:00,11.6,51,0.94,963.2003823,0,1,67,90
12/7/2021,21:00:00,11.6,49,0.94,925.4278183,0,1,67,94
12/7/2021,22:00:00,11.6,44,0.94,830.9964083,0,1,67,94
12/7/2021,23:00:00,11.5,44,0.94,823.8326461,0,1,67,94
12/8/2021,0:00:00,11.4,84,0.93,1542.509024,0,1,70,89
12/8/2021,1:00:00,11.4,84,0.93,1542.509024,0,1,70,89
12/8/2021,2:00:00,11.4,84,0.93,1542.509024,0,1,70,89
12/8/2021,3:00:00,11.4,84,0.93,1542.509024,0,1,80,50
12/8/2021,4:00:00,11.3,88,0.93,1601.78673,0,1,80,50
12/8/2021,5:00:00,11.2,100,0.93,1804.104121,0,1,80,50
12/8/2021,6:00:00,11.5,120,0.93,2222.914006,0,1,85,30
12/8/2021,7:00:00,11.4,137,0.93,2515.758765,0,1,85,30
12/8/2021,8:00:00,11.4,137,0.93,2515.758765,0,1,85,30
12/8/2021,9:00:00,11.5,132,0.93,2445.205407,0,1,82,36
12/8/2021,10:00:00,11.5,130,0.93,2408.15684,0,1,82,36
12/8/2021,11:00:00,11.5,128,0.93,2371.108274,0,1,82,36
12/8/2021,12:00:00,11.6,128,0.93,2391.726606,0,1,74,78
12/8/2021,13:00:00,11.4,128,0.93,2350.489941,0,1,74,78
12/8/2021,14:00:00,11.4,130,0.93,2387.216346,0,1,74,78
12/8/2021,15:00:00,11.4,127,0.93,2332.126738,0,1,70,87
12/8/2021,16:00:00,11.6,124,0.93,2316.98515,0,1,70,87
12/8/2021,17:00:00,11.8,118,0.93,2242.888016,0,1,70,87
12/8/2021,18:00:00,11.7,62,0.93,1168.47958,0,1,68,92
12/8/2021,19:00:00,11.7,59,0.93,1111.940245,0,1,68,92
12/8/2021,20:00:00,11.7,52,0.93,980.0151315,0,1,68,92
12/8/2021,21:00:00,11.7,49,0.93,923.475797,0,1,69,92
12/8/2021,22:00:00,11.6,45,0.93,840.841385,0,1,69,92
12/8/2021,23:00:00,11.6,44,0.93,822.1560209,0,1,69,92
12/9/2021,0:00:00,11.4,81,0.92,1471.425658,0,1,73,84
12/9/2021,1:00:00,11.4,81,0.92,1471.425658,0,1,73,84
12/9/2021,2:00:00,11.4,81,0.92,1471.425658,0,1,73,84
12/9/2021,3:00:00,11.4,81,0.92,1471.425658,0,1,82,58
12/9/2021,4:00:00,11.3,96,0.92,1728.614419,0,1,82,58
12/9/2021,5:00:00,11.2,111,0.92,1981.022719,0,1,82,58
12/9/2021,6:00:00,11.5,122,0.92,2235.6619,0,1,87,45
12/9/2021,7:00:00,11.4,135,0.92,2452.376097,0,1,87,45
12/9/2021,8:00:00,11.5,132,0.92,2418.912876,0,1,87,45
12/9/2021,9:00:00,11.5,130,0.92,2382.262681,0,1,81,51
12/9/2021,10:00:00,11.5,130,0.92,2382.262681,0,1,81,51
12/9/2021,11:00:00,11.5,99,0.92,1814.184657,0,1,81,51
12/9/2021,12:00:00,11.6,136,0.92,2513.884686,0,1,75,70
12/9/2021,13:00:00,11.6,118,0.92,2181.164654,0,1,75,70
12/9/2021,14:00:00,11.6,128,0.92,2366.009116,0,1,75,70
12/9/2021,15:00:00,11.6,132,0.92,2439.946901,0,1,71,87
12/9/2021,16:00:00,11.5,124,0.92,2272.312095,0,1,71,87
12/9/2021,17:00:00,11.8,107,0.92,2011.936362,0,1,71,87
12/9/2021,18:00:00,11.7,61,0.92,1137.271488,0,1,69,90
12/9/2021,19:00:00,11.7,59,0.92,1099.983899,0,1,69,90
12/9/2021,20:00:00,11.8,52,0.92,977.7634655,0,1,69,90
12/9/2021,21:00:00,11.8,49,0.92,921.3540348,0,1,68,92
12/9/2021,22:00:00,11.8,44,0.92,827.3383169,0,1,68,92
12/9/2021,23:00:00,11.8,44,0.92,827.3383169,0,1,68,92
12/10/2021,0:00:00,11.7,88,0.94,1676.320341,0,1,71,91
12/10/2021,1:00:00,11.7,88,0.94,1676.320341,0,1,71,91
12/10/2021,2:00:00,11.7,88,0.94,1676.320341,0,1,71,91
12/10/2021,3:00:00,11.6,88,0.94,1661.992817,0,1,79,72
12/10/2021,4:00:00,11.6,93,0.94,1756.424227,0,1,79,72
12/10/2021,5:00:00,11.5,103,0.94,1928.517331,0,1,79,72
12/10/2021,6:00:00,11.4,127,0.94,2357.20337,0,1,81,54
12/10/2021,7:00:00,11.4,138,0.94,2561.370591,0,1,81,54
12/10/2021,8:00:00,11.4,141,0.94,2617.05256,0,1,81,54
12/10/2021,9:00:00,11.6,136,0.94,2568.534353,0,1,79,57
12/10/2021,10:00:00,11.5,136,0.94,2546.391815,0,1,79,57
12/10/2021,11:00:00,11.5,132,0.94,2471.497938,0,1,79,57
12/10/2021,12:00:00,11.6,130,0.94,2455.216661,0,1,73,86
12/10/2021,13:00:00,11.6,130,0.94,2455.216661,0,1,73,86
12/10/2021,14:00:00,11.2,128,0.94,2334.083955,0,1,73,86
12/10/2021,15:00:00,11.7,122,0.94,2323.989563,0,1,70,91
12/10/2021,16:00:00,11.7,118,0.94,2247.793184,0,1,70,91
12/10/2021,17:00:00,11.9,112,0.94,2169.968677,0,1,70,91
12/10/2021,18:00:00,11.7,61,0.94,1161.994782,0,1,70,91
12/10/2021,19:00:00,11.7,59,0.94,1123.896592,0,1,68,94
12/10/2021,20:00:00,11.7,56,0.94,1066.749308,0,1,68,94
12/10/2021,21:00:00,11.8,50,0.94,960.5953779,0,1,68,94
12/10/2021,22:00:00,11.8,45,0.94,864.5358401,0,1,68,94
12/10/2021,23:00:00,11.8,44,0.94,845.3239325,0,1,68,94
12/11/2021,0:00:00,11.7,88,0.92,1640.653951,0,1,69,96
12/11/2021,1:00:00,11.7,88,0.92,1640.653951,0,1,69,96
12/11/2021,2:00:00,11.7,90,0.92,1677.94154,0,1,69,96
12/11/2021,3:00:00,11.6,92,0.92,1700.569052,0,1,82,49
12/11/2021,4:00:00,11.4,95,0.92,1725.746143,0,1,82,49
12/11/2021,5:00:00,11.3,106,0.92,1908.678421,0,1,82,49
12/11/2021,6:00:00,11.5,116,0.92,2125.711315,0,1,86,36
12/11/2021,7:00:00,11.2,140,0.92,2498.587213,0,1,86,36
12/11/2021,8:00:00,11.2,140,0.92,2498.587213,0,1,86,36
12/11/2021,9:00:00,11.8,136,0.92,2557.227525,0,1,79,44
12/11/2021,10:00:00,11.5,155,0.92,2840.390119,0,1,79,44
12/11/2021,11:00:00,11.6,152,0.92,2809.635825,0,1,79,44
12/11/2021,12:00:00,11.6,147,0.92,2717.213594,0,1,71,76
12/11/2021,13:00:00,11.4,147,0.92,2670.365084,0,1,71,76
12/11/2021,14:00:00,11.4,155,0.92,2815.691075,0,1,71,76
12/11/2021,15:00:00,11.4,155,0.92,2815.691075,0,1,69,81
12/11/2021,16:00:00,11.4,146,0.92,2652.199335,0,1,69,81
12/11/2021,17:00:00,11.8,134,0.92,2519.621238,0,1,69,81
12/11/2021,18:00:00,11.7,61,0.92,1137.271488,0,1,69,94
12/11/2021,19:00:00,11.7,59,0.92,1099.983899,0,1,69,94
12/11/2021,20:00:00,11.7,56,0.92,1044.052514,0,1,69,94
12/11/2021,21:00:00,11.8,50,0.92,940.1571783,0,1,65,92
12/11/2021,22:00:00,11.8,45,0.92,846.1414605,0,1,65,92
12/11/2021,23:00:00,11.8,44,0.92,827.3383169,0,1,65,92
12/12/2021,0:00:00,11.4,100,0.97,1915.301783,1,1,68,94
12/12/2021,1:00:00,11.4,100,0.97,1915.301783,1,1,68,94
12/12/2021,2:00:00,11.4,100,0.97,1915.301783,1,1,68,94
12/12/2021,3:00:00,11.4,100,0.97,1915.301783,1,1,82,46
12/12/2021,4:00:00,11.2,106,0.97,1994.601997,1,1,82,46
12/12/2021,5:00:00,11.2,109,0.97,2051.052997,1,1,82,46
12/12/2021,6:00:00,11.2,142,0.97,2672.013996,1,1,85,38
12/12/2021,7:00:00,11.3,169,0.97,3208.466504,1,1,85,38
12/12/2021,8:00:00,11.3,171,0.97,3246.436522,1,1,85,38
12/12/2021,9:00:00,11.3,167,0.97,3170.496487,1,1,78,44
12/12/2021,10:00:00,11.3,167,0.97,3170.496487,1,1,78,44
12/12/2021,11:00:00,11.4,160,0.97,3064.482853,1,1,78,44
12/12/2021,12:00:00,11.4,142,0.97,2719.728532,1,1,68,78
12/12/2021,13:00:00,11.5,152,0.97,2936.796067,1,1,68,78
12/12/2021,14:00:00,11.4,136,0.97,2604.810425,1,1,68,78
12/12/2021,15:00:00,11.6,75,0.97,1461.677677,1,1,65,84
12/12/2021,16:00:00,11.5,134,0.97,2589.017586,1,1,65,84
12/12/2021,17:00:00,11.4,118,0.97,2260.056104,1,1,65,84
12/12/2021,18:00:00,11.7,62,0.97,1218.736766,1,1,67,88
12/12/2021,19:00:00,11.6,60,0.97,1169.342141,1,1,67,88
12/12/2021,20:00:00,11.8,54,0.97,1070.552891,1,1,67,88
12/12/2021,21:00:00,11.7,49,0.97,963.1951861,1,1,62,93
12/12/2021,22:00:00,11.7,44,0.97,864.9099631,1,1,62,93
12/12/2021,23:00:00,11.7,44,0.97,864.9099631,1,1,62,93
12/13/2021,0:00:00,11.6,79,0.97,1539.633819,0,1,67,94
12/13/2021,1:00:00,11.6,79,0.97,1539.633819,0,1,67,94
12/13/2021,2:00:00,11.6,79,0.97,1539.633819,0,1,67,94
12/13/2021,3:00:00,11.4,82,0.97,1570.547462,0,1,76,44
12/13/2021,4:00:00,11.4,82,0.97,1570.547462,0,1,76,44
12/13/2021,5:00:00,11.5,101,0.97,1951.423703,0,1,76,44
12/13/2021,6:00:00,11.2,150,0.97,2822.549996,0,1,82,30
12/13/2021,7:00:00,11.5,172,0.97,3323.216602,0,1,82,30
12/13/2021,8:00:00,11.5,171,0.97,3303.895576,0,1,82,30
12/13/2021,9:00:00,11.6,176,0.97,3430.070281,0,1,79,40
12/13/2021,10:00:00,11.6,180,0.97,3508.026424,0,1,79,40
12/13/2021,11:00:00,11.6,171,0.97,3332.625102,0,1,79,40
12/13/2021,12:00:00,11.6,163,0.97,3176.712817,0,1,70,80
12/13/2021,13:00:00,11.5,156,0.97,3014.080174,0,1,70,80
12/13/2021,14:00:00,11.6,146,0.97,2845.39921,0,1,70,80
12/13/2021,15:00:00,11.6,134,0.97,2611.530782,0,1,67,88
12/13/2021,16:00:00,11.7,124,0.97,2437.473532,0,1,67,88
12/13/2021,17:00:00,11.8,118,0.97,2339.356318,0,1,67,88
12/13/2021,18:00:00,11.7,62,0.97,1218.736766,0,1,63,91
12/13/2021,19:00:00,11.6,58,0.97,1130.36407,0,1,63,91
12/13/2021,20:00:00,11.6,53,0.97,1032.918891,0,1,63,91
12/13/2021,21:00:00,11.7,49,0.97,963.1951861,0,1,64,94
12/13/2021,22:00:00,11.7,45,0.97,884.5670077,0,1,64,94
12/13/2021,23:00:00,11.6,44,0.97,857.5175702,0,1,64,94
12/14/2021,0:00:00,11.6,81,0.96,1562.337541,0,1,66,94
12/14/2021,1:00:00,11.6,81,0.96,1562.337541,0,1,66,94
12/14/2021,2:00:00,11.6,81,0.96,1562.337541,0,1,66,94
12/14/2021,3:00:00,11.4,81,0.96,1535.400687,0,1,77,47
12/14/2021,4:00:00,11.3,90,0.96,1691.035844,0,1,77,47
12/14/2021,5:00:00,11.2,112,0.96,2085.777152,0,1,77,47
12/14/2021,6:00:00,11.2,148,0.96,2756.205522,0,1,82,39
12/14/2021,7:00:00,11.8,176,0.96,3453.238192,0,1,82,39
12/14/2021,8:00:00,11.8,187,0.96,3669.06558,0,1,82,39
12/14/2021,9:00:00,11.5,188,0.96,3594.906092,0,1,77,50
12/14/2021,10:00:00,11.6,183,0.96,3529.725556,0,1,77,50
12/14/2021,11:00:00,11.5,190,0.96,3633.149774,0,1,77,50
12/14/2021,12:00:00,11.6,183,0.96,3529.725556,0,1,66,75
12/14/2021,13:00:00,11.5,167,0.96,3193.347433,0,1,66,75
12/14/2021,14:00:00,11.7,172,0.96,3346.155883,0,1,66,75
12/14/2021,15:00:00,11.3,184,0.96,3457.228838,0,1,65,84
12/14/2021,16:00:00,11.7,134,0.96,2606.888886,0,1,65,84
12/14/2021,17:00:00,11.7,125,0.96,2431.799334,0,1,65,84
12/14/2021,18:00:00,11.5,61,0.96,1166.432296,0,1,65,92
12/14/2021,19:00:00,11.5,58,0.96,1109.066773,0,1,65,92
12/14/2021,20:00:00,11.5,53,0.96,1013.457569,0,1,65,92
12/14/2021,21:00:00,11.5,49,0.96,936.9702049,0,1,62,93
12/14/2021,22:00:00,11.5,44,0.96,841.3610003,0,1,62,93
12/14/2021,23:00:00,11.5,44,0.96,841.3610003,0,1,62,93
12/15/2021,0:00:00,11.2,90,0.96,1676.070925,0,1,64,94
12/15/2021,1:00:00,11.2,90,0.96,1676.070925,0,1,64,94
12/15/2021,2:00:00,11.2,90,0.96,1676.070925,0,1,64,94
12/15/2021,3:00:00,11.2,90,0.96,1676.070925,0,1,74,45
12/15/2021,4:00:00,11.2,99,0.96,1843.678018,0,1,74,45
12/15/2021,5:00:00,11.2,124,0.96,2309.253275,0,1,74,45
12/15/2021,6:00:00,11.2,179,0.96,3333.518841,0,1,80,30
12/15/2021,7:00:00,11.1,189,0.96,3488.322614,0,1,80,30
12/15/2021,8:00:00,11.1,190,0.96,3506.779347,0,1,80,30
12/15/2021,9:00:00,11.2,194,0.96,3612.863995,0,1,77,40
12/15/2021,10:00:00,11.2,189,0.96,3519.748943,0,1,77,40
12/15/2021,11:00:00,11.2,191,0.96,3556.994964,0,1,77,40
12/15/2021,12:00:00,11.3,187,0.96,3513.596699,0,1,66,77
12/15/2021,13:00:00,11.5,177,0.96,3384.565842,0,1,66,77
12/15/2021,14:00:00,11.5,164,0.96,3135.98191,0,1,66,77
12/15/2021,15:00:00,11.6,155,0.96,2989.658258,0,1,62,87
12/15/2021,16:00:00,11.7,144,0.96,2801.432833,0,1,62,87
12/15/2021,17:00:00,11.7,129,0.96,2509.616913,0,1,62,87
12/15/2021,18:00:00,11.6,62,0.96,1195.863303,0,1,63,91
12/15/2021,19:00:00,11.6,59,0.96,1137.99895,0,1,63,91
12/15/2021,20:00:00,11.5,55,0.96,1051.70125,0,1,63,91
12/15/2021,21:00:00,11.5,52,0.96,994.3357276,0,1,59,93
12/15/2021,22:00:00,11.5,47,0.96,898.726523,0,1,59,93
12/15/2021,23:00:00,11.5,42,0.96,803.1173185,0,1,59,93
12/16/2021,0:00:00,11.7,90,0.96,1750.89552,0,1,62,91
12/16/2021,1:00:00,11.4,90,0.96,1706.000763,0,1,62,91
12/16/2021,2:00:00,11.4,90,0.96,1706.000763,0,1,62,91
12/16/2021,3:00:00,11.3,90,0.96,1691.035844,0,1,75,34
12/16/2021,4:00:00,11.3,96,0.96,1803.771567,0,1,75,34
12/16/2021,5:00:00,11.2,149,0.96,2774.828532,0,1,75,34
12/16/2021,6:00:00,11.6,158,0.96,3047.522611,0,1,81,24
12/16/2021,7:00:00,11.6,189,0.96,3645.454263,0,1,81,24
12/16/2021,8:00:00,11.7,204,0.96,3968.696513,0,1,81,24
12/16/2021,9:00:00,11.4,201,0.96,3810.068372,0,1,76,30
12/16/2021,10:00:00,11.4,209,0.96,3961.712884,0,1,76,30
12/16/2021,11:00:00,11.4,207,0.96,3923.801756,0,1,76,30
12/16/2021,12:00:00,11.4,202,0.96,3829.023936,0,1,67,55
12/16/2021,13:00:00,11.8,199,0.96,3904.513638,0,1,67,55
12/16/2021,14:00:00,11.7,207,0.96,4027.059697,0,1,67,55
12/16/2021,15:00:00,11.7,219,0.96,4260.512433,0,1,63,84
12/16/2021,16:00:00,11.4,200,0.96,3791.112808,0,1,63,84
12/16/2021,17:00:00,11.4,149,0.96,2824.379042,0,1,63,84
12/16/2021,18:00:00,11.6,62,0.96,1195.863303,0,1,60,91
12/16/2021,19:00:00,11.6,59,0.96,1137.99895,0,1,60,91
12/16/2021,20:00:00,11.6,55,0.96,1060.846479,0,1,60,91
12/16/2021,21:00:00,11.6,52,0.96,1002.982125,0,1,60,93
12/16/2021,22:00:00,11.6,47,0.96,906.5415363,0,1,60,93
12/16/2021,23:00:00,11.6,44,0.96,848.6771829,0,1,60,93
12/17/2021,0:00:00,11.5,92,0.96,1759.209364,0,1,64,92
12/17/2021,1:00:00,11.5,92,0.96,1759.209364,0,1,64,92
12/17/2021,2:00:00,11.5,92,0.96,1759.209364,0,1,64,92
12/17/2021,3:00:00,11.4,99,0.96,1876.60084,0,1,78,38
12/17/2021,4:00:00,11.3,114,0.96,2141.978736,0,1,78,38
12/17/2021,5:00:00,11.2,144,0.96,2681.713481,0,1,78,38
12/17/2021,6:00:00,11.3,187,0.96,3513.596699,0,1,82,26
12/17/2021,7:00:00,11.4,197,0.96,3734.246115,0,1,82,26
12/17/2021,8:00:00,11.4,209,0.96,3961.712884,0,1,82,26
12/17/2021,9:00:00,11.4,216,0.96,4094.401832,0,1,77,31
12/17/2021,10:00:00,11.8,202,0.96,3963.375653,0,1,77,31
12/17/2021,11:00:00,11.4,209,0.96,3961.712884,0,1,77,31
12/17/2021,12:00:00,11.5,212,0.96,4053.830274,0,1,68,71
12/17/2021,13:00:00,11.8,212,0.96,4159.582368,0,1,68,71
12/17/2021,14:00:00,11.5,205,0.96,3919.977388,0,1,68,71
12/17/2021,15:00:00,11.6,206,0.96,3973.352265,0,1,63,79
12/17/2021,16:00:00,11.7,196,0.96,3813.061355,0,1,63,79
12/17/2021,17:00:00,11.6,148,0.96,2854.641433,0,1,63,79
12/17/2021,18:00:00,11.6,62,0.96,1195.863303,0,1,61,90
12/17/2021,19:00:00,11.7,62,0.96,1206.17247,0,1,61,90
12/17/2021,20:00:00,11.7,54,0.96,1050.537312,0,1,61,90
12/17/2021,21:00:00,11.6,51,0.96,983.6940074,0,1,58,93
12/17/2021,22:00:00,11.6,45,0.96,867.9653007,0,1,58,93
12/17/2021,23:00:00,11.7,44,0.96,855.9933655,0,1,58,93
12/18/2021,0:00:00,11.4,89,0.96,1687.045199,0,1,64,94
12/18/2021,1:00:00,11.4,89,0.96,1687.045199,0,1,64,94
12/18/2021,2:00:00,11.4,89,0.96,1687.045199,0,1,64,94
12/18/2021,3:00:00,11.4,102,0.96,1933.467532,0,1,78,40
12/18/2021,4:00:00,11.4,107,0.96,2028.245352,0,1,78,40
12/18/2021,5:00:00,11.3,169,0.96,3175.38953,0,1,78,40
12/18/2021,6:00:00,11.2,189,0.96,3519.748943,0,1,83,34
12/18/2021,7:00:00,11.6,202,0.96,3896.199794,0,1,83,34
12/18/2021,8:00:00,11.7,213,0.96,4143.786065,0,1,83,34
12/18/2021,9:00:00,11.5,210,0.96,4015.586592,0,1,76,32
12/18/2021,10:00:00,11.5,209,0.96,3996.464751,0,1,76,32
12/18/2021,11:00:00,11.5,224,0.96,4283.292365,0,1,76,32
12/18/2021,12:00:00,11.4,217,0.96,4113.357396,0,1,65,69
12/18/2021,13:00:00,11.5,218,0.96,4168.56132,0,1,65,69
12/18/2021,14:00:00,11.4,214,0.96,4056.490704,0,1,65,69
12/18/2021,15:00:00,11.6,202,0.96,3896.199794,0,1,63,75
12/18/2021,16:00:00,11.8,184,0.96,3610.203565,0,1,63,75
12/18/2021,17:00:00,11.6,149,0.96,2873.929551,0,1,63,75
12/18/2021,18:00:00,11.7,61,0.96,1186.718075,0,1,60,91
12/18/2021,19:00:00,11.7,58,0.96,1128.354891,0,1,60,91
12/18/2021,20:00:00,11.7,56,0.96,1089.446102,0,1,60,91
12/18/2021,21:00:00,11.6,47,0.96,906.5415363,0,1,60,93
12/18/2021,22:00:00,11.6,44,0.96,848.6771829,0,1,60,93
12/18/2021,23:00:00,11.6,44,0.96,848.6771829,0,1,60,93
12/19/2021,0:00:00,11.4,117,0.96,2217.800992,1,1,64,91
12/19/2021,1:00:00,11.4,117,0.96,2217.800992,1,1,64,91
12/19/2021,2:00:00,11.4,117,0.96,2217.800992,1,1,64,91
12/19/2021,3:00:00,11.4,117,0.96,2217.800992,1,1,73,32
12/19/2021,4:00:00,11.3,117,0.96,2198.346598,1,1,73,32
12/19/2021,5:00:00,11.2,164,0.96,3054.173686,1,1,73,32
12/19/2021,6:00:00,11.7,214,0.96,4163.24046,1,1,81,30
12/19/2021,7:00:00,11.4,224,0.96,4246.046345,1,1,81,30
12/19/2021,8:00:00,11.6,227,0.96,4378.402739,1,1,81,30
12/19/2021,9:00:00,11.6,230,0.96,4436.267092,1,1,76,33
12/19/2021,10:00:00,11.4,222,0.96,4208.135216,1,1,76,33
12/19/2021,11:00:00,11.3,219,0.96,4114.853888,1,1,76,33
12/19/2021,12:00:00,11.4,224,0.96,4246.046345,1,1,67,68
12/19/2021,13:00:00,11.4,229,0.96,4340.824165,1,1,67,68
12/19/2021,14:00:00,11.4,214,0.96,4056.490704,1,1,67,68
12/19/2021,15:00:00,11.5,205,0.96,3919.977388,1,1,63,87
12/19/2021,16:00:00,11.5,199,0.96,3805.246342,1,1,63,87
12/19/2021,17:00:00,11.9,184,0.96,3640.79851,1,1,63,87
12/19/2021,18:00:00,11.7,60,0.96,1167.26368,1,1,61,89
12/19/2021,19:00:00,11.7,56,0.96,1089.446102,1,1,61,89
12/19/2021,20:00:00,11.7,55,0.96,1069.991707,1,1,61,89
12/19/2021,21:00:00,11.7,47,0.96,914.3565495,1,1,58,93
12/19/2021,22:00:00,11.6,44,0.96,848.6771829,1,1,58,93
12/19/2021,23:00:00,11.6,44,0.96,848.6771829,1,1,58,93
12/20/2021,0:00:00,11.4,126,0.96,2388.401069,0,1,58,88
12/20/2021,1:00:00,11.4,126,0.96,2388.401069,0,1,58,88
12/20/2021,2:00:00,11.4,126,0.96,2388.401069,0,1,58,88
12/20/2021,3:00:00,11.4,126,0.96,2388.401069,0,1,72,35
12/20/2021,4:00:00,11.3,143,0.96,2686.868064,0,1,72,35
12/20/2021,5:00:00,11.2,164,0.96,3054.173686,0,1,72,35
12/20/2021,6:00:00,11.2,204,0.96,3799.094098,0,1,78,29
12/20/2021,7:00:00,11.2,234,0.96,4357.784406,0,1,78,29
12/20/2021,8:00:00,11.2,234,0.96,4357.784406,0,1,78,29
12/20/2021,9:00:00,11.2,225,0.96,4190.177314,0,1,73,34
12/20/2021,10:00:00,11.2,233,0.96,4339.161396,0,1,73,34
12/20/2021,11:00:00,11.3,233,0.96,4377.903908,0,1,73,34
12/20/2021,12:00:00,11.5,210,0.96,4015.586592,0,1,61,59
12/20/2021,13:00:00,11.4,219,0.96,4151.268524,0,1,61,59
12/20/2021,14:00:00,11.4,219,0.96,4151.268524,0,1,61,59
12/20/2021,15:00:00,11.4,219,0.96,4151.268524,0,1,55,88
12/20/2021,16:00:00,11.6,213,0.96,4108.36909,0,1,55,88
12/20/2021,17:00:00,11.4,174,0.96,3298.268143,0,1,55,88
12/20/2021,18:00:00,11.7,60,0.96,1167.26368,0,1,59,93
12/20/2021,19:00:00,11.7,58,0.96,1128.354891,0,1,59,93
12/20/2021,20:00:00,11.7,54,0.96,1050.537312,0,1,59,93
12/20/2021,21:00:00,11.7,47,0.96,914.3565495,0,1,50,95
12/20/2021,22:00:00,11.6,44,0.96,848.6771829,0,1,50,95
12/20/2021,23:00:00,11.6,44,0.96,848.6771829,0,1,50,95
12/21/2021,0:00:00,11.3,121,0.95,2249.821416,0,1,58,91
12/21/2021,1:00:00,11.3,121,0.95,2249.821416,0,1,58,91
12/21/2021,2:00:00,11.3,121,0.95,2249.821416,0,1,58,91
12/21/2021,3:00:00,11.3,126,0.95,2342.789243,0,1,72,35
12/21/2021,4:00:00,11.2,143,0.95,2635.349945,0,1,72,35
12/21/2021,5:00:00,11.2,167,0.95,3077.646439,0,1,72,35
12/21/2021,6:00:00,11.3,206,0.95,3830.274476,0,1,79,23
12/21/2021,7:00:00,11.2,231,0.95,4257.103757,0,1,79,23
12/21/2021,8:00:00,11.2,241,0.95,4441.393963,0,1,79,23
12/21/2021,9:00:00,11.2,246,0.95,4533.539066,0,1,75,34
12/21/2021,10:00:00,11.2,246,0.95,4533.539066,0,1,75,34
12/21/2021,11:00:00,11.3,236,0.95,4388.081439,0,1,75,34
12/21/2021,12:00:00,11.4,240,0.95,4501.946459,0,1,61,65
12/21/2021,13:00:00,11.6,222,0.95,4237.358378,0,1,61,65
12/21/2021,14:00:00,11.4,239,0.95,4483.188349,0,1,61,65
12/21/2021,15:00:00,11.5,234,0.95,4427.901287,0,1,56,82
12/21/2021,16:00:00,11.4,227,0.95,4258.091026,0,1,56,82
12/21/2021,17:00:00,11.7,188,0.95,3619.328009,0,1,56,82
12/21/2021,18:00:00,11.7,61,0.95,1174.356428,0,1,54,91
12/21/2021,19:00:00,11.7,59,0.95,1135.852939,0,1,54,91
12/21/2021,20:00:00,11.6,53,0.95,1011.621595,0,1,54,91
12/21/2021,21:00:00,11.6,47,0.95,897.0983953,0,1,53,95
12/21/2021,22:00:00,11.7,44,0.95,847.0767679,0,1,53,95
12/21/2021,23:00:00,11.7,44,0.95,847.0767679,0,1,53,95
12/22/2021,0:00:00,11.4,112,0.96,2123.023172,0,1,60,93
12/22/2021,1:00:00,11.4,112,0.96,2123.023172,0,1,60,93
12/22/2021,2:00:00,11.5,112,0.96,2141.646183,0,1,60,93
12/22/2021,3:00:00,11.5,116,0.96,2218.133546,0,1,77,38
12/22/2021,4:00:00,11.5,126,0.96,2409.351955,0,1,77,38
12/22/2021,5:00:00,11.5,147,0.96,2810.910615,0,1,77,38
12/22/2021,6:00:00,11.3,196,0.96,3682.700283,0,1,83,32
12/22/2021,7:00:00,11.1,233,0.96,4300.418883,0,1,83,32
12/22/2021,8:00:00,11.1,243,0.96,4484.986218,0,1,83,32
12/22/2021,9:00:00,11.2,232,0.96,4320.538386,0,1,75,34
12/22/2021,10:00:00,11.3,256,0.96,4810.057513,0,1,75,34
12/22/2021,11:00:00,11.4,240,0.96,4549.335369,0,1,75,34
12/22/2021,12:00:00,11.6,44,0.96,848.6771829,0,1,61,67
12/22/2021,13:00:00,11.8,45,0.96,882.9302197,0,1,61,67
12/22/2021,14:00:00,11.3,239,0.96,4490.639631,0,1,61,67
12/22/2021,15:00:00,11.8,224,0.96,4395.030427,0,1,58,75
12/22/2021,16:00:00,11.4,232,0.96,4397.690857,0,1,58,75
12/22/2021,17:00:00,11.3,189,0.96,3551.175273,0,1,58,75
12/22/2021,18:00:00,11.6,62,0.96,1195.863303,0,1,54,95
12/22/2021,19:00:00,11.6,58,0.96,1118.710832,0,1,54,95
12/22/2021,20:00:00,11.6,52,0.96,1002.982125,0,1,54,95
12/22/2021,21:00:00,11.5,48,0.96,917.8483639,0,1,54,92
12/22/2021,22:00:00,11.5,44,0.96,841.3610003,0,1,54,92
12/22/2021,23:00:00,11.4,44,0.96,834.0448177,0,1,54,92
12/23/2021,0:00:00,11.4,119,0.95,2232.215119,0,1,61,93
12/23/2021,1:00:00,11.4,119,0.95,2232.215119,0,1,61,93
12/23/2021,2:00:00,11.4,119,0.95,2232.215119,0,1,61,93
12/23/2021,3:00:00,11.3,129,0.95,2398.569939,0,1,79,36
12/23/2021,4:00:00,11.3,134,0.95,2491.537766,0,1,79,36
12/23/2021,5:00:00,11.6,182,0.95,3473.870382,0,1,79,36
12/23/2021,6:00:00,11.1,213,0.95,3890.333338,0,1,87,20
12/23/2021,7:00:00,11.2,226,0.95,4164.958654,0,1,87,20
12/23/2021,8:00:00,11.2,233,0.95,4293.961798,0,1,87,20
12/23/2021,9:00:00,11.2,259,0.95,4773.116333,0,1,81,31
12/23/2021,10:00:00,11.3,258,0.95,4797.139878,0,1,81,31
12/23/2021,11:00:00,11.3,249,0.95,4629.797789,0,1,81,31
12/23/2021,12:00:00,11.4,245,0.95,4595.73701,0,1,70,68
12/23/2021,13:00:00,11.4,245,0.95,4595.73701,0,1,70,68
12/23/2021,14:00:00,11.4,245,0.95,4595.73701,0,1,70,68
12/23/2021,15:00:00,11.6,233,0.95,4447.317577,0,1,63,84
12/23/2021,16:00:00,11.7,224,0.95,4312.390819,0,1,63,84
12/23/2021,17:00:00,11.8,59,0.95,1145.561084,0,1,63,84
12/23/2021,18:00:00,11.8,61,0.95,1184.393663,0,1,55,90
12/23/2021,19:00:00,11.6,59,0.95,1126.144794,0,1,55,90
12/23/2021,20:00:00,11.6,54,0.95,1030.708795,0,1,55,90
12/23/2021,21:00:00,11.6,49,0.95,935.2727951,0,1,59,93
12/23/2021,22:00:00,11.6,44,0.95,839.8367956,0,1,59,93
12/23/2021,23:00:00,11.5,130,0.95,2459.945159,0,1,59,93
12/24/2021,0:00:00,11.5,130,0.98,2537.627638,0,1,62,93
12/24/2021,1:00:00,11.5,130,0.98,2537.627638,0,1,62,93
12/24/2021,2:00:00,11.5,130,0.98,2537.627638,0,1,62,93
12/24/2021,3:00:00,11.5,130,0.98,2537.627638,0,1,80,43
12/24/2021,4:00:00,11.3,135,0.98,2589.398637,0,1,80,43
12/24/2021,5:00:00,11.2,157,0.98,2984.725377,0,1,80,43
12/24/2021,6:00:00,11.3,230,0.98,4411.568048,0,1,89,24
12/24/2021,7:00:00,11.2,253,0.98,4809.780385,0,1,89,24
12/24/2021,8:00:00,11.3,245,0.98,4699.279008,0,1,89,24
12/24/2021,9:00:00,11.5,236,0.98,4606.770174,0,1,83,34
12/24/2021,10:00:00,11.6,229,0.98,4508.99937,0,1,83,34
12/24/2021,11:00:00,11.6,235,0.98,4627.139091,0,1,83,34
12/24/2021,12:00:00,11.2,134,0.98,2547.472615,0,1,74,57
12/24/2021,13:00:00,11.4,227,0.98,4392.557058,0,1,74,57
12/24/2021,14:00:00,11.4,219,0.98,4237.753285,0,1,74,57
12/24/2021,15:00:00,11.4,226,0.98,4373.206587,0,1,70,81
12/24/2021,16:00:00,11.7,213,0.98,4230.114941,0,1,70,81
12/24/2021,17:00:00,11.3,51,0.98,978.2172628,0,1,70,81
12/24/2021,18:00:00,11.7,62,0.98,1231.301063,0,1,60,87
12/24/2021,19:00:00,11.2,57,0.98,1083.626411,0,1,60,87
12/24/2021,20:00:00,11.6,51,0.98,1004.187633,0,1,60,87
12/24/2021,21:00:00,11.6,47,0.98,925.4278183,0,1,67,94
12/24/2021,22:00:00,11.6,44,0.98,866.3579575,0,1,67,94
12/24/2021,23:00:00,11.5,44,0.98,858.8893545,0,1,67,94
12/25/2021,0:00:00,11.5,109,0.95,2062.569403,0,1,65,94
12/25/2021,1:00:00,11.5,109,0.95,2062.569403,0,1,65,94
12/25/2021,2:00:00,11.4,109,0.95,2044.634017,0,1,65,94
12/25/2021,3:00:00,11.4,109,0.95,2044.634017,0,1,81,58
12/25/2021,4:00:00,11.4,121,0.95,2269.73134,0,1,81,58
12/25/2021,5:00:00,11.5,202,0.95,3822.376325,0,1,81,58
12/25/2021,6:00:00,11.1,234,0.95,4273.887329,0,1,84,44
12/25/2021,7:00:00,11.1,240,0.95,4383.474184,0,1,84,44
12/25/2021,8:00:00,11.3,274,0.95,5094.636925,0,1,84,44
12/25/2021,9:00:00,11.3,289,0.95,5373.540406,0,1,83,41
12/25/2021,10:00:00,11.4,259,0.95,4858.350554,0,1,83,41
12/25/2021,11:00:00,11.6,254,0.95,4848.148774,0,1,83,41
12/25/2021,12:00:00,11.5,244,0.95,4617.127838,0,1,75,78
12/25/2021,13:00:00,11.5,242,0.95,4579.282528,0,1,75,78
12/25/2021,14:00:00,11.5,224,0.95,4238.674736,0,1,75,78
12/25/2021,15:00:00,11.4,220,0.95,4126.784254,0,1,67,90
12/25/2021,16:00:00,11.6,51,0.95,973.4471949,0,1,67,90
12/25/2021,17:00:00,11.6,61,0.95,1164.319194,0,1,67,90
12/25/2021,18:00:00,11.6,62,0.95,1183.406394,0,1,68,90
12/25/2021,19:00:00,11.7,58,0.95,1116.601194,0,1,68,90
12/25/2021,20:00:00,11.7,54,0.95,1039.594215,0,1,68,90
12/25/2021,21:00:00,11.7,48,0.95,924.0837469,0,1,66,94
12/25/2021,22:00:00,11.4,135,0.95,2532.344883,0,1,66,94
12/25/2021,23:00:00,11.4,137,0.95,2569.861104,0,1,66,94
12/26/2021,0:00:00,11.4,134,0.95,2513.586773,1,1,70,94
12/26/2021,1:00:00,11.4,134,0.95,2513.586773,1,1,70,94
12/26/2021,2:00:00,11.4,134,0.95,2513.586773,1,1,70,94
12/26/2021,3:00:00,11.3,144,0.95,2677.47342,1,1,75,70
12/26/2021,4:00:00,11.3,169,0.95,3142.312556,1,1,75,70
12/26/2021,5:00:00,11.4,184,0.95,3451.492285,1,1,75,70
12/26/2021,6:00:00,11.2,234,0.95,4312.390819,1,1,82,50
12/26/2021,7:00:00,11.5,249,0.95,4711.741113,1,1,82,50
12/26/2021,8:00:00,11.4,257,0.95,4820.834333,1,1,82,50
12/26/2021,9:00:00,11.4,250,0.95,4689.527561,1,1,79,52
12/26/2021,10:00:00,11.5,255,0.95,4825.277044,1,1,79,52
12/26/2021,11:00:00,11.6,261,0.95,4981.759174,1,1,79,52
12/26/2021,12:00:00,11.8,252,0.95,4892.904967,1,1,72,80
12/26/2021,13:00:00,11.5,249,0.95,4711.741113,1,1,72,80
12/26/2021,14:00:00,11.5,249,0.95,4711.741113,1,1,72,80
12/26/2021,15:00:00,11.5,228,0.95,4314.365357,1,1,70,91
12/26/2021,16:00:00,11.8,50,0.95,970.8144776,1,1,70,91
12/26/2021,17:00:00,11.8,50,0.95,970.8144776,1,1,70,91
12/26/2021,18:00:00,11.6,61,0.95,1164.319194,1,1,65,94
12/26/2021,19:00:00,11.6,61,0.95,1164.319194,1,1,65,94
12/26/2021,20:00:00,11.6,58,0.95,1107.057594,1,1,65,94
12/26/2021,21:00:00,11.6,54,0.95,1030.708795,1,1,66,94
12/26/2021,22:00:00,11.6,44,0.95,839.8367956,1,1,66,94
12/26/2021,23:00:00,11.5,34,0.95,643.3702725,1,1,66,94
12/27/2021,0:00:00,11.5,134,0.95,2535.63578,0,1,72,92
12/27/2021,1:00:00,11.5,134,0.95,2535.63578,0,1,72,92
12/27/2021,2:00:00,11.5,144,0.95,2724.86233,0,1,72,92
12/27/2021,3:00:00,11.4,144,0.95,2701.167875,0,1,78,64
12/27/2021,4:00:00,11.3,169,0.95,3142.312556,0,1,78,64
12/27/2021,5:00:00,11.2,179,0.95,3298.794686,0,1,78,64
12/27/2021,6:00:00,11.7,224,0.95,4312.390819,0,1,84,55
12/27/2021,7:00:00,11.4,270,0.95,5064.689766,0,1,84,55
12/27/2021,8:00:00,11.5,254,0.95,4806.354388,0,1,84,55
12/27/2021,9:00:00,11.5,222,0.95,4200.829426,0,1,80,58
12/27/2021,10:00:00,11.6,261,0.95,4981.759174,0,1,80,58
12/27/2021,11:00:00,11.7,259,0.95,4986.201884,0,1,80,58
12/27/2021,12:00:00,11.8,247,0.95,4795.82352,0,1,72,78
12/27/2021,13:00:00,11.7,239,0.95,4601.16699,0,1,72,78
12/27/2021,14:00:00,11.5,236,0.95,4465.746597,0,1,72,78
12/27/2021,15:00:00,11.6,227,0.95,4332.794377,0,1,71,91
12/27/2021,16:00:00,11.5,64,0.95,1211.049925,0,1,71,91
12/27/2021,17:00:00,11.3,64,0.95,1189.988187,0,1,71,91
12/27/2021,18:00:00,11.5,62,0.95,1173.204615,0,1,68,92
12/27/2021,19:00:00,11.5,58,0.95,1097.513994,0,1,68,92
12/27/2021,20:00:00,11.5,51,0.95,965.0554087,0,1,68,92
12/27/2021,21:00:00,11.4,49,0.95,919.1474021,0,1,66,94
12/27/2021,22:00:00,11.4,44,0.95,825.3568508,0,1,66,94
12/27/2021,23:00:00,11.4,44,0.95,825.3568508,0,1,66,94
12/28/2021,0:00:00,11.4,119,0.95,2232.215119,0,1,68,94
12/28/2021,1:00:00,11.4,124,0.95,2326.005671,0,1,68,94
12/28/2021,2:00:00,11.4,124,0.95,2326.005671,0,1,68,94
12/28/2021,3:00:00,11.3,133,0.95,2472.944201,0,1,80,62
12/28/2021,4:00:00,11.3,146,0.95,2714.660551,0,1,80,62
12/28/2021,5:00:00,11.7,204,0.95,3927.355924,0,1,80,62
12/28/2021,6:00:00,11.2,242,0.95,4459.822983,0,1,85,43
12/28/2021,7:00:00,11.6,267,0.95,5096.282373,0,1,85,43
12/28/2021,8:00:00,11.5,263,0.95,4976.658284,0,1,85,43
12/28/2021,9:00:00,11.5,275,0.95,5203.730145,0,1,81,42
12/28/2021,10:00:00,11.5,271,0.95,5128.039525,0,1,81,42
12/28/2021,11:00:00,11.6,259,0.95,4943.584774,0,1,81,42
12/28/2021,12:00:00,11.6,249,0.95,4752.712775,0,1,74,68
12/28/2021,13:00:00,11.4,252,0.95,4727.043782,0,1,74,68
12/28/2021,14:00:00,11.5,249,0.95,4711.741113,0,1,74,68
12/28/2021,15:00:00,11.5,240,0.95,4541.437217,0,1,72,78
12/28/2021,16:00:00,11.5,59,0.95,1116.436649,0,1,72,78
12/28/2021,17:00:00,11.5,62,0.95,1173.204615,0,1,72,78
12/28/2021,18:00:00,11.5,66,0.95,1248.895235,0,1,68,94
12/28/2021,19:00:00,11.5,59,0.95,1116.436649,0,1,68,94
12/28/2021,20:00:00,11.5,54,0.95,1021.823374,0,1,68,94
12/28/2021,21:00:00,11.5,50,0.95,946.1327536,0,1,66,94
12/28/2021,22:00:00,11.6,46,0.95,878.0111954,0,1,66,94
12/28/2021,23:00:00,11.6,129,0.95,2462.248787,0,1,66,94
12/29/2021,0:00:00,11.4,126,0.95,2363.521891,0,1,71,92
12/29/2021,1:00:00,11.5,126,0.95,2384.254539,0,1,71,92
12/29/2021,2:00:00,11.5,126,0.95,2384.254539,0,1,71,92
12/29/2021,3:00:00,11.5,139,0.95,2630.249055,0,1,78,58
12/29/2021,4:00:00,11.5,144,0.95,2724.86233,0,1,78,58
12/29/2021,5:00:00,11.4,199,0.95,3732.863939,0,1,78,58
12/29/2021,6:00:00,11.3,244,0.95,4536.829962,0,1,84,43
12/29/2021,7:00:00,11.4,264,0.95,4952.141105,0,1,84,43
12/29/2021,8:00:00,11.6,169,0.95,3225.736783,0,1,84,43
12/29/2021,9:00:00,11.5,266,0.95,5033.426249,0,1,80,44
12/29/2021,10:00:00,11.6,271,0.95,5172.631173,0,1,80,44
12/29/2021,11:00:00,11.6,271,0.95,5172.631173,0,1,80,44
12/29/2021,12:00:00,11.3,245,0.95,4555.423528,0,1,72,76
12/29/2021,13:00:00,11.3,245,0.95,4555.423528,0,1,72,76
12/29/2021,14:00:00,11.3,245,0.95,4555.423528,0,1,72,76
12/29/2021,15:00:00,11.3,242,0.95,4499.642831,0,1,70,89
12/29/2021,16:00:00,11.6,159,0.95,3034.864784,0,1,70,89
12/29/2021,17:00:00,11.3,59,0.95,1097.02036,0,1,70,89
12/29/2021,18:00:00,11.5,61,0.95,1154.281959,0,1,71,80
12/29/2021,19:00:00,11.5,61,0.95,1154.281959,0,1,71,80
12/29/2021,20:00:00,11.5,51,0.95,965.0554087,0,1,71,80
12/29/2021,21:00:00,11.5,45,0.95,851.5194783,0,1,68,89
12/29/2021,22:00:00,11.5,141,0.95,2668.094365,0,1,68,89
12/29/2021,23:00:00,11.5,144,0.95,2724.86233,0,1,68,89
12/30/2021,0:00:00,11.5,144,0.94,2696.179569,0,1,69,88
12/30/2021,1:00:00,11.5,144,0.94,2696.179569,0,1,69,88
12/30/2021,2:00:00,11.5,144,0.94,2696.179569,0,1,69,88
12/30/2021,3:00:00,11.5,144,0.94,2696.179569,0,1,75,70
12/30/2021,4:00:00,11.5,159,0.94,2977.031608,0,1,75,70
12/30/2021,5:00:00,11.6,184,0.94,3475.075889,0,1,75,70
12/30/2021,6:00:00,11.3,242,0.94,4452.27817,0,1,81,54
12/30/2021,7:00:00,11.4,270,0.94,5011.377243,0,1,81,54
12/30/2021,8:00:00,11.6,267,0.94,5042.637296,0,1,81,54
12/30/2021,9:00:00,11.6,267,0.94,5042.637296,0,1,76,64
12/30/2021,10:00:00,11.8,253,0.94,4860.612612,0,1,76,64
12/30/2021,11:00:00,11.6,244,0.94,4608.252809,0,1,76,64
12/30/2021,12:00:00,11.9,242,0.94,4688.682321,0,1,71,82
12/30/2021,13:00:00,11.5,246,0.94,4605.973431,0,1,71,82
12/30/2021,14:00:00,11.9,235,0.94,4553.059278,0,1,71,82
12/30/2021,15:00:00,11.6,226,0.94,4268.299733,0,1,69,88
12/30/2021,16:00:00,11.6,38,0.94,717.6787162,0,1,69,88
12/30/2021,17:00:00,11.6,48,0.94,906.5415363,0,1,69,88
12/30/2021,18:00:00,11.5,62,0.94,1160.855092,0,1,69,88
12/30/2021,19:00:00,11.5,62,0.94,1160.855092,0,1,69,88
12/30/2021,20:00:00,11.5,54,0.94,1011.067338,0,1,69,88
12/30/2021,21:00:00,11.5,48,0.94,898.726523,0,1,65,94
12/30/2021,22:00:00,11.4,109,0.94,2023.111553,0,1,65,94
12/30/2021,23:00:00,11.4,109,0.94,2023.111553,0,1,65,94
12/31/2021,0:00:00,11.4,109,0.95,2044.634017,0,1,68,94
12/31/2021,1:00:00,11.4,112,0.95,2100.908348,0,1,68,94
12/31/2021,2:00:00,11.4,122,0.95,2288.48945,0,1,68,94
12/31/2021,3:00:00,11.4,114,0.95,2138.424568,0,1,75,66
12/31/2021,4:00:00,11.2,137,0.95,2524.775821,0,1,75,66
12/31/2021,5:00:00,11.2,146,0.95,2690.637007,0,1,75,66
12/31/2021,6:00:00,11.6,222,0.95,4237.358378,0,1,81,50
12/31/2021,7:00:00,11.4,246,0.95,4614.495121,0,1,81,50
12/31/2021,8:00:00,11.6,259,0.95,4943.584774,0,1,81,50
12/31/2021,9:00:00,11.7,257,0.95,4947.698395,0,1,78,52
12/31/2021,10:00:00,11.7,254,0.95,4889.94316,0,1,78,52
12/31/2021,11:00:00,11.5,249,0.95,4711.741113,0,1,78,52
12/31/2021,12:00:00,11.8,249,0.95,4834.656099,0,1,72,80
12/31/2021,13:00:00,11.6,258,0.95,4924.497574,0,1,72,80
12/31/2021,14:00:00,11.4,260,0.95,4877.108664,0,1,72,80
12/31/2021,15:00:00,11.4,252,0.95,4727.043782,0,1,69,91
12/31/2021,16:00:00,11.7,44,0.95,847.0767679,0,1,69,91
12/31/2021,17:00:00,11.6,53,0.95,1011.621595,0,1,69,91
12/31/2021,18:00:00,11.6,65,0.95,1240.667993,0,1,67,92
12/31/2021,19:00:00,11.6,64,0.95,1221.580794,0,1,67,92
12/31/2021,20:00:00,11.5,62,0.95,1173.204615,0,1,67,92
12/31/2021,21:00:00,11.5,57,0.95,1078.591339,0,1,65,94
12/31/2021,22:00:00,11.5,48,0.95,908.2874435,0,1,65,94
12/31/2021,23:00:00,11.6,44,0.95,839.8367956,0,1,65,94
