VOLTAGE,CURRENT,PF,PowerConsumption_Zone1,WEEKEND/WEEKDAY,SEASON,Temp_(F),Humidity_(%),Datetime,hour,day,month,dayofweek,quarter,is_weekend,hour_sin,hour_cos,month_sin,month_cos,day_sin,day_cos,power_roll_mean_24,power_roll_std_24,power_roll_max_24,power_roll_min_24,power_lag_1,power_lag_24,power_lag_168,power_diff_1,power_diff_24,LSTM_Prediction,Actual_Power
11.5,69,0.92,1264.431731,0,0,87,48,2021-10-20 04:00:00,4,20,10,2,4,0,0.8660254037844386,0.5000000000000001,-0.8660254037844386,0.5000000000000001,0.9749279121818236,-0.22252093395631434,1429.7898128416666,264.475523028361,1924.414102,950.4282396,1264.431731,1574.299084,2659.307672,0.0,-309.8673530000001,1088.5924,1264.4317309999997
11.5,69,0.92,1264.431731,0,0,87,48,2021-10-20 05:00:00,5,20,10,2,4,0,0.9659258262890683,0.25881904510252074,-0.8660254037844386,0.5000000000000001,0.9749279121818236,-0.22252093395631434,1416.8786731333332,264.6776199503915,1924.414102,950.4282396,1264.431731,1574.299084,2705.962192,0.0,-309.8673530000001,1155.9242,1264.4317309999997
11.5,86,0.92,1575.958389,0,0,91,42,2021-10-20 06:00:00,6,20,10,2,4,0,1.0,6.123233995736766e-17,-0.8660254037844386,0.5000000000000001,0.9749279121818236,-0.22252093395631434,1417.52321255,265.0611012408255,1924.414102,950.4282396,1264.431731,1560.489443,3440.770891,311.526658,15.46894599999996,1224.4773,1575.958389
11.4,99,0.92,1798.409138,0,0,91,42,2021-10-20 07:00:00,7,20,10,2,4,0,0.9659258262890683,-0.25881904510252063,-0.8660254037844386,0.5000000000000001,0.9749279121818236,-0.22252093395631434,1422.2308400499999,270.96367241852465,1924.414102,950.4282396,1575.958389,1685.426078,3735.69411,222.4507490000001,112.98306000000002,1479.2393,1798.4091380000002
11.4,93,0.92,1689.414645,0,0,91,42,2021-10-20 08:00:00,8,20,10,2,4,0,0.8660254037844387,-0.4999999999999998,-0.8660254037844386,0.5000000000000001,0.9749279121818236,-0.22252093395631434,1423.1687455499998,271.88479356669035,1924.414102,950.4282396,1798.409138,1666.904913,3801.510309,-108.99449299999992,22.509731999999985,1682.657,1689.414645
11.4,98,0.92,1780.243389,0,0,87,59,2021-10-20 09:00:00,9,20,10,2,4,0,0.7071067811865476,-0.7071067811865475,-0.8660254037844386,0.5000000000000001,0.9749279121818236,-0.22252093395631434,1426.3477515916666,275.7293909892245,1924.414102,950.4282396,1689.414645,1703.947244,3898.984932,90.82874399999992,76.29614500000002,1620.7454,1780.243389
11.4,98,0.92,1780.243389,0,0,87,59,2021-10-20 10:00:00,10,20,10,2,4,0,0.49999999999999994,-0.8660254037844387,-0.8660254037844386,0.5000000000000001,0.9749279121818236,-0.22252093395631434,1436.6888165916664,284.38453995270663,1924.414102,950.4282396,1780.243389,1532.057829,3775.017206,0.0,248.1855599999999,1652.038,1780.243389
11.4,104,0.92,1889.237882,0,0,87,59,2021-10-20 11:00:00,11,20,10,2,4,0,0.258819045102521,-0.9659258262890682,-0.8660254037844386,0.5000000000000001,0.9749279121818236,-0.22252093395631434,1447.4961207999997,296.7062986786781,1924.414102,950.4282396,1780.243389,1629.862581,3735.69411,108.99449299999992,259.3753009999998,1663.1649,1889.2378820000001
11.4,108,0.92,1961.900878,0,0,81,78,2021-10-20 12:00:00,12,20,10,2,4,0,1.2246467991473532e-16,-1.0,-0.8660254037844386,0.5000000000000001,0.9749279121818236,-0.22252093395631434,1465.9613412583333,314.5839546771017,1961.900878,950.4282396,1889.237882,1518.735587,2667.305589,72.66299600000002,443.165291,1704.1938,1961.900878
11.4,108,0.92,1961.900878,0,0,81,78,2021-10-20 13:00:00,13,20,10,2,4,0,-0.2588190451025208,-0.9659258262890683,-0.8660254037844386,0.5000000000000001,0.9749279121818236,-0.22252093395631434,1479.7962703,329.0730833233884,1961.900878,950.4282396,1961.900878,1629.862581,3363.124439,0.0,332.03829699999983,1741.677,1961.900878
11.4,108,0.92,1961.900878,0,0,81,78,2021-10-20 14:00:00,14,20,10,2,4,0,-0.4999999999999997,-0.8660254037844388,-0.8660254037844386,0.5000000000000001,0.9749279121818236,-0.22252093395631434,1494.592458675,342.73146796196056,1961.900878,950.4282396,1961.900878,1606.792357,3363.124439,0.0,355.1085209999999,1715.9464,1961.900878
11.5,100,0.92,1832.509754,0,0,78,90,2021-10-20 15:00:00,15,20,10,2,4,0,-0.7071067811865471,-0.7071067811865479,-0.8660254037844386,0.5000000000000001,0.9749279121818236,-0.22252093395631434,1501.492660383333,347.97835825876905,1961.900878,950.4282396,1961.900878,1666.904913,3653.048959,-129.391124,165.60484099999985,1625.0201,1832.509754
11.6,107,0.92,1977.835745,0,0,78,90,2021-10-20 16:00:00,16,20,10,2,4,0,-0.8660254037844385,-0.5000000000000004,-0.8660254037844386,0.5000000000000001,0.9749279121818236,-0.22252093395631434,1513.6763965083335,359.62263795005606,1977.835745,950.4282396,1832.509754,1685.426078,3595.064055,145.32599100000016,292.4096670000001,1397.2847,1977.8357450000003
11.6,114,0.92,2107.226869,0,0,78,90,2021-10-20 17:00:00,17,20,10,2,4,0,-0.9659258262890683,-0.25881904510252063,-0.8660254037844386,0.5000000000000001,0.9749279121818236,-0.22252093395631434,1521.2935951333332,370.4731603977193,2107.226869,950.4282396,1977.835745,1924.414102,1207.185719,129.391124,182.81276700000012,1338.1083,2107.226869
11.6,65,0.92,1201.489004,0,0,77,91,2021-10-20 18:00:00,18,20,10,2,4,0,-1.0,-1.8369701987210297e-16,-0.8660254037844386,0.5000000000000001,0.9749279121818236,-0.22252093395631434,1519.5288663000001,371.9501755376856,2107.226869,950.4282396,2107.226869,1243.842496,1198.354685,-905.737865,-42.35349199999996,1154.3845,1201.489004
11.7,63,0.92,1174.559078,0,0,77,91,2021-10-20 19:00:00,19,20,10,2,4,0,-0.9659258262890684,0.2588190451025203,-0.8660254037844386,0.5000000000000001,0.9749279121818236,-0.22252093395631434,1517.4273113,373.82443240531995,2107.226869,950.4282396,1201.489004,1224.996398,1159.698082,-26.929926000000023,-50.43732,937.8955,1174.559078
11.7,60,0.92,1118.627694,0,0,77,91,2021-10-20 20:00:00,20,20,10,2,4,0,-0.8660254037844386,0.5000000000000001,-0.8660254037844386,0.5000000000000001,0.9749279121818236,-0.22252093395631434,1516.9215524666663,374.3781044702399,2107.226869,950.4282396,1174.559078,1130.765906,1111.210706,-55.93138399999998,-12.138212000000067,971.4884,1118.627694
11.7,58,0.92,1081.340104,0,0,74,91,2021-10-20 21:00:00,21,20,10,2,4,0,-0.7071067811865477,0.7071067811865474,-0.8660254037844386,0.5000000000000001,0.9749279121818236,-0.22252093395631434,1517.2179063833335,374.0150753292179,2107.226869,950.4282396,1118.627694,1074.22761,1033.231007,-37.28758999999991,7.112494000000197,966.5315,1081.340104
11.7,54,0.92,1006.764924,0,0,74,91,2021-10-20 22:00:00,22,20,10,2,4,0,-0.5000000000000004,0.8660254037844384,-0.8660254037844386,0.5000000000000001,0.9749279121818236,-0.22252093395631434,1519.5652682333332,370.46309676326985,2107.226869,950.4282396,1081.340104,950.4282396,994.2411576,-74.57518000000016,56.33668439999997,946.39905,1006.764924
11.7,49,0.92,913.5459497,0,0,74,91,2021-10-20 23:00:00,23,20,10,2,4,0,-0.25881904510252157,0.9659258262890681,-0.8660254037844386,0.5000000000000001,0.9749279121818236,-0.22252093395631434,1518.0285061541665,372.9944991568064,2107.226869,913.5459497,1006.764924,950.4282396,966.4150686,-93.2189742999999,-36.88228989999993,937.17413,913.5459497
11.4,73,0.96,1383.756175,0,0,76,88,2021-10-21 00:00:00,0,21,10,3,4,0,0.0,1.0,-0.8660254037844386,0.5000000000000001,0.43388373911755823,-0.900968867902419,1522.5422305708335,370.5786963292647,2107.226869,913.5459497,913.5459497,1275.426789,956.0920458,470.21022529999993,108.32938599999989,969.0182,1383.756175
11.4,73,0.96,1383.756175,0,0,76,88,2021-10-21 01:00:00,1,21,10,3,4,0,0.25881904510252074,0.9659258262890683,-0.8660254037844386,0.5000000000000001,0.43388373911755823,-0.900968867902419,1527.0559549874997,368.08928930620425,2107.226869,913.5459497,1383.756175,1275.426789,1516.445123,0.0,108.32938599999989,1033.6415,1383.756175
11.4,73,0.96,1383.756175,0,0,76,88,2021-10-21 02:00:00,2,21,10,3,4,0,0.49999999999999994,0.8660254037844387,-0.8660254037844386,0.5000000000000001,0.43388373911755823,-0.900968867902419,1531.5696794041667,365.5247742462668,2107.226869,913.5459497,1383.756175,1275.426789,1573.311815,0.0,108.32938599999989,1110.0088,1383.756175
11.4,73,0.96,1383.756175,0,0,86,44,2021-10-21 03:00:00,3,21,10,3,4,0,0.7071067811865476,0.7071067811865476,-0.8660254037844386,0.5000000000000001,0.43388373911755823,-0.900968867902419,1536.5415312375,362.53246803142713,2107.226869,913.5459497,1383.756175,1264.431731,1559.510834,0.0,119.32444400000008,1198.9539,1383.756175
11.3,73,0.96,1371.617963,0,0,86,44,2021-10-21 04:00:00,4,21,10,3,4,0,0.8660254037844386,0.5000000000000001,-0.8660254037844386,0.5000000000000001,0.43388373911755823,-0.900968867902419,1541.0076242374998,359.68358769802904,2107.226869,913.5459497,1383.756175,1264.431731,1597.089409,-12.138212000000067,107.18623200000002,1318.7076,1371.617963
11.3,73,0.96,1371.617963,0,0,86,44,2021-10-21 05:00:00,5,21,10,3,4,0,0.9659258262890683,0.25881904510252074,-0.8660254037844386,0.5000000000000001,0.43388373911755823,-0.900968867902419,1545.4737172375,356.7536260988804,2107.226869,913.5459497,1371.617963,1264.431731,2140.981075,0.0,107.18623200000002,1429.3207,1371.617963
11.5,87,0.96,1663.60016,0,0,90,30,2021-10-21 06:00:00,6,21,10,3,4,0,1.0,6.123233995736766e-17,-0.8660254037844386,0.5000000000000001,0.43388373911755823,-0.900968867902419,1549.1254576958333,357.52694882705043,2107.226869,913.5459497,1371.617963,1575.958389,2638.814046,291.98219700000004,87.64177100000006,1497.9794,1663.6001600000002
11.3,103,0.96,1935.296578,0,0,90,30,2021-10-21 07:00:00,7,21,10,3,4,0,0.9659258262890683,-0.25881904510252063,-0.8660254037844386,0.5000000000000001,0.43388373911755823,-0.900968867902419,1554.8291010291666,362.73070403362414,2107.226869,913.5459497,1663.60016,1798.409138,3035.550676,271.696418,136.88743999999997,1736.3358,1935.296578
11.2,112,0.96,2085.777152,0,0,90,30,2021-10-21 08:00:00,8,21,10,3,4,0,0.8660254037844387,-0.4999999999999998,-0.8660254037844386,0.5000000000000001,0.43388373911755823,-0.900968867902419,1571.3442054875002,377.83355893361096,2107.226869,913.5459497,1935.296578,1689.414645,3594.906092,150.48057400000016,396.36250700000005,1916.0846,2085.777152
11.4,110,0.96,2085.112044,0,0,87,49,2021-10-21 09:00:00,9,21,10,3,4,0,0.7071067811865476,-0.7071067811865475,-0.8660254037844386,0.5000000000000001,0.43388373911755823,-0.900968867902419,1584.0470661125,390.0883054365524,2107.226869,913.5459497,2085.777152,1780.243389,3791.112808,-0.6651080000001457,304.868655,2045.6771,2085.112044
11.5,114,0.96,2179.889864,0,0,87,49,2021-10-21 10:00:00,10,21,10,3,4,0,0.49999999999999994,-0.8660254037844387,-0.8660254037844386,0.5000000000000001,0.43388373911755823,-0.900968867902419,1600.6990025708335,406.9913541360623,2179.889864,913.5459497,2085.112044,1780.243389,3889.382442,94.77782000000025,399.64647500000024,1998.9095,2179.889864
11.5,114,0.96,2179.889864,0,0,87,49,2021-10-21 11:00:00,11,21,10,3,4,0,0.258819045102521,-0.9659258262890682,-0.8660254037844386,0.5000000000000001,0.43388373911755823,-0.900968867902419,1612.8095018208335,420.0648274123074,2179.889864,913.5459497,2179.889864,1889.237882,3889.382442,0.0,290.6519820000003,2037.0942,2179.889864
11.5,114,0.96,2179.889864,0,0,79,78,2021-10-21 12:00:00,12,21,10,3,4,0,1.2246467991473532e-16,-1.0,-0.8660254037844386,0.5000000000000001,0.43388373911755823,-0.900968867902419,1621.8923762375,430.1763007605118,2179.889864,913.5459497,2179.889864,1961.900878,3958.22107,0.0,217.9889860000003,2030.3917,2179.889864
11.5,114,0.96,2179.889864,0,0,79,78,2021-10-21 13:00:00,13,21,10,3,4,0,-0.2588190451025208,-0.9659258262890683,-0.8660254037844386,0.5000000000000001,0.43388373911755823,-0.900968867902419,1630.9752506541665,439.8598290771231,2179.889864,913.5459497,2179.889864,1961.900878,3799.759205,0.0,217.9889860000003,1991.9796,2179.889864
11.4,121,0.96,2293.623249,0,0,79,78,2021-10-21 14:00:00,14,21,10,3,4,0,-0.4999999999999997,-0.8660254037844388,-0.8660254037844386,0.5000000000000001,0.43388373911755823,-0.900968867902419,1644.7970161125002,455.6394933874542,2293.623249,913.5459497,2179.889864,1961.900878,3633.149774,113.733385,331.7223710000003,1927.578,2293.623249
11.4,124,0.96,2350.489941,0,0,75,87,2021-10-21 15:00:00,15,21,10,3,4,0,-0.7071067811865471,-0.7071067811865479,-0.8660254037844386,0.5000000000000001,0.43388373911755823,-0.900968867902419,1666.3795239041667,476.6986160877677,2350.489941,913.5459497,2293.623249,1832.509754,3575.784251,56.8666919999996,517.9801869999999,1936.4231,2350.489941
11.5,114,0.96,2179.889864,0,0,75,87,2021-10-21 16:00:00,16,21,10,3,4,0,-0.8660254037844385,-0.5000000000000004,-0.8660254037844386,0.5000000000000001,0.43388373911755823,-0.900968867902419,1674.7984455291664,484.1641357187263,2350.489941,913.5459497,2350.489941,1977.835745,3441.931365,-170.6000769999996,202.05411900000013,1874.7115,2179.889864
11.4,115,0.96,2179.889864,0,0,75,87,2021-10-21 17:00:00,17,21,10,3,4,0,-0.9659258262890683,-0.25881904510252063,-0.8660254037844386,0.5000000000000001,0.43388373911755823,-0.900968867902419,1677.8260703208334,487.20346346025286,2350.489941,913.5459497,2179.889864,2107.226869,3060.824762,0.0,72.66299500000014,1499.9994,2179.889864
11.6,61,0.96,1176.575185,0,0,76,93,2021-10-21 18:00:00,18,21,10,3,4,0,-1.0,-1.8369701987210297e-16,-0.8660254037844386,0.5000000000000001,0.43388373911755823,-0.900968867902419,1676.7879945291668,488.2878484374149,2350.489941,913.5459497,2179.889864,1201.489004,1185.554137,-1003.3146790000003,-24.913819000000103,1268.639,1176.5751849999997
11.6,61,0.96,1176.575185,0,0,76,93,2021-10-21 19:00:00,19,21,10,3,4,0,-0.9659258262890684,0.2588190451025203,-0.8660254037844386,0.5000000000000001,0.43388373911755823,-0.900968867902419,1676.8719989874999,488.1978540592249,2350.489941,913.5459497,1176.575185,1174.559078,1185.554137,0.0,2.01610699999992,1006.4349,1176.5751849999997
11.6,58,0.96,1118.710832,0,0,76,93,2021-10-21 20:00:00,20,21,10,3,4,0,-0.8660254037844386,0.5000000000000001,-0.8660254037844386,0.5000000000000001,0.43388373911755823,-0.900968867902419,1676.8754630708336,488.19372100581654,2350.489941,913.5459497,1176.575185,1118.627694,1128.188614,-57.86435299999994,0.08313799999996263,937.4864,1118.710832
11.6,56,0.96,1080.134596,0,0,73,91,2021-10-21 21:00:00,21,21,10,3,4,0,-0.7071067811865477,0.7071067811865474,-0.8660254037844386,0.5000000000000001,0.43388373911755823,-0.900968867902419,1676.8252335708332,488.25771661817106,2350.489941,913.5459497,1118.710832,1081.340104,1070.823091,-38.57623599999988,-1.205508000000009,906.5603,1080.134596
11.6,53,0.96,1022.270243,0,0,73,91,2021-10-21 22:00:00,22,21,10,3,4,0,-0.5000000000000004,0.8660254037844384,-0.8660254037844386,0.5000000000000001,0.43388373911755823,-0.900968867902419,1677.4712885291665,487.3419543225037,2350.489941,913.5459497,1080.134596,1006.764924,1032.579409,-57.86435300000005,15.5053190000001,917.198,1022.2702429999999
11.6,50,0.96,964.4058897,0,0,73,91,2021-10-21 23:00:00,23,21,10,3,4,0,-0.25881904510252157,0.9659258262890681,-0.8660254037844386,0.5000000000000001,0.43388373911755823,-0.900968867902419,1679.5904526958336,483.9746089875032,2350.489941,964.4058897,1022.270243,913.5459497,956.0920458,-57.86435330000006,50.85993999999994,958.46,964.4058897
11.4,57,0.965,1086.094583,0,0,76,74,2021-10-22 00:00:00,0,22,10,4,4,0,0.0,1.0,-0.8660254037844386,0.5000000000000001,-0.433883739117558,-0.9009688679024191,1667.1878863625,495.56074383831736,2350.489941,964.4058897,964.4058897,1383.756175,2274.667685,121.68869330000007,-297.6615919999999,1029.596,1086.094583
11.4,57,0.965,1086.094583,0,0,76,74,2021-10-22 01:00:00,1,22,10,4,4,0,0.25881904510252074,0.9659258262890683,-0.8660254037844386,0.5000000000000001,-0.433883739117558,-0.9009688679024191,1654.7853200291668,506.56535239744915,2350.489941,964.4058897,1086.094583,1383.756175,2274.667685,0.0,-297.6615919999999,1094.1799,1086.094583
11.4,57,0.965,1086.094583,0,0,76,74,2021-10-22 02:00:00,2,22,10,4,4,0,0.49999999999999994,0.8660254037844387,-0.8660254037844386,0.5000000000000001,-0.433883739117558,-0.9009688679024191,1642.3827536958333,517.0255684127263,2350.489941,964.4058897,1086.094583,1383.756175,2274.667685,0.0,-297.6615919999999,1068.2277,1086.094583
11.4,57,0.965,1086.094583,0,0,87,39,2021-10-22 03:00:00,3,22,10,4,4,0,0.7071067811865476,0.7071067811865476,-0.8660254037844386,0.5000000000000001,-0.433883739117558,-0.9009688679024191,1629.9801873625001,526.9738107937048,2350.489941,964.4058897,1086.094583,1383.756175,2254.714459,0.0,-297.6615919999999,1117.9883,1086.094583
11.3,57,0.965,1076.567438,0,0,87,39,2021-10-22 04:00:00,4,22,10,4,4,0,0.8660254037844386,0.5000000000000001,-0.8660254037844386,0.5000000000000001,-0.433883739117558,-0.9009688679024191,1617.6864154875002,536.6165939747971,2350.489941,964.4058897,1086.094583,1371.617963,2254.714459,-9.527145000000019,-295.0505249999999,1179.7096,1076.567438
11.3,62,0.965,1171.003178,0,0,87,39,2021-10-22 05:00:00,5,22,10,4,4,0,0.9659258262890683,0.25881904510252074,-0.8660254037844386,0.5000000000000001,-0.433883739117558,-0.9009688679024191,1609.3274661125,542.1502594492567,2350.489941,964.4058897,1076.567438,1371.617963,2498.975192,94.4357399999999,-200.61478499999998,1234.1154,1171.003178
11.3,74,0.965,1397.648954,0,0,90,29,2021-10-22 06:00:00,6,22,10,4,4,0,1.0,6.123233995736766e-17,-0.8660254037844386,0.5000000000000001,-0.433883739117558,-0.9009688679024191,1598.2461658625,543.7084404868764,2350.489941,964.4058897,1171.003178,1663.60016,3041.20409,226.64577600000007,-265.95120599999996,1380.6431,1397.648954
11.3,74,0.965,1397.648954,0,0,90,29,2021-10-22 07:00:00,7,22,10,4,4,0,0.9659258262890683,-0.25881904510252063,-0.8660254037844386,0.5000000000000001,-0.433883739117558,-0.9009688679024191,1575.844181529167,540.2827704621017,2350.489941,964.4058897,1397.648954,1935.296578,2989.658258,0.0,-537.647624,1556.5833,1397.648954
11.3,90,0.965,1699.843323,0,0,90,29,2021-10-22 08:00:00,8,22,10,4,4,0,0.8660254037844387,-0.4999999999999998,-0.8660254037844386,0.5000000000000001,-0.433883739117558,-0.9009688679024191,1559.7636053208334,530.0928537079873,2350.489941,964.4058897,1397.648954,2085.777152,3174.225592,302.19436900000005,-385.93382900000006,1468.9196,1699.8433230000003
11.4,84,0.965,1600.560438,0,0,82,37,2021-10-22 09:00:00,9,22,10,4,4,0,0.7071067811865476,-0.7071067811865475,-0.8660254037844386,0.5000000000000001,-0.433883739117558,-0.9009688679024191,1539.5739550708333,518.3105684643887,2350.489941,964.4058897,1699.843323,2085.112044,3201.827554,-99.28288500000008,-484.551606,1669.8384,1600.560438
11.4,88,0.965,1676.777602,0,0,82,37,2021-10-22 10:00:00,10,22,10,4,4,0,0.49999999999999994,-0.8660254037844387,-0.8660254037844386,0.5000000000000001,-0.433883739117558,-0.9009688679024191,1518.6109441541666,501.1780935497383,2350.489941,964.4058897,1600.560438,2179.889864,3209.975121,76.21716399999991,-503.1122620000003,1597.2721,1676.777602
11.4,87,0.965,1657.723311,0,0,82,37,2021-10-22 11:00:00,11,22,10,4,4,0,0.258819045102521,-0.9659258262890682,-0.8660254037844386,0.5000000000000001,-0.433883739117558,-0.9009688679024191,1496.8540044458332,482.1974053638338,2350.489941,964.4058897,1676.777602,2179.889864,2918.159201,-19.05429099999992,-522.1665530000002,1598.0696,1657.723311
11.4,90,0.965,1714.886184,0,0,73,72,2021-10-22 12:00:00,12,22,10,4,4,0,1.2246467991473532e-16,-1.0,-0.8660254037844386,0.5000000000000001,-0.433883739117558,-0.9009688679024191,1477.4788511125,462.4988975918608,2350.489941,964.4058897,1657.723311,2179.889864,2879.250411,57.16287299999999,-465.00368000000026,1602.866,1714.886184
11.4,86,0.965,1638.66902,0,0,73,72,2021-10-22 13:00:00,13,22,10,4,4,0,-0.2588190451025208,-0.9659258262890683,-0.8660254037844386,0.5000000000000001,-0.433883739117558,-0.9009688679024191,1454.9279826125003,439.3778375866132,2350.489941,964.4058897,1714.886184,2179.889864,2923.480061,-76.21716399999991,-541.2208440000002,1601.9706,1638.6690200000003
11.4,85,0.965,1619.614729,0,0,73,72,2021-10-22 14:00:00,14,22,10,4,4,0,-0.4999999999999997,-0.8660254037844388,-0.8660254037844386,0.5000000000000001,-0.433883739117558,-0.9009688679024191,1426.8442942791664,403.5171277598493,2350.489941,964.4058897,1638.66902,2293.623249,3217.790134,-19.05429100000015,-674.0085200000003,1491.7921,1619.614729
11.3,91,0.965,1718.730471,0,0,72,87,2021-10-22 15:00:00,15,22,10,4,4,0,-0.7071067811865471,-0.7071067811865479,-0.8660254037844386,0.5000000000000001,-0.433883739117558,-0.9009688679024191,1400.5209830291667,358.76878368569913,2179.889864,964.4058897,1619.614729,2350.489941,3158.928119,99.11574200000018,-631.7594699999997,1417.3176,1718.7304709999999
11.4,85,0.965,1619.614729,0,0,72,87,2021-10-22 16:00:00,16,22,10,4,4,0,-0.8660254037844385,-0.5000000000000004,-0.8660254037844386,0.5000000000000001,-0.433883739117558,-0.9009688679024191,1377.1761857374997,322.2173605308622,2179.889864,964.4058897,1718.730471,2179.889864,2584.607784,-99.11574200000018,-560.2751350000003,1371.7928,1619.614729
11.4,79,0.965,1505.288984,0,0,72,87,2021-10-22 17:00:00,17,22,10,4,4,0,-0.9659258262890683,-0.25881904510252063,-0.8660254037844386,0.5000000000000001,-0.433883739117558,-0.9009688679024191,1349.0678157374998,275.1327220834019,1718.730471,964.4058897,1619.614729,2179.889864,2394.22076,-114.32574499999987,-674.6008800000002,1232.6959,1505.288984
11.6,53,0.965,1027.594567,0,0,74,90,2021-10-22 18:00:00,18,22,10,4,4,0,-1.0,-1.8369701987210297e-16,-0.8660254037844386,0.5000000000000001,-0.433883739117558,-0.9009688679024191,1342.8602899875,280.81565053593215,1718.730471,964.4058897,1505.288984,1176.575185,1185.554137,-477.69441699999993,-148.98061799999982,1153.0671,1027.594567
11.6,52,0.965,1008.20599,0,0,74,90,2021-10-22 19:00:00,19,22,10,4,4,0,-0.9659258262890684,0.2588190451025203,-0.8660254037844386,0.5000000000000001,-0.433883739117558,-0.9009688679024191,1335.8449068625,287.18139021896036,1718.730471,964.4058897,1027.594567,1176.575185,1147.310455,-19.388577000000055,-168.36919499999988,1059.207,1008.2059899999999
11.6,50,0.965,969.428837,0,0,74,90,2021-10-22 20:00:00,20,22,10,4,4,0,-0.8660254037844386,0.5000000000000001,-0.8660254037844386,0.5000000000000001,-0.433883739117558,-0.9009688679024191,1329.6248237375,293.6329751203986,1718.730471,964.4058897,1008.20599,1118.710832,1118.710832,-38.777153,-149.28199499999994,953.14325,969.4288370000002
11.6,48,0.965,930.6516835,0,0,69,94,2021-10-22 21:00:00,21,22,10,4,4,0,-0.7071067811865477,0.7071067811865474,-0.8660254037844386,0.5000000000000001,-0.433883739117558,-0.9009688679024191,1323.39636905,300.6565713164603,1718.730471,930.6516835,969.428837,1080.134596,1080.134596,-38.777153500000054,-149.4829125000001,973.3764,930.6516835
11.7,44,0.965,860.4516643,0,0,69,94,2021-10-22 22:00:00,22,22,10,4,4,0,-0.5000000000000004,0.8660254037844384,-0.8660254037844386,0.5000000000000001,-0.433883739117558,-0.9009688679024191,1316.6539282708334,309.39073387835043,1718.730471,860.4516643,930.6516835,1022.270243,1022.270243,-70.20001920000004,-161.8185787000001,997.0174,860.4516643
11.7,43,0.965,840.8959446,0,0,69,94,2021-10-22 23:00:00,23,22,10,4,4,0,-0.25881904510252157,0.9659258262890681,-0.8660254037844386,0.5000000000000001,-0.433883739117558,-0.9009688679024191,1311.5076805583333,316.45123042085874,1718.730471,840.8959446,860.4516643,964.4058897,945.1177719,-19.55571969999994,-123.50994509999998,992.4049,840.8959446
11.5,71,0.95,1343.50851,0,0,73,84,2021-10-23 00:00:00,0,23,10,5,4,1,0.0,1.0,-0.8660254037844386,0.5000000000000001,-0.9749279121818236,-0.2225209339563146,1322.23326085,312.820537744123,1718.730471,840.8959446,840.8959446,1086.094583,2144.036413,502.6125653999999,257.41392699999983,1005.7809,1343.5085099999997
11.5,71,0.95,1343.50851,0,0,73,84,2021-10-23 01:00:00,1,23,10,5,4,1,0.25881904510252074,0.9659258262890683,-0.8660254037844386,0.5000000000000001,-0.9749279121818236,-0.2225209339563146,1332.9588411416667,308.7586710981942,1718.730471,840.8959446,1343.50851,1086.094583,2144.036413,0.0,257.41392699999983,1191.8102,1343.5085099999997
11.5,80,0.95,1513.812406,0,0,73,84,2021-10-23 02:00:00,2,23,10,5,4,1,0.49999999999999994,0.8660254037844387,-0.8660254037844386,0.5000000000000001,-0.9749279121818236,-0.2225209339563146,1350.7804171,306.2236703715699,1718.730471,840.8959446,1343.50851,1086.094583,1756.022391,170.30389600000012,427.71782299999995,1232.1917,1513.812406
11.4,80,0.95,1500.64882,0,0,83,35,2021-10-23 03:00:00,3,23,10,5,4,1,0.7071067811865476,0.7071067811865476,-0.8660254037844386,0.5000000000000001,-0.9749279121818236,-0.2225209339563146,1368.0535103083332,302.3113028595865,1718.730471,840.8959446,1513.812406,1086.094583,1337.732121,-13.163586000000123,414.55423699999983,1403.3944,1500.64882
11.4,90,0.95,1688.229922,0,0,83,35,2021-10-23 04:00:00,4,23,10,5,4,1,0.8660254037844386,0.5000000000000001,-0.8660254037844386,0.5000000000000001,-0.9749279121818236,-0.2225209339563146,1393.5394471416666,302.4522140529092,1718.730471,840.8959446,1500.64882,1076.567438,1356.057218,187.5811020000001,611.662484,1459.8741,1688.229922
11.6,102,0.95,1946.89439,0,0,83,35,2021-10-23 05:00:00,5,23,10,5,4,1,0.9659258262890683,0.25881904510252074,-0.8660254037844386,0.5000000000000001,-0.9749279121818236,-0.2225209339563146,1425.8682476416668,318.6639589289642,1946.89439,840.8959446,1688.229922,1171.003178,1374.382316,258.66446799999994,775.891212,1692.1759,1946.89439
11.3,108,0.95,2008.105065,0,0,86,30,2021-10-23 06:00:00,6,23,10,5,4,1,1.0,6.123233995736766e-17,-0.8660254037844386,0.5000000000000001,-0.9749279121818236,-0.2225209339563146,1451.3039189333333,339.96486727326675,2008.105065,840.8959446,1946.89439,1397.648954,1848.444622,61.21067500000004,610.456111,1812.1827,2008.105065
11.3,112,0.95,2082.479327,0,0,86,30,2021-10-23 07:00:00,7,23,10,5,4,1,0.9659258262890683,-0.25881904510252063,-0.8660254037844386,0.5000000000000001,-0.9749279121818236,-0.2225209339563146,1479.8385178083333,363.21108565239086,2082.479327,840.8959446,2008.105065,1397.648954,1850.834852,74.37426200000004,684.830373,1885.0167,2082.479327
11.3,123,0.95,2287.008547,0,0,86,30,2021-10-23 08:00:00,8,23,10,5,4,1,0.8660254037844387,-0.4999999999999998,-0.8660254037844386,0.5000000000000001,-0.9749279121818236,-0.2225209339563146,1504.3037354749997,396.8883837041934,2287.008547,840.8959446,2082.479327,1699.843323,1889.237882,204.5292199999999,587.1652239999999,1950.855,2287.008547
11.4,127,0.95,2382.280001,0,0,85,36,2021-10-23 09:00:00,9,23,10,5,4,1,0.7071067811865476,-0.7071067811865475,-0.8660254037844386,0.5000000000000001,-0.9749279121818236,-0.2225209339563146,1536.875383933333,435.34514168743993,2382.280001,840.8959446,2287.008547,1600.560438,1848.444622,95.27145400000018,781.7195630000001,2043.6654,2382.280001
11.4,132,0.95,2476.070552,0,0,85,36,2021-10-23 10:00:00,10,23,10,5,4,1,0.49999999999999994,-0.8660254037844387,-0.8660254037844386,0.5000000000000001,-0.9749279121818236,-0.2225209339563146,1570.1792568500002,475.2564253966995,2476.070552,840.8959446,2382.280001,1676.777602,1848.444622,93.79055100000005,799.2929500000002,2067.647,2476.070552
11.4,134,0.95,2513.586773,0,0,85,36,2021-10-23 11:00:00,11,23,10,5,4,1,0.258819045102521,-0.9659258262890682,-0.8660254037844386,0.5000000000000001,-0.9749279121818236,-0.2225209339563146,1605.8402344333333,512.7425093103041,2513.586773,840.8959446,2476.070552,1657.723311,1823.904926,37.51622099999986,855.863462,2121.5325,2513.586773
11.4,136,0.95,2551.102993,0,0,74,79,2021-10-23 12:00:00,12,23,10,5,4,1,1.2246467991473532e-16,-1.0,-0.8660254037844386,0.5000000000000001,-0.9749279121818236,-0.2225209339563146,1640.6826014749997,547.6950575809815,2551.102993,840.8959446,2513.586773,1714.886184,1839.361747,37.516219999999976,836.216809,2148.2356,2551.102993
11.5,126,0.95,2384.254539,0,0,74,79,2021-10-23 13:00:00,13,23,10,5,4,1,-0.2588190451025208,-0.9659258262890683,-0.8660254037844386,0.5000000000000001,-0.9749279121818236,-0.2225209339563146,1671.7486647666665,568.3324163195151,2551.102993,840.8959446,2551.102993,1638.66902,1839.361747,-166.84845399999995,745.585519,2154.38,2384.254539
11.5,112,0.95,2119.337368,0,0,74,79,2021-10-23 14:00:00,14,23,10,5,4,1,-0.4999999999999997,-0.8660254037844388,-0.8660254037844386,0.5000000000000001,-0.9749279121818236,-0.2225209339563146,1692.5704413916667,575.4488796828681,2551.102993,840.8959446,2384.254539,1619.614729,1839.361747,-264.91717100000005,499.7226390000001,2044.0321,2119.337368
11.5,134,0.95,2535.63578,0,0,72,82,2021-10-23 15:00:00,15,23,10,5,4,1,-0.7071067811865471,-0.7071067811865479,-0.8660254037844386,0.5000000000000001,-0.9749279121818236,-0.2225209339563146,1726.6081626000002,600.6707021178214,2551.102993,840.8959446,2119.337368,1718.730471,1896.249224,416.2984120000001,816.905309,1816.2687,2535.63578
11.5,127,0.95,2403.177194,0,0,72,82,2021-10-23 16:00:00,16,23,10,5,4,1,-0.8660254037844385,-0.5000000000000004,-0.8660254037844386,0.5000000000000001,-0.9749279121818236,-0.2225209339563146,1759.2565986416666,615.7087713322323,2551.102993,840.8959446,2535.63578,1619.614729,1880.314357,-132.4585860000002,783.562465,1956.2179,2403.177194
11.8,122,0.95,2368.787325,0,0,72,82,2021-10-23 17:00:00,17,23,10,5,4,1,-0.9659258262890683,-0.25881904510252063,-0.8660254037844386,0.5000000000000001,-0.9749279121818236,-0.2225209339563146,1795.2356961833332,625.3763375219863,2551.102993,840.8959446,2403.177194,1505.288984,1146.035666,-34.38986900000009,863.4983409999998,1549.007,2368.787325
11.8,62,0.95,1203.809952,0,0,70,91,2021-10-23 18:00:00,18,23,10,5,4,1,-1.0,-1.8369701987210297e-16,-0.8660254037844386,0.5000000000000001,-0.9749279121818236,-0.2225209339563146,1802.5780038916666,616.9495660218574,2551.102993,840.8959446,2368.787325,1027.594567,1136.156048,-1164.9773729999997,176.21538499999997,1177.7645,1203.8099519999998
11.8,59,0.95,1145.561084,0,0,70,91,2021-10-23 19:00:00,19,23,10,5,4,1,-0.9659258262890684,0.2588190451025203,-0.8660254037844386,0.5000000000000001,-0.9749279121818236,-0.2225209339563146,1808.3011328083333,609.8565004766764,2551.102993,840.8959446,1203.809952,1008.20599,1099.505853,-58.24886800000013,137.3550939999999,1172.6537,1145.561084
11.7,56,0.95,1078.097705,0,0,70,91,2021-10-23 20:00:00,20,23,10,5,4,1,-0.8660254037844386,0.5000000000000001,-0.8660254037844386,0.5000000000000001,-0.9749279121818236,-0.2225209339563146,1812.8290023083334,603.7301497627757,2551.102993,840.8959446,1145.561084,969.428837,1044.53056,-67.46337900000003,108.66886799999986,911.9214,1078.097705
11.7,54,0.95,1039.594215,0,0,70,93,2021-10-23 21:00:00,21,23,10,5,4,1,-0.7071067811865477,0.7071067811865474,-0.8660254037844386,0.5000000000000001,-0.9749279121818236,-0.2225209339563146,1817.3682744541666,597.1829830467663,2551.102993,840.8959446,1078.097705,930.6516835,971.2301698,-38.50348999999983,108.94253150000009,916.17084,1039.594215
11.7,51,0.95,981.838981,0,0,70,93,2021-10-23 22:00:00,22,23,10,5,4,1,-0.5000000000000004,0.8660254037844384,-0.8660254037844386,0.5000000000000001,-0.9749279121818236,-0.2225209339563146,1822.4260793166666,589.1865689090567,2551.102993,840.8959446,1039.594215,860.4516643,934.5799747,-57.75523400000009,121.38731670000004,973.96545,981.838981
11.8,48,0.95,931.9818985,0,0,70,93,2021-10-23 23:00:00,23,23,10,5,4,1,-0.25881904510252157,0.9659258262890681,-0.8660254037844386,0.5000000000000001,-0.9749279121818236,-0.2225209339563146,1826.2213273958334,582.848419350542,2551.102993,931.9818985,981.838981,840.8959446,916.2548772,-49.85708249999993,91.08595390000005,998.8414,931.9818984999999
11.5,90,0.969,1737.099736,1,0,76,81,2021-10-24 00:00:00,0,24,10,6,4,1,0.0,1.0,-0.8660254037844386,0.5000000000000001,-0.7818314824680299,0.6234898018587334,1842.6209618124997,574.1480902877825,2551.102993,931.9818985,931.9818985,1343.50851,942.8273079,805.1178374999998,393.591226,1088.5913,1737.0997360000001
11.5,90,0.969,1737.099736,1,0,76,81,2021-10-24 01:00:00,1,24,10,6,4,1,0.25881904510252074,0.9659258262890683,-0.8660254037844386,0.5000000000000001,-0.7818314824680299,0.6234898018587334,1859.0205962291666,564.8172239064578,2551.102993,931.9818985,1737.099736,1343.50851,942.8273079,0.0,393.591226,1496.3657,1737.0997360000001
11.5,90,0.969,1737.099736,1,0,76,81,2021-10-24 02:00:00,2,24,10,6,4,1,0.49999999999999994,0.8660254037844387,-0.8660254037844386,0.5000000000000001,-0.7818314824680299,0.6234898018587334,1868.3242349791665,560.7077838726652,2551.102993,931.9818985,1737.099736,1513.812406,942.8273079,0.0,223.28732999999988,1470.097,1737.0997360000001
11.5,90,0.969,1737.099736,1,0,87,34,2021-10-24 03:00:00,3,24,10,6,4,1,0.7071067811865476,0.7071067811865476,-0.8660254037844386,0.5000000000000001,-0.7818314824680299,0.6234898018587334,1878.1763564791665,556.0242859019233,2551.102993,931.9818985,1737.099736,1500.64882,942.8273079,0.0,236.450916,1503.1895,1737.0997360000001
11.4,102,0.969,1951.59379,1,0,87,34,2021-10-24 04:00:00,4,24,10,6,4,1,0.8660254037844386,0.5000000000000001,-0.8660254037844386,0.5000000000000001,-0.7818314824680299,0.6234898018587334,1889.1498509791666,554.7098575483263,2551.102993,931.9818985,1737.099736,1688.229922,942.8273079,214.494054,263.3638679999999,1658.2037,1951.5937900000001
11.4,102,0.969,1951.59379,1,0,87,34,2021-10-24 05:00:00,5,24,10,6,4,1,0.9659258262890683,0.25881904510252074,-0.8660254037844386,0.5000000000000001,-0.7818314824680299,0.6234898018587334,1889.3456593125,554.7319561484106,2551.102993,931.9818985,1951.59379,1946.89439,942.8273079,0.0,4.699399999999969,1903.7948,1951.5937900000001
11.3,110,0.969,2086.19804,1,0,90,30,2021-10-24 06:00:00,6,24,10,6,4,1,1.0,6.123233995736766e-17,-0.8660254037844386,0.5000000000000001,-0.7818314824680299,0.6234898018587334,1892.5995332708335,555.6870581465864,2551.102993,931.9818985,1951.59379,2008.105065,1012.365337,134.60425000000032,78.09297500000025,1857.0176,2086.19804
11.4,116,0.969,2219.459604,1,0,90,30,2021-10-24 07:00:00,7,24,10,6,4,1,0.9659258262890683,-0.25881904510252063,-0.8660254037844386,0.5000000000000001,-0.7818314824680299,0.6234898018587334,1898.3070448125,558.4188783429539,2551.102993,931.9818985,2086.19804,2082.479327,1658.677671,133.2615639999999,136.98027700000011,1931.5819,2219.459604
11.4,124,0.969,2372.525784,1,0,90,30,2021-10-24 08:00:00,8,24,10,6,4,1,0.8660254037844387,-0.4999999999999998,-0.8660254037844386,0.5000000000000001,-0.7818314824680299,0.6234898018587334,1901.8702630208334,561.2725309928293,2551.102993,931.9818985,2219.459604,2287.008547,1776.079539,153.0661799999998,85.51723700000002,2085.8203,2372.525784
11.4,132,0.969,2525.591964,1,0,84,48,2021-10-24 09:00:00,9,24,10,6,4,1,0.7071067811865476,-0.7071067811865475,-0.8660254037844386,0.5000000000000001,-0.7818314824680299,0.6234898018587334,1907.8415948125003,567.3353859597997,2551.102993,931.9818985,2372.525784,2382.280001,1811.60113,153.06618000000026,143.3119630000001,2167.6575,2525.591964
11.3,134,0.969,2541.368522,1,0,84,48,2021-10-24 10:00:00,10,24,10,6,4,1,0.49999999999999994,-0.8660254037844387,-0.8660254037844386,0.5000000000000001,-0.7818314824680299,0.6234898018587334,1910.5623435625,570.3275826051182,2551.102993,931.9818985,2525.591964,2476.070552,1920.574146,15.776558000000023,65.29797000000008,2213.6118,2541.368522
11.3,146,0.969,2768.953762,1,0,84,48,2021-10-24 11:00:00,11,24,10,6,4,1,0.258819045102521,-0.9659258262890682,-0.8660254037844386,0.5000000000000001,-0.7818314824680299,0.6234898018587334,1921.2026347708334,584.2785171796259,2768.953762,931.9818985,2541.368522,2513.586773,1065.647723,227.58523999999989,255.3669890000001,2195.822,2768.953762
11.4,146,0.969,2793.457778,1,0,76,75,2021-10-24 12:00:00,12,24,10,6,4,1,1.2246467991473532e-16,-1.0,-0.8660254037844386,0.5000000000000001,-0.7818314824680299,0.6234898018587334,1931.3007508125002,597.581324882652,2793.457778,931.9818985,2768.953762,2551.102993,976.8437465,24.504015999999865,242.354785,2129.593,2793.457778
11.4,136,0.969,2602.125053,1,0,76,75,2021-10-24 13:00:00,13,24,10,6,4,1,-0.2588190451025208,-0.9659258262890683,-0.8660254037844386,0.5000000000000001,-0.7818314824680299,0.6234898018587334,1940.3786888958332,606.351864114619,2793.457778,931.9818985,2793.457778,2384.254539,941.3221557,-191.33272499999975,217.87051400000018,2078.6033,2602.125053
11.4,136,0.969,2602.125053,1,0,76,75,2021-10-24 14:00:00,14,24,10,6,4,1,-0.4999999999999997,-0.8660254037844388,-0.8660254037844386,0.5000000000000001,-0.7818314824680299,0.6234898018587334,1960.4948424375,620.3929197459279,2793.457778,931.9818985,2602.125053,2119.337368,977.7468378,0.0,482.78768500000024,1973.669,2602.125053
11.3,141,0.969,2674.126579,1,0,71,87,2021-10-24 15:00:00,15,24,10,6,4,1,-0.7071067811865471,-0.7071067811865479,-0.8660254037844386,0.5000000000000001,-0.7818314824680299,0.6234898018587334,1966.2652923958333,626.5881951584342,2793.457778,931.9818985,2602.125053,2535.63578,960.2870728,72.00152600000001,138.49079900000015,1947.6292,2674.126579
11.4,123,0.969,2353.392511,1,0,71,87,2021-10-24 16:00:00,16,24,10,6,4,1,-0.8660254037844385,-0.5000000000000004,-0.8660254037844386,0.5000000000000001,-0.7818314824680299,0.6234898018587334,1964.1909306041669,625.1596605581232,2793.457778,931.9818985,2674.126579,2403.177194,969.3179857,-320.7340680000002,-49.78468299999986,1842.1805,2353.392511
11.5,114,0.969,2200.326332,1,0,71,87,2021-10-24 17:00:00,17,24,10,6,4,1,-0.9659258262890683,-0.25881904510252063,-0.8660254037844386,0.5000000000000001,-0.7818314824680299,0.6234898018587334,1957.1717225625,621.3535383068403,2793.457778,931.9818985,2353.392511,2368.787325,1232.719612,-153.06617899999992,-168.4609929999997,1377.4683,2200.326332
11.6,62,0.969,1207.074522,1,0,70,83,2021-10-24 18:00:00,18,24,10,6,4,1,-1.0,-1.8369701987210297e-16,-0.8660254037844386,0.5000000000000001,-0.7818314824680299,0.6234898018587334,1957.3077463125,621.1817789999496,2793.457778,931.9818985,2200.326332,1203.809952,890.448013,-993.2518100000002,3.2645699999998214,1047.2473,1207.0745219999997
11.6,62,0.969,1207.074522,1,0,70,83,2021-10-24 19:00:00,19,24,10,6,4,1,-0.9659258262890684,0.2588190451025203,-0.8660254037844386,0.5000000000000001,-0.7818314824680299,0.6234898018587334,1959.8708062291664,617.8045294981902,2793.457778,931.9818985,1207.074522,1145.561084,890.448013,0.0,61.51343799999995,1135.1854,1207.0745219999997
11.6,58,0.969,1129.198746,1,0,70,83,2021-10-24 20:00:00,20,24,10,6,4,1,-0.8660254037844386,0.5000000000000001,-0.8660254037844386,0.5000000000000001,-0.7818314824680299,0.6234898018587334,1962.0000162708332,614.7137724926545,2793.457778,931.9818985,1207.074522,1078.097705,838.0687181,-77.87577599999986,51.10104100000012,1076.7627,1129.198746
11.6,55,0.969,1070.791914,1,0,70,94,2021-10-24 21:00:00,21,24,10,6,4,1,-0.7071067811865477,0.7071067811865474,-0.8660254037844386,0.5000000000000001,-0.7818314824680299,0.6234898018587334,1963.2999203958334,612.7081145436979,2793.457778,931.9818985,1129.198746,1039.594215,845.2934484,-58.40683200000012,31.19769899999983,1063.2751,1070.791914
11.7,50,0.969,981.838981,1,0,70,94,2021-10-24 22:00:00,22,24,10,6,4,1,-0.5000000000000004,0.8660254037844384,-0.8660254037844386,0.5000000000000001,-0.7818314824680299,0.6234898018587334,1963.2999203958334,612.7081145436979,2793.457778,931.9818985,1070.791914,981.838981,768.2296583,-88.95293299999992,0.0,1069.6862,981.838981
11.7,50,0.969,981.838981,1,0,70,94,2021-10-24 23:00:00,23,24,10,6,4,1,-0.25881904510252157,0.9659258262890681,-0.8660254037844386,0.5000000000000001,-0.7818314824680299,0.6234898018587334,1965.3772988333333,609.1335084142926,2793.457778,981.838981,981.838981,931.9818985,750.7698933,0.0,49.85708249999993,1097.5742,981.838981
11.6,70,0.94,1322.03974,0,0,73,89,2021-10-25 00:00:00,0,25,10,0,4,0,0.0,1.0,-0.8660254037844386,0.5000000000000001,0.0,1.0,1948.0831323333334,621.6596988467599,2793.457778,981.838981,981.838981,1737.099736,1034.172896,340.20075899999995,-415.05999599999996,1183.7334,1322.0397399999997
11.6,70,0.94,1322.03974,0,0,73,89,2021-10-25 01:00:00,1,25,10,0,4,0,0.25881904510252074,0.9659258262890683,-0.8660254037844386,0.5000000000000001,0.0,1.0,1930.7889658333334,633.4459307694694,2793.457778,981.838981,1322.03974,1737.099736,1007.880365,0.0,-415.05999599999996,1234.5465,1322.0397399999997
11.5,70,0.94,1310.642846,0,0,73,89,2021-10-25 02:00:00,2,25,10,0,4,0,0.49999999999999994,0.8660254037844387,-0.8660254037844386,0.5000000000000001,0.0,1.0,1913.01992875,644.9915452661662,2793.457778,981.838981,1322.03974,1737.099736,1007.880365,-11.396893999999975,-426.45688999999993,1255.3235,1310.6428459999997
11.5,72,0.94,1348.089785,0,0,81,41,2021-10-25 03:00:00,3,25,10,0,4,0,0.7071067811865476,0.7071067811865476,-0.8660254037844386,0.5000000000000001,0.0,1.0,1896.8111807916666,654.4236408289029,2793.457778,981.838981,1310.642846,1737.099736,1081.180755,37.44693899999993,-389.009951,1282.0315,1348.089785
11.5,79,0.94,1479.154069,0,0,81,41,2021-10-25 04:00:00,4,25,10,0,4,0,0.8660254037844386,0.5000000000000001,-0.8660254037844386,0.5000000000000001,0.0,1.0,1877.1261924166665,659.7876238307466,2793.457778,981.838981,1348.089785,1951.59379,1090.582327,131.06428400000004,-472.43972099999996,1346.7072,1479.154069
11.5,103,0.94,1928.517331,0,0,81,41,2021-10-25 05:00:00,5,25,10,0,4,0,0.9659258262890683,0.25881904510252074,-0.8660254037844386,0.5000000000000001,0.0,1.0,1876.1646732916668,659.6911904185208,2793.457778,981.838981,1479.154069,1951.59379,1164.520112,449.3632620000001,-23.076458999999886,1530.536,1928.517331
11.5,108,0.94,2022.134677,0,0,85,32,2021-10-25 06:00:00,6,25,10,0,4,0,1.0,6.123233995736766e-17,-0.8660254037844386,0.5000000000000001,0.0,1.0,1873.4953665000003,658.933557267556,2793.457778,981.838981,1928.517331,2086.19804,1162.607928,93.617346,-64.06336300000021,1890.2305,2022.1346769999998
11.4,113,0.94,2097.354179,0,0,85,32,2021-10-25 07:00:00,7,25,10,0,4,0,0.9659258262890683,-0.25881904510252063,-0.8660254037844386,0.5000000000000001,0.0,1.0,1868.4076404583332,656.6134867272835,2793.457778,981.838981,2022.134677,2219.459604,1297.416906,75.21950199999992,-122.1054250000002,2058.1523,2097.354179
11.5,120,0.94,2246.816308,0,0,85,32,2021-10-25 08:00:00,8,25,10,0,4,0,0.8660254037844387,-0.4999999999999998,-0.8660254037844386,0.5000000000000001,0.0,1.0,1863.1697456250001,652.9081697167985,2793.457778,981.838981,2097.354179,2372.525784,1349.364574,149.462129,-125.709476,2141.6113,2246.816308
11.3,127,0.94,2336.526147,0,0,81,40,2021-10-25 09:00:00,9,25,10,0,4,0,0.7071067811865476,-0.7071067811865475,-0.8660254037844386,0.5000000000000001,0.0,1.0,1855.2920032500003,645.6685942034513,2793.457778,981.838981,2246.816308,2525.591964,1284.98771,89.7098390000001,-189.06581700000015,2257.742,2336.526147
11.4,129,0.94,2394.324683,0,0,81,40,2021-10-25 10:00:00,10,25,10,0,4,0,0.49999999999999994,-0.8660254037844387,-0.8660254037844386,0.5000000000000001,0.0,1.0,1849.165176625,639.5438863679988,2793.457778,981.838981,2336.526147,2541.368522,1722.559169,57.798535999999785,-147.0438390000004,2342.5925,2394.324683
11.3,139,0.94,2557.300271,0,0,81,40,2021-10-25 11:00:00,11,25,10,0,4,0,0.258819045102521,-0.9659258262890682,-0.8660254037844386,0.5000000000000001,0.0,1.0,1840.3462811666668,627.6579835656329,2793.457778,981.838981,2394.324683,2768.953762,1700.569052,162.97558800000024,-211.65349100000003,2383.847,2557.300271
11.6,138,0.94,2606.306917,0,0,73,77,2021-10-25 12:00:00,12,25,10,0,4,0,1.2246467991473532e-16,-1.0,-0.8660254037844386,0.5000000000000001,0.0,1.0,1832.548328625,616.3627283399264,2674.126579,981.838981,2557.300271,2793.457778,1700.569052,49.00664599999982,-187.15086100000008,2537.6846,2606.306917
11.4,134,0.94,2487.127965,0,0,73,77,2021-10-25 13:00:00,13,25,10,0,4,0,-0.2588190451025208,-0.9659258262890683,-0.8660254037844386,0.5000000000000001,0.0,1.0,1827.7567832916668,610.5394780630094,2674.126579,981.838981,2606.306917,2602.125053,1566.078771,-119.17895199999975,-114.99708800000008,2554.3342,2487.127965
11.4,134,0.94,2487.127965,0,0,73,77,2021-10-25 14:00:00,14,25,10,0,4,0,-0.4999999999999997,-0.8660254037844388,-0.8660254037844386,0.5000000000000001,0.0,1.0,1822.9652379583333,604.6205267936535,2674.126579,981.838981,2487.127965,2602.125053,1685.908974,0.0,-114.99708800000008,2481.1597,2487.127965
11.4,128,0.94,2375.764026,0,0,70,85,2021-10-25 15:00:00,15,25,10,0,4,0,-0.7071067811865471,-0.7071067811865479,-0.8660254037844386,0.5000000000000001,0.0,1.0,1810.5334649166668,589.2301266206117,2606.306917,981.838981,2487.127965,2674.126579,1539.308194,-111.3639390000003,-298.3625530000004,2375.0205,2375.764026
11.4,128,0.94,2375.764026,0,0,70,85,2021-10-25 16:00:00,16,25,10,0,4,0,-0.8660254037844385,-0.5000000000000004,-0.8660254037844386,0.5000000000000001,0.0,1.0,1811.4656113749998,590.1432419498369,2606.306917,981.838981,2375.764026,2353.392511,1539.308194,0.0,22.371514999999818,2106.4907,2375.764026
11.8,115,0.94,2209.369369,0,0,70,85,2021-10-25 17:00:00,17,25,10,0,4,0,-0.9659258262890683,-0.25881904510252063,-0.8660254037844386,0.5000000000000001,0.0,1.0,1811.8424045833333,590.4051442928146,2606.306917,981.838981,2375.764026,2200.326332,1792.991283,-166.39465699999982,9.043036999999913,1792.8132,2209.369369
11.6,61,0.94,1152.063202,0,0,71,89,2021-10-25 18:00:00,18,25,10,0,4,0,-1.0,-1.8369701987210297e-16,-0.8660254037844386,0.5000000000000001,0.0,1.0,1809.55026625,592.9563992392723,2606.306917,981.838981,2209.369369,1207.074522,1164.520112,-1057.306167,-55.01131999999984,1336.605,1152.063202
11.6,61,0.94,1152.063202,0,0,71,89,2021-10-25 19:00:00,19,25,10,0,4,0,-0.9659258262890684,0.2588190451025203,-0.8660254037844386,0.5000000000000001,0.0,1.0,1807.2581279166668,595.4875176972237,2606.306917,981.838981,1152.063202,1207.074522,1164.520112,0.0,-55.01131999999984,1229.8564,1152.063202
11.6,58,0.94,1095.404356,0,0,71,89,2021-10-25 20:00:00,20,25,10,0,4,0,-0.8660254037844386,0.5000000000000001,-0.8660254037844386,0.5000000000000001,0.0,1.0,1805.8500283333333,597.1980775175062,2606.306917,981.838981,1152.063202,1129.198746,1090.582327,-56.65884600000004,-33.79439000000002,1094.8986,1095.404356
11.6,56,0.94,1057.631792,0,0,68,94,2021-10-25 21:00:00,21,25,10,0,4,0,-0.7071067811865477,0.7071067811865474,-0.8660254037844386,0.5000000000000001,0.0,1.0,1805.3016899166666,597.907961097909,2606.306917,981.838981,1095.404356,1070.791914,1016.644542,-37.7725640000001,-13.160122000000001,1096.291,1057.631792
11.6,51,0.94,963.2003823,0,0,68,94,2021-10-25 22:00:00,22,25,10,0,4,0,-0.5000000000000004,0.8660254037844384,-0.8660254037844386,0.5000000000000001,0.0,1.0,1804.5250816375,599.035082559089,2606.306917,963.2003823,1057.631792,981.838981,988.1211293,-94.4314096999999,-18.63859869999999,1101.3475,963.2003823
11.6,47,0.94,887.6552543,0,0,68,94,2021-10-25 23:00:00,23,25,10,0,4,0,-0.25881904510252157,0.9659258262890681,-0.8660254037844386,0.5000000000000001,0.0,1.0,1800.6007596916668,604.9382989009615,2606.306917,887.6552543,963.2003823,981.838981,932.1897446,-75.54512799999998,-94.18372669999997,1097.6725,887.6552543000001
11.4,89,0.94,1651.898424,0,0,75,87,2021-10-26 00:00:00,0,26,10,1,4,0,0.0,1.0,-0.8660254037844386,0.5000000000000001,0.7818314824680298,0.6234898018587336,1814.344871525,597.2915705737707,2606.306917,887.6552543,887.6552543,1322.03974,1601.918366,764.2431697,329.85868400000004,1066.0736,1651.8984240000002
11.4,89,0.94,1651.898424,0,0,75,87,2021-10-26 01:00:00,1,26,10,1,4,0,0.25881904510252074,0.9659258262890683,-0.8660254037844386,0.5000000000000001,0.7818314824680298,0.6234898018587336,1828.0889833583333,589.2112250454778,2606.306917,887.6552543,1651.898424,1322.03974,1601.918366,0.0,329.85868400000004,1334.8899,1651.8984240000002
11.4,89,0.94,1651.898424,0,0,75,87,2021-10-26 02:00:00,2,26,10,1,4,0,0.49999999999999994,0.8660254037844387,-0.8660254037844386,0.5000000000000001,0.7818314824680298,0.6234898018587336,1842.3079657750002,580.2303612482156,2606.306917,887.6552543,1651.898424,1310.642846,1601.918366,0.0,341.255578,1368.3037,1651.8984240000002
11.4,89,0.94,1651.898424,0,0,86,40,2021-10-26 03:00:00,3,26,10,1,4,0,0.7071067811865476,0.7071067811865476,-0.8660254037844386,0.5000000000000001,0.7818314824680298,0.6234898018587336,1854.9666590666666,572.2383822832454,2606.306917,887.6552543,1651.898424,1348.089785,1601.918366,0.0,303.8086390000001,1420.9574,1651.8984240000002
11.3,99,0.94,1821.386524,0,0,86,40,2021-10-26 04:00:00,4,26,10,1,4,0,0.8660254037844386,0.5000000000000001,-0.8660254037844386,0.5000000000000001,0.7818314824680298,0.6234898018587336,1869.2263446916668,566.7035885385516,2606.306917,887.6552543,1651.898424,1479.154069,1574.299084,169.48810000000003,342.2324550000001,1526.826,1821.386524
11.3,99,0.94,1821.386524,0,0,86,40,2021-10-26 05:00:00,5,26,10,1,4,0,0.9659258262890683,0.25881904510252074,-0.8660254037844386,0.5000000000000001,0.7818314824680298,0.6234898018587336,1864.7625610666666,566.6381805334992,2606.306917,887.6552543,1821.386524,1928.517331,1574.299084,0.0,-107.130807,1770.097,1821.386524
11.3,110,0.94,2023.762805,0,0,90,32,2021-10-26 06:00:00,6,26,10,1,4,0,1.0,6.123233995736766e-17,-0.8660254037844386,0.5000000000000001,0.7818314824680298,0.6234898018587336,1864.8303997333333,566.6579376111929,2606.306917,887.6552543,1821.386524,2022.134677,1560.489443,202.37628100000006,1.6281280000000606,1852.2744,2023.7628049999998
11.4,124,0.94,2301.5214,0,0,90,32,2021-10-26 07:00:00,7,26,10,1,4,0,0.9659258262890683,-0.25881904510252063,-0.8660254037844386,0.5000000000000001,0.7818314824680298,0.6234898018587336,1873.3373672750001,571.8095950118836,2606.306917,887.6552543,2023.762805,2097.354179,1685.426078,277.758595,204.16722100000015,2038.0508,2301.5214
11.4,130,0.94,2412.885339,0,0,90,32,2021-10-26 08:00:00,8,26,10,1,4,0,0.8660254037844387,-0.4999999999999998,-0.8660254037844386,0.5000000000000001,0.7818314824680298,0.6234898018587336,1880.2569102333334,577.5020899879173,2606.306917,887.6552543,2301.5214,2246.816308,1666.904913,111.36393899999985,166.069031,2209.5488,2412.885339
11.5,125,0.94,2340.433654,0,0,82,40,2021-10-26 09:00:00,9,26,10,1,4,0,0.7071067811865476,-0.7071067811865475,-0.8660254037844386,0.5000000000000001,0.7818314824680298,0.6234898018587336,1880.419723025,577.6368519769154,2606.306917,887.6552543,2412.885339,2336.526147,1703.947244,-72.451685,3.907506999999896,2252.6963,2340.433654
11.5,114,0.94,2134.475492,0,0,82,40,2021-10-26 10:00:00,10,26,10,1,4,0,0.49999999999999994,-0.8660254037844387,-0.8660254037844386,0.5000000000000001,0.7818314824680298,0.6234898018587336,1869.5926733999997,569.9699564659766,2606.306917,887.6552543,2340.433654,2394.324683,1532.057829,-205.9581619999999,-259.8491909999998,2233.2253,2134.475492
11.4,119,0.94,2208.718118,0,0,82,40,2021-10-26 11:00:00,11,26,10,1,4,0,0.258819045102521,-0.9659258262890682,-0.8660254037844386,0.5000000000000001,0.7818314824680298,0.6234898018587336,1855.068417025,555.9525202638805,2606.306917,887.6552543,2134.475492,2557.300271,1629.862581,74.24262599999975,-348.5821530000003,2132.4253,2208.718118
11.4,127,0.94,2357.20337,0,0,74,71,2021-10-26 12:00:00,12,26,10,1,4,0,1.2246467991473532e-16,-1.0,-0.8660254037844386,0.5000000000000001,0.7818314824680298,0.6234898018587336,1844.6891025666664,543.5034663793308,2487.127965,887.6552543,2208.718118,2606.306917,1518.735587,148.4852520000004,-249.1035469999997,2144.912,2357.20337
11.4,127,0.94,2357.20337,0,0,74,71,2021-10-26 13:00:00,13,26,10,1,4,0,-0.2588190451025208,-0.9659258262890683,-0.8660254037844386,0.5000000000000001,0.7818314824680298,0.6234898018587336,1839.2755777749999,537.4395110783863,2487.127965,887.6552543,2357.20337,2487.127965,1629.862581,0.0,-129.92459499999995,2210.4968,2357.20337
11.4,125,0.94,2320.082057,0,0,74,71,2021-10-26 14:00:00,14,26,10,1,4,0,-0.4999999999999997,-0.8660254037844388,-0.8660254037844386,0.5000000000000001,0.7818314824680298,0.6234898018587336,1832.3153316083333,529.7106560377549,2412.885339,887.6552543,2357.20337,2487.127965,1606.792357,-37.1213130000001,-167.04590800000005,2256.9443,2320.082057
11.6,122,0.94,2304.126405,0,0,73,86,2021-10-26 15:00:00,15,26,10,1,4,0,-0.7071067811865471,-0.7071067811865479,-0.8660254037844386,0.5000000000000001,0.7818314824680298,0.6234898018587336,1829.3304307333335,526.7085281790401,2412.885339,887.6552543,2320.082057,2375.764026,1666.904913,-15.9556520000001,-71.63762099999985,2123.4612,2304.126405
11.8,119,0.94,2286.216999,0,0,73,86,2021-10-26 16:00:00,16,26,10,1,4,0,-0.8660254037844385,-0.5000000000000004,-0.8660254037844386,0.5000000000000001,0.7818314824680298,0.6234898018587336,1825.5993046083333,522.9732990554974,2412.885339,887.6552543,2304.126405,2375.764026,1685.426078,-17.909405999999763,-89.54702699999962,1974.2279,2286.216999
11.9,114,0.94,2208.718118,0,0,73,86,2021-10-26 17:00:00,17,26,10,1,4,0,-0.9659258262890683,-0.25881904510252063,-0.8660254037844386,0.5000000000000001,0.7818314824680298,0.6234898018587336,1825.5721691500003,522.952537136986,2412.885339,887.6552543,2286.216999,2209.369369,1924.414102,-77.49888100000044,-0.6512510000002294,1671.2839,2208.718118
11.6,62,0.94,1170.949484,0,0,70,89,2021-10-26 18:00:00,18,26,10,1,4,0,-1.0,-1.8369701987210297e-16,-0.8660254037844386,0.5000000000000001,0.7818314824680298,0.6234898018587336,1826.3590975666666,521.9081569704949,2412.885339,887.6552543,2208.718118,1152.063202,1243.842496,-1037.7686339999998,18.886281999999937,1258.6155,1170.949484
11.6,61,0.94,1152.063202,0,0,70,89,2021-10-26 19:00:00,19,26,10,1,4,0,-0.9659258262890684,0.2588190451025203,-0.8660254037844386,0.5000000000000001,0.7818314824680298,0.6234898018587336,1826.3590975666666,521.9081569704949,2412.885339,887.6552543,1170.949484,1152.063202,1224.996398,-18.886281999999937,0.0,1063.5621,1152.063202
11.6,58,0.94,1095.404356,0,0,70,89,2021-10-26 20:00:00,20,26,10,1,4,0,-0.8660254037844386,0.5000000000000001,-0.8660254037844386,0.5000000000000001,0.7818314824680298,0.6234898018587336,1826.3590975666666,521.9081569704949,2412.885339,887.6552543,1152.063202,1095.404356,1130.765906,-56.65884600000004,0.0,1132.8275,1095.404356
11.6,56,0.94,1057.631792,0,0,70,93,2021-10-26 21:00:00,21,26,10,1,4,0,-0.7071067811865477,0.7071067811865474,-0.8660254037844386,0.5000000000000001,0.7818314824680298,0.6234898018587336,1826.3590975666666,521.9081569704949,2412.885339,887.6552543,1095.404356,1057.631792,1074.22761,-37.7725640000001,0.0,1105.1768,1057.631792
11.6,50,0.94,944.3141003,0,0,70,93,2021-10-26 22:00:00,22,26,10,1,4,0,-0.5000000000000004,0.8660254037844384,-0.8660254037844386,0.5000000000000001,0.7818314824680298,0.6234898018587336,1825.57216915,523.2786441398017,2412.885339,887.6552543,1057.631792,963.2003823,950.4282396,-113.31769169999995,-18.88628200000005,1095.0444,944.3141002999998
11.6,45,0.94,849.8826903,0,0,70,93,2021-10-26 23:00:00,23,26,10,1,4,0,-0.25881904510252157,0.9659258262890681,-0.8660254037844386,0.5000000000000001,0.7818314824680298,0.6234898018587336,1823.9983123166667,526.2705031785308,2412.885339,849.8826903,944.3141003,887.6552543,950.4282396,-94.43140999999991,-37.77256399999999,1028.7559,849.8826903
11.4,84,0.93,1542.509024,0,0,73,84,2021-10-27 00:00:00,0,27,10,2,4,0,0.0,1.0,-0.8660254037844386,0.5000000000000001,0.9749279121818236,-0.22252093395631434,1819.44042065,528.2956204999475,2412.885339,849.8826903,849.8826903,1651.898424,1275.426789,692.6263336999999,-109.38940000000002,1007.0375,1542.5090239999997
11.4,84,0.93,1542.509024,0,0,73,84,2021-10-27 01:00:00,1,27,10,2,4,0,0.25881904510252074,0.9659258262890683,-0.8660254037844386,0.5000000000000001,0.9749279121818236,-0.22252093395631434,1814.8825289833333,530.2721259340888,2412.885339,849.8826903,1542.509024,1651.898424,1275.426789,0.0,-109.38940000000002,1143.7241,1542.5090239999997
11.4,84,0.93,1542.509024,0,0,73,84,2021-10-27 02:00:00,2,27,10,2,4,0,0.49999999999999994,0.8660254037844387,-0.8660254037844386,0.5000000000000001,0.9749279121818236,-0.22252093395631434,1810.3246373166667,532.2005610909147,2412.885339,849.8826903,1542.509024,1651.898424,1275.426789,0.0,-109.38940000000002,1077.2579,1542.5090239999997
11.4,84,0.93,1542.509024,0,0,84,40,2021-10-27 03:00:00,3,27,10,2,4,0,0.7071067811865476,0.7071067811865476,-0.8660254037844386,0.5000000000000001,0.9749279121818236,-0.22252093395631434,1805.76674565,534.0814466800956,2412.885339,849.8826903,1542.509024,1651.898424,1264.431731,0.0,-109.38940000000002,1092.3075,1542.5090239999997
11.4,85,0.93,1560.872226,0,0,84,40,2021-10-27 04:00:00,4,27,10,2,4,0,0.8660254037844386,0.5000000000000001,-0.8660254037844386,0.5000000000000001,0.9749279121818236,-0.22252093395631434,1794.9119832333333,536.3925532136262,2412.885339,849.8826903,1542.509024,1821.386524,1264.431731,18.363202,-260.51429800000005,1195.0782,1560.872226
11.4,89,0.93,1634.325037,0,0,84,40,2021-10-27 05:00:00,5,27,10,2,4,0,0.9659258262890683,0.25881904510252074,-0.8660254037844386,0.5000000000000001,0.9749279121818236,-0.22252093395631434,1787.1177546083334,537.3493561307445,2412.885339,849.8826903,1560.872226,1821.386524,1264.431731,73.45281100000011,-187.06148699999994,1322.5117,1634.325037
11.4,95,0.93,1744.504253,0,0,86,29,2021-10-27 06:00:00,6,27,10,2,4,0,1.0,6.123233995736766e-17,-0.8660254037844386,0.5000000000000001,0.9749279121818236,-0.22252093395631434,1775.4819816083334,535.0207327884375,2412.885339,849.8826903,1634.325037,2023.762805,1575.958389,110.179216,-279.258552,1496.4078,1744.504253
11.5,114,0.93,2111.768306,0,0,86,29,2021-10-27 07:00:00,7,27,10,2,4,0,0.9659258262890683,-0.25881904510252063,-0.8660254037844386,0.5000000000000001,0.9749279121818236,-0.22252093395631434,1767.5756026916667,528.2685419787111,2412.885339,849.8826903,1744.504253,2301.5214,1798.409138,367.2640529999999,-189.75309400000015,1604.1052,2111.768306
11.5,114,0.93,2111.768306,0,0,86,29,2021-10-27 08:00:00,8,27,10,2,4,0,0.8660254037844387,-0.4999999999999998,-0.8660254037844386,0.5000000000000001,0.9749279121818236,-0.22252093395631434,1755.02905965,515.7022223708959,2357.20337,849.8826903,2111.768306,2412.885339,1689.414645,0.0,-301.117033,1866.9585,2111.768306
11.4,123,0.93,2258.673927,0,0,82,40,2021-10-27 09:00:00,9,27,10,2,4,0,0.7071067811865476,-0.7071067811865475,-0.8660254037844386,0.5000000000000001,0.9749279121818236,-0.22252093395631434,1751.6224043583334,511.9231886912479,2357.20337,849.8826903,2111.768306,2340.433654,1780.243389,146.90562099999988,-81.75972700000011,1848.2565,2258.673927
11.4,123,0.93,2258.673927,0,0,82,40,2021-10-27 10:00:00,10,27,10,2,4,0,0.49999999999999994,-0.8660254037844387,-0.8660254037844386,0.5000000000000001,0.9749279121818236,-0.22252093395631434,1756.79733915,516.5683218775475,2357.20337,849.8826903,2258.673927,2134.475492,1780.243389,0.0,124.19843499999979,1977.4987,2258.673927
11.4,122,0.93,2240.310725,0,0,82,40,2021-10-27 11:00:00,11,27,10,2,4,0,0.258819045102521,-0.9659258262890682,-0.8660254037844386,0.5000000000000001,0.9749279121818236,-0.22252093395631434,1758.113697775,517.8087750775795,2357.20337,849.8826903,2258.673927,2208.718118,1889.237882,-18.363202,31.592607000000044,2015.2225,2240.310725
11.5,124,0.93,2297.01114,0,0,76,72,2021-10-27 12:00:00,12,27,10,2,4,0,1.2246467991473532e-16,-1.0,-0.8660254037844386,0.5000000000000001,0.9749279121818236,-0.22252093395631434,1755.6056881916668,514.9186254312931,2357.20337,849.8826903,2240.310725,2357.20337,1961.900878,56.70041500000025,-60.19223000000011,2007.5295,2297.01114
11.7,122,0.93,2299.26627,0,0,76,72,2021-10-27 13:00:00,13,27,10,2,4,0,-0.2588190451025208,-0.9659258262890683,-0.8660254037844386,0.5000000000000001,0.9749279121818236,-0.22252093395631434,1753.1916423583334,512.1036997314784,2320.082057,849.8826903,2297.01114,2357.20337,1961.900878,2.2551300000000083,-57.9371000000001,1975.8188,2299.26627
11.5,124,0.93,2297.01114,0,0,76,72,2021-10-27 14:00:00,14,27,10,2,4,0,-0.4999999999999997,-0.8660254037844388,-0.8660254037844386,0.5000000000000001,0.9749279121818236,-0.22252093395631434,1752.2303541499998,511.0137966916326,2304.126405,849.8826903,2299.26627,2320.082057,1961.900878,-2.2551300000000083,-23.07091700000001,1938.7759,2297.01114
11.5,124,0.93,2297.01114,0,0,73,84,2021-10-27 15:00:00,15,27,10,2,4,0,-0.7071067811865471,-0.7071067811865479,-0.8660254037844386,0.5000000000000001,0.9749279121818236,-0.22252093395631434,1751.9338847749998,510.6816439452736,2299.26627,849.8826903,2297.01114,2304.126405,1832.509754,0.0,-7.1152649999999085,1904.7933,2297.01114
11.5,124,0.93,2297.01114,0,0,73,84,2021-10-27 16:00:00,16,27,10,2,4,0,-0.8660254037844385,-0.5000000000000004,-0.8660254037844386,0.5000000000000001,0.9749279121818236,-0.22252093395631434,1752.3836406500002,511.1771566870969,2299.26627,849.8826903,2297.01114,2286.216999,1977.835745,0.0,10.794140999999854,1780.9966,2297.01114
11.8,110,0.93,2090.827812,0,0,73,84,2021-10-27 17:00:00,17,27,10,2,4,0,-0.9659258262890683,-0.25881904510252063,-0.8660254037844386,0.5000000000000001,0.9749279121818236,-0.22252093395631434,1747.4715445666664,507.1519873518039,2299.26627,849.8826903,2297.01114,2208.718118,2107.226869,-206.18332800000007,-117.89030599999978,1524.0132,2090.827812
11.6,62,0.93,1158.492575,0,0,72,89,2021-10-27 18:00:00,18,27,10,2,4,0,-1.0,-1.8369701987210297e-16,-0.8660254037844386,0.5000000000000001,0.9749279121818236,-0.22252093395631434,1746.9525066916667,507.77366812674813,2299.26627,849.8826903,2090.827812,1170.949484,1201.489004,-932.335237,-12.456908999999996,1123.6747,1158.4925749999998
11.6,62,0.93,1158.492575,0,0,72,89,2021-10-27 19:00:00,19,27,10,2,4,0,-0.9659258262890684,0.2588190451025203,-0.8660254037844386,0.5000000000000001,0.9749279121818236,-0.22252093395631434,1747.2203972333334,507.44776295686654,2299.26627,849.8826903,1158.492575,1152.063202,1174.559078,0.0,6.429372999999941,960.8463,1158.4925749999998
11.6,58,0.93,1083.751118,0,0,72,89,2021-10-27 20:00:00,20,27,10,2,4,0,-0.8660254037844386,0.5000000000000001,-0.8660254037844386,0.5000000000000001,0.9749279121818236,-0.22252093395631434,1746.7348456499997,508.1037215927597,2299.26627,849.8826903,1158.492575,1095.404356,1118.627694,-74.74145700000008,-11.653238000000101,991.402,1083.751118
11.6,54,0.93,1009.009662,0,0,71,93,2021-10-27 21:00:00,21,27,10,2,4,0,-0.7071067811865477,0.7071067811865474,-0.8660254037844386,0.5000000000000001,0.9749279121818236,-0.22252093395631434,1744.708923566667,511.0591277376926,2299.26627,849.8826903,1083.751118,1057.631792,1081.340104,-74.74145599999986,-48.622129999999856,966.45544,1009.009662
11.6,50,0.93,934.2682056,0,0,71,93,2021-10-27 22:00:00,22,27,10,2,4,0,-0.5000000000000004,0.8660254037844384,-0.8660254037844386,0.5000000000000001,0.9749279121818236,-0.22252093395631434,1744.2903446208331,511.746838576437,2299.26627,849.8826903,1009.009662,944.3141003,1006.764924,-74.74145640000006,-10.045894699999963,944.9668,934.2682056000001
11.6,45,0.93,840.841385,0,0,71,93,2021-10-27 23:00:00,23,27,10,2,4,0,-0.25881904510252157,0.9659258262890681,-0.8660254037844386,0.5000000000000001,0.9749279121818236,-0.22252093395631434,1743.9136235666665,512.4367439529234,2299.26627,840.841385,934.2682056,849.8826903,913.5459497,-93.42682060000004,-9.04130530000009,894.90234,840.8413850000001
11.5,84,0.947,1584.483543,0,0,77,72,2021-10-28 00:00:00,0,28,10,3,4,0,0.0,1.0,-0.8660254037844386,0.5000000000000001,0.43388373911755823,-0.900968867902419,1745.6625618583332,511.79068869233566,2299.26627,840.841385,840.841385,1542.509024,1383.756175,743.6421580000001,41.9745190000001,850.5267,1584.483543
11.5,84,0.947,1584.483543,0,0,77,72,2021-10-28 01:00:00,1,28,10,3,4,0,0.25881904510252074,0.9659258262890683,-0.8660254037844386,0.5000000000000001,0.43388373911755823,-0.900968867902419,1747.4115001500002,511.13757243981115,2299.26627,840.841385,1584.483543,1542.509024,1383.756175,0.0,41.9745190000001,1139.5531,1584.483543
11.5,84,0.947,1584.483543,0,0,77,72,2021-10-28 02:00:00,2,28,10,3,4,0,0.49999999999999994,0.8660254037844387,-0.8660254037844386,0.5000000000000001,0.43388373911755823,-0.900968867902419,1749.1604384416667,510.47736809337374,2299.26627,840.841385,1584.483543,1542.509024,1383.756175,0.0,41.9745190000001,1134.7283,1584.483543
11.5,84,0.947,1584.483543,0,0,86,40,2021-10-28 03:00:00,3,28,10,3,4,0,0.7071067811865476,0.7071067811865476,-0.8660254037844386,0.5000000000000001,0.43388373911755823,-0.900968867902419,1750.9093767333334,509.8100481157655,2299.26627,840.841385,1584.483543,1542.509024,1383.756175,0.0,41.9745190000001,1237.7524,1584.483543
11.4,85,0.947,1589.404299,0,0,86,40,2021-10-28 04:00:00,4,28,10,3,4,0,0.8660254037844386,0.5000000000000001,-0.8660254037844386,0.5000000000000001,0.43388373911755823,-0.900968867902419,1752.0982131083335,509.3807156599655,2299.26627,840.841385,1584.483543,1560.872226,1371.617963,4.920755999999983,28.532073000000082,1401.2496,1589.404299
11.3,96,0.947,1779.345494,0,0,86,40,2021-10-28 05:00:00,5,28,10,3,4,0,0.9659258262890683,0.25881904510252074,-0.8660254037844386,0.5000000000000001,0.43388373911755823,-0.900968867902419,1758.14073215,508.782691060195,2299.26627,840.841385,1589.404299,1634.325037,1371.617963,189.94119499999988,145.02045699999985,1515.8693,1779.345494
11.3,113,0.947,2094.437925,0,0,89,35,2021-10-28 06:00:00,6,28,10,3,4,0,1.0,6.123233995736766e-17,-0.8660254037844386,0.5000000000000001,0.43388373911755823,-0.900968867902419,1772.7213018166667,513.368400252443,2299.26627,840.841385,1779.345494,1744.504253,1663.60016,315.09243100000026,349.9336720000001,1700.619,2094.437925
11.3,118,0.947,2187.11217,0,0,89,35,2021-10-28 07:00:00,7,28,10,3,4,0,0.9659258262890683,-0.25881904510252063,-0.8660254037844386,0.5000000000000001,0.43388373911755823,-0.900968867902419,1775.8606294833335,515.7566843841564,2299.26627,840.841385,2094.437925,2111.768306,1935.296578,92.6742449999997,75.34386399999994,2005.8193,2187.11217
11.5,119,0.947,2244.685019,0,0,89,35,2021-10-28 08:00:00,8,28,10,3,4,0,0.8660254037844387,-0.4999999999999998,-0.8660254037844386,0.5000000000000001,0.43388373911755823,-0.900968867902419,1781.3988258583333,520.2148487761035,2299.26627,840.841385,2187.11217,2111.768306,2085.777152,57.57284900000013,132.91671300000007,2045.4318,2244.685019
11.6,106,0.947,2016.854,0,0,82,40,2021-10-28 09:00:00,9,28,10,3,4,0,0.7071067811865476,-0.7071067811865475,-0.8660254037844386,0.5000000000000001,0.43388373911755823,-0.900968867902419,1771.3229955666666,512.8586263678883,2299.26627,840.841385,2244.685019,2258.673927,2085.112044,-227.83101899999997,-241.81992699999978,2117.536,2016.8539999999998
11.6,102,0.947,1940.746302,0,0,82,40,2021-10-28 10:00:00,10,28,10,3,4,0,0.49999999999999994,-0.8660254037844387,-0.8660254037844386,0.5000000000000001,0.43388373911755823,-0.900968867902419,1758.0760111916668,503.7482579032184,2299.26627,840.841385,2016.854,2258.673927,2179.889864,-76.10769800000003,-317.9276249999998,1917.0537,1940.746302
11.6,102,0.947,1940.746302,0,0,82,40,2021-10-28 11:00:00,11,28,10,3,4,0,0.258819045102521,-0.9659258262890682,-0.8660254037844386,0.5000000000000001,0.43388373911755823,-0.900968867902419,1745.5941602333332,494.9137854780992,2299.26627,840.841385,1940.746302,2240.310725,2179.889864,0.0,-299.5644229999998,1848.5062,1940.746302
11.6,104,0.947,1978.800151,0,0,73,71,2021-10-28 12:00:00,12,28,10,3,4,0,1.2246467991473532e-16,-1.0,-0.8660254037844386,0.5000000000000001,0.43388373911755823,-0.900968867902419,1732.3353690249999,483.6328701826351,2299.26627,840.841385,1940.746302,2297.01114,2179.889864,38.0538489999999,-318.21098900000015,1840.1826,1978.800151
11.6,118,0.947,2245.177095,0,0,73,71,2021-10-28 13:00:00,13,28,10,3,4,0,-0.2588190451025208,-0.9659258262890683,-0.8660254037844386,0.5000000000000001,0.43388373911755823,-0.900968867902419,1730.0816533999998,480.9949565670239,2297.01114,840.841385,1978.800151,2299.26627,2179.889864,266.3769440000001,-54.08917500000007,1825.2932,2245.177095
11.5,102,0.947,1924.015731,0,0,73,71,2021-10-28 14:00:00,14,28,10,3,4,0,-0.4999999999999997,-0.8660254037844388,-0.8660254037844386,0.5000000000000001,0.43388373911755823,-0.900968867902419,1714.5401780250002,467.7232503122495,2297.01114,840.841385,2245.177095,2297.01114,2293.623249,-321.16136400000005,-372.9954090000001,1943.9452,1924.015731
11.5,102,0.947,1924.015731,0,0,72,82,2021-10-28 15:00:00,15,28,10,3,4,0,-0.7071067811865471,-0.7071067811865479,-0.8660254037844386,0.5000000000000001,0.43388373911755823,-0.900968867902419,1698.99870265,453.508380685096,2297.01114,840.841385,1924.015731,2297.01114,2350.489941,0.0,-372.9954090000001,1586.4542,1924.015731
11.6,108,0.947,2054.907849,0,0,72,82,2021-10-28 16:00:00,16,28,10,3,4,0,-0.8660254037844385,-0.5000000000000004,-0.8660254037844386,0.5000000000000001,0.43388373911755823,-0.900968867902419,1688.911065525,442.1792267047152,2245.177095,840.841385,1924.015731,2297.01114,2179.889864,130.8921180000002,-242.1032909999999,1449.57,2054.907849
11.5,98,0.947,1848.564133,0,0,72,82,2021-10-28 17:00:00,17,28,10,3,4,0,-0.9659258262890683,-0.25881904510252063,-0.8660254037844386,0.5000000000000001,0.43388373911755823,-0.900968867902419,1678.816745566667,435.31714176029726,2245.177095,840.841385,2054.907849,2090.827812,2179.889864,-206.3437160000001,-242.2636789999999,1338.2357,1848.564133
11.6,62,0.947,1179.669321,0,0,72,87,2021-10-28 18:00:00,18,28,10,3,4,0,-1.0,-1.8369701987210297e-16,-0.8660254037844386,0.5000000000000001,0.43388373911755823,-0.900968867902419,1679.6991099833333,434.23673884317964,2245.177095,840.841385,1848.564133,1158.492575,1176.575185,-668.894812,21.176746000000094,987.30414,1179.6693209999999
11.6,62,0.947,1179.669321,0,0,72,87,2021-10-28 19:00:00,19,28,10,3,4,0,-0.9659258262890684,0.2588190451025203,-0.8660254037844386,0.5000000000000001,0.43388373911755823,-0.900968867902419,1680.5814744000002,433.1517655240044,2245.177095,840.841385,1179.669321,1158.492575,1176.575185,0.0,21.176746000000094,985.8895,1179.6693209999999
11.6,57,0.947,1084.534698,0,0,72,87,2021-10-28 20:00:00,20,28,10,3,4,0,-0.8660254037844386,0.5000000000000001,-0.8660254037844386,0.5000000000000001,0.43388373911755823,-0.900968867902419,1680.6141235666666,433.10485000316004,2245.177095,840.841385,1179.669321,1083.751118,1118.710832,-95.13462300000015,0.783580000000029,875.36926,1084.534698
11.6,54,0.947,1027.453925,0,0,68,88,2021-10-28 21:00:00,21,28,10,3,4,0,-0.7071067811865477,0.7071067811865474,-0.8660254037844386,0.5000000000000001,0.43388373911755823,-0.900968867902419,1681.382634525,431.87594700285706,2245.177095,840.841385,1084.534698,1009.009662,1080.134596,-57.08077299999991,18.444262999999978,866.58887,1027.453925
11.6,50,0.947,951.3462266,0,0,68,88,2021-10-28 22:00:00,22,28,10,3,4,0,-0.5000000000000004,0.8660254037844384,-0.8660254037844386,0.5000000000000001,0.43388373911755823,-0.900968867902419,1682.0942187333333,430.60363128424984,2245.177095,840.841385,1027.453925,934.2682056,1022.270243,-76.1076984,17.078021000000035,882.01025,951.3462266
11.6,50,0.947,951.3462266,0,0,68,88,2021-10-28 23:00:00,23,28,10,3,4,0,-0.25881904510252157,0.9659258262890681,-0.8660254037844386,0.5000000000000001,0.43388373911755823,-0.900968867902419,1686.6985871333334,421.7162501674099,2245.177095,951.3462266,951.3462266,840.841385,964.4058897,0.0,110.50484160000008,933.45905,951.3462266
11.6,82,0.94,1548.675124,0,0,73,72,2021-10-29 00:00:00,0,29,10,4,4,0,0.0,1.0,-0.8660254037844386,0.5000000000000001,-0.433883739117558,-0.9009688679024191,1685.2065696749999,422.15672107451377,2245.177095,951.3462266,951.3462266,1584.483543,1086.094583,597.3288974000001,-35.80841899999996,1051.1973,1548.675124
11.6,82,0.94,1548.675124,0,0,73,72,2021-10-29 01:00:00,1,29,10,4,4,0,0.25881904510252074,0.9659258262890683,-0.8660254037844386,0.5000000000000001,-0.433883739117558,-0.9009688679024191,1683.7145522166666,422.5912361064809,2245.177095,951.3462266,1548.675124,1584.483543,1086.094583,0.0,-35.80841899999996,1350.4346,1548.675124
11.5,82,0.94,1535.324477,0,0,73,72,2021-10-29 02:00:00,2,29,10,4,4,0,0.49999999999999994,0.8660254037844387,-0.8660254037844386,0.5000000000000001,-0.433883739117558,-0.9009688679024191,1681.6662578000003,423.21180041154196,2245.177095,951.3462266,1548.675124,1584.483543,1086.094583,-13.350647000000208,-49.159066000000166,1340.7361,1535.324477
11.5,83,0.94,1554.047946,0,0,82,50,2021-10-29 03:00:00,3,29,10,4,4,0,0.7071067811865476,0.7071067811865476,-0.8660254037844386,0.5000000000000001,-0.433883739117558,-0.9009688679024191,1680.398107925,423.5611244183611,2245.177095,951.3462266,1535.324477,1584.483543,1086.094583,18.723469000000023,-30.435597000000143,1371.9414,1554.047946
11.5,86,0.94,1610.218354,0,0,82,50,2021-10-29 04:00:00,4,29,10,4,4,0,0.8660254037844386,0.5000000000000001,-0.8660254037844386,0.5000000000000001,-0.433883739117558,-0.9009688679024191,1681.2653602166665,423.38798499556776,2245.177095,951.3462266,1554.047946,1589.404299,1076.567438,56.17040800000018,20.814055000000053,1474.128,1610.218354
11.5,90,0.94,1685.112231,0,0,82,50,2021-10-29 05:00:00,5,29,10,4,4,0,0.9659258262890683,0.25881904510252074,-0.8660254037844386,0.5000000000000001,-0.433883739117558,-0.9009688679024191,1677.338974258333,422.87550660043325,2245.177095,951.3462266,1610.218354,1779.345494,1171.003178,74.89387699999997,-94.23326299999985,1602.7129,1685.112231
11.6,104,0.94,1964.173329,0,0,86,40,2021-10-29 06:00:00,6,29,10,4,4,0,1.0,6.123233995736766e-17,-0.8660254037844386,0.5000000000000001,-0.433883739117558,-0.9009688679024191,1671.9112827583333,418.0981962986889,2245.177095,951.3462266,1685.112231,2094.437925,1397.648954,279.0610979999999,-130.2645960000002,1661.6575,1964.1733290000002
11.4,112,0.94,2078.793523,0,0,86,40,2021-10-29 07:00:00,7,29,10,4,4,0,0.9659258262890683,-0.25881904510252063,-0.8660254037844386,0.5000000000000001,-0.433883739117558,-0.9009688679024191,1667.3980058,412.84656963494245,2245.177095,951.3462266,1964.173329,2187.11217,1397.648954,114.62019399999986,-108.31864700000006,1876.2683,2078.793523
11.4,127,0.94,2357.20337,0,0,86,40,2021-10-29 08:00:00,8,29,10,4,4,0,0.8660254037844387,-0.4999999999999998,-0.8660254037844386,0.5000000000000001,-0.433883739117558,-0.9009688679024191,1672.086270425,420.2595626737003,2357.20337,951.3462266,2078.793523,2244.685019,1699.843323,278.40984700000035,112.51835100000017,1865.4775,2357.20337
11.5,124,0.94,2321.710184,0,0,83,48,2021-10-29 09:00:00,9,29,10,4,4,0,0.7071067811865476,-0.7071067811865475,-0.8660254037844386,0.5000000000000001,-0.433883739117558,-0.9009688679024191,1684.7886114250002,435.465286139906,2357.20337,951.3462266,2357.20337,2016.854,1600.560438,-35.49318600000015,304.856184,2051.711,2321.710184
11.5,122,0.94,2284.263246,0,0,83,48,2021-10-29 10:00:00,10,29,10,4,4,0,0.49999999999999994,-0.8660254037844387,-0.8660254037844386,0.5000000000000001,-0.433883739117558,-0.9009688679024191,1699.1018174250003,449.658277221971,2357.20337,951.3462266,2321.710184,1940.746302,1676.777602,-37.446938000000046,343.51694399999997,2058.4119,2284.263246
11.5,124,0.94,2321.710184,0,0,83,48,2021-10-29 11:00:00,11,29,10,4,4,0,0.258819045102521,-0.9659258262890682,-0.8660254037844386,0.5000000000000001,-0.433883739117558,-0.9009688679024191,1714.9753125083334,465.021314013769,2357.20337,951.3462266,2284.263246,1940.746302,1657.723311,37.446938000000046,380.963882,2057.356,2321.710184
11.5,124,0.94,2321.710184,0,0,77,74,2021-10-29 12:00:00,12,29,10,4,4,0,1.2246467991473532e-16,-1.0,-0.8660254037844386,0.5000000000000001,-0.433883739117558,-0.9009688679024191,1729.2632305500001,478.5510333802858,2357.20337,951.3462266,2321.710184,1978.800151,1714.886184,0.0,342.9100330000001,2117.4807,2321.710184
11.5,124,0.94,2321.710184,0,0,77,74,2021-10-29 13:00:00,13,29,10,4,4,0,-0.2588190451025208,-0.9659258262890683,-0.8660254037844386,0.5000000000000001,-0.433883739117558,-0.9009688679024191,1732.4521092583334,482.3780462241327,2357.20337,951.3462266,2321.710184,2245.177095,1638.66902,0.0,76.53308900000002,2142.3135,2321.710184
11.5,124,0.94,2321.710184,0,0,77,74,2021-10-29 14:00:00,14,29,10,4,4,0,-0.4999999999999997,-0.8660254037844388,-0.8660254037844386,0.5000000000000001,-0.433883739117558,-0.9009688679024191,1749.0227114666668,495.8863714913453,2357.20337,951.3462266,2321.710184,1924.015731,1619.614729,0.0,397.69445300000007,2102.6448,2321.710184
11.6,119,0.94,2247.467559,0,0,74,83,2021-10-29 15:00:00,15,29,10,4,4,0,-0.7071067811865471,-0.7071067811865479,-0.8660254037844386,0.5000000000000001,-0.433883739117558,-0.9009688679024191,1762.4998709666668,505.1577991161133,2357.20337,951.3462266,2321.710184,1924.015731,1718.730471,-74.24262499999986,323.4518280000002,2101.4631,2247.467559
11.8,116,0.94,2228.581277,0,0,74,83,2021-10-29 16:00:00,16,29,10,4,4,0,-0.8660254037844385,-0.5000000000000004,-0.8660254037844386,0.5000000000000001,-0.433883739117558,-0.9009688679024191,1769.7362638000002,510.74174229690345,2357.20337,951.3462266,2247.467559,2054.907849,1619.614729,-18.886282000000392,173.6734279999996,1977.6777,2228.581277
11.7,114,0.94,2171.596805,0,0,74,83,2021-10-29 17:00:00,17,29,10,4,4,0,-0.9659258262890683,-0.25881904510252063,-0.8660254037844386,0.5000000000000001,-0.433883739117558,-0.9009688679024191,1783.1959584666665,517.1260072219143,2357.20337,951.3462266,2228.581277,1848.564133,1505.288984,-56.98447199999964,323.03267200000005,1760.94,2171.596805
11.7,61,0.94,1161.994782,0,0,70,85,2021-10-29 18:00:00,18,29,10,4,4,0,-1.0,-1.8369701987210297e-16,-0.8660254037844386,0.5000000000000001,-0.433883739117558,-0.9009688679024191,1782.4595193416665,518.034645149595,2357.20337,951.3462266,2171.596805,1179.669321,1027.594567,-1009.6020230000001,-17.674539000000095,1390.4061,1161.994782
11.7,61,0.94,1161.994782,0,0,70,85,2021-10-29 19:00:00,19,29,10,4,4,0,-0.9659258262890684,0.2588190451025203,-0.8660254037844386,0.5000000000000001,-0.433883739117558,-0.9009688679024191,1781.7230802166666,518.9406015719526,2357.20337,951.3462266,1161.994782,1179.669321,1008.20599,0.0,-17.674539000000095,1232.1461,1161.994782
11.7,37,0.94,704.8165069,0,0,70,85,2021-10-29 20:00:00,20,29,10,4,4,0,-0.8660254037844386,0.5000000000000001,-0.8660254037844386,0.5000000000000001,-0.433883739117558,-0.9009688679024191,1765.9014889208336,546.1936821790997,2357.20337,704.8165069,1161.994782,1084.534698,969.428837,-457.17827509999995,-379.7181910999999,1021.836,704.8165069
11.7,53,0.94,1009.602023,0,0,72,92,2021-10-29 21:00:00,21,29,10,4,4,0,-0.7071067811865477,0.7071067811865474,-0.8660254037844386,0.5000000000000001,-0.433883739117558,-0.9009688679024191,1765.1576596708335,547.2541807943667,2357.20337,704.8165069,704.8165069,1027.453925,930.6516835,304.7855161,-17.851901999999995,818.4151,1009.602023
11.7,45,0.94,857.2092652,0,0,72,92,2021-10-29 22:00:00,22,29,10,4,4,0,-0.5000000000000004,0.8660254037844384,-0.8660254037844386,0.5000000000000001,-0.433883739117558,-0.9009688679024191,1761.2352862791668,553.6407633444272,2357.20337,704.8165069,1009.602023,951.3462266,860.4516643,-152.39275780000003,-94.13696140000002,913.14166,857.2092652000001
11.7,45,0.94,857.2092652,0,0,72,92,2021-10-29 23:00:00,23,29,10,4,4,0,-0.25881904510252157,0.9659258262890681,-0.8660254037844386,0.5000000000000001,-0.433883739117558,-0.9009688679024191,1757.3129128875,559.9258374311905,2357.20337,704.8165069,857.2092652,951.3462266,840.8959446,0.0,-94.13696140000002,900.9089,857.2092652000001
11.6,89,0.93,1662.997406,0,0,78,70,2021-10-30 00:00:00,0,30,10,5,4,1,0.0,1.0,-0.8660254037844386,0.5000000000000001,-0.9749279121818236,-0.2225209339563146,1762.0763413041668,558.5583469818141,2357.20337,704.8165069,857.2092652,1548.675124,1343.50851,805.7881408,114.32228199999986,992.0239,1662.997406
11.6,89,0.93,1662.997406,0,0,78,70,2021-10-30 01:00:00,1,30,10,5,4,1,0.25881904510252074,0.9659258262890683,-0.8660254037844386,0.5000000000000001,-0.9749279121818236,-0.2225209339563146,1766.8397697208331,557.1450053417782,2357.20337,704.8165069,1662.997406,1548.675124,1343.50851,0.0,114.32228199999986,1212.9261,1662.997406
11.6,89,0.93,1662.997406,0,0,78,70,2021-10-30 02:00:00,2,30,10,5,4,1,0.49999999999999994,0.8660254037844387,-0.8660254037844386,0.5000000000000001,-0.9749279121818236,-0.2225209339563146,1772.1594750958332,555.445279027108,2357.20337,704.8165069,1662.997406,1535.324477,1513.812406,0.0,127.67292900000007,1204.9053,1662.997406
11.6,89,0.93,1662.997406,0,0,86,53,2021-10-30 03:00:00,3,30,10,5,4,1,0.7071067811865476,0.7071067811865476,-0.8660254037844386,0.5000000000000001,-0.9749279121818236,-0.2225209339563146,1776.6990359291667,554.0285924717742,2357.20337,704.8165069,1662.997406,1554.047946,1500.64882,0.0,108.94946000000004,1342.0107,1662.997406
11.6,89,0.93,1662.997406,0,0,86,53,2021-10-30 04:00:00,4,30,10,5,4,1,0.8660254037844386,0.5000000000000001,-0.8660254037844386,0.5000000000000001,-0.9749279121818236,-0.2225209339563146,1778.8981630958333,553.4434830224208,2357.20337,704.8165069,1662.997406,1610.218354,1688.229922,0.0,52.779051999999865,1514.1118,1662.997406
11.4,94,0.93,1726.14105,0,0,86,53,2021-10-30 05:00:00,5,30,10,5,4,1,0.9659258262890683,0.25881904510252074,-0.8660254037844386,0.5000000000000001,-0.9749279121818236,-0.2225209339563146,1780.6076972208336,553.2045072145237,2357.20337,704.8165069,1662.997406,1685.112231,1946.89439,63.143643999999995,41.028818999999885,1648.4337,1726.14105
11.4,103,0.93,1891.409874,0,0,89,44,2021-10-30 06:00:00,6,30,10,5,4,1,1.0,6.123233995736766e-17,-0.8660254037844386,0.5000000000000001,-0.9749279121818236,-0.2225209339563146,1777.5758865958333,552.3534782164331,2357.20337,704.8165069,1726.14105,1964.173329,2008.105065,165.268824,-72.76345500000002,1770.3458,1891.409874
11.4,109,0.93,2001.58909,0,0,89,44,2021-10-30 07:00:00,7,30,10,5,4,1,0.9659258262890683,-0.25881904510252063,-0.8660254037844386,0.5000000000000001,-0.9749279121818236,-0.2225209339563146,1774.3590352208332,550.7454193016888,2357.20337,704.8165069,1891.409874,2078.793523,2082.479327,110.179216,-77.20443299999988,1858.3021,2001.58909
11.3,112,0.93,2038.637657,0,0,89,44,2021-10-30 08:00:00,8,30,10,5,4,1,0.8660254037844387,-0.4999999999999998,-0.8660254037844386,0.5000000000000001,-0.9749279121818236,-0.2225209339563146,1761.0854638458334,539.8179666975283,2321.710184,704.8165069,2001.58909,2357.20337,2287.008547,37.04856700000005,-318.5657130000002,1938.0609,2038.637657
11.3,110,0.93,2002.233413,0,0,84,53,2021-10-30 09:00:00,9,30,10,5,4,1,0.7071067811865476,-0.7071067811865475,-0.8660254037844386,0.5000000000000001,-0.9749279121818236,-0.2225209339563146,1747.7739317208334,529.2274347176681,2321.710184,704.8165069,2038.637657,2321.710184,2382.280001,-36.40424400000006,-319.4767710000001,1964.9757,2002.2334130000002
11.3,108,0.93,1965.829169,0,0,84,53,2021-10-30 10:00:00,10,30,10,5,4,1,0.49999999999999994,-0.8660254037844387,-0.8660254037844386,0.5000000000000001,-0.9749279121818236,-0.2225209339563146,1734.5058451791665,519.0870278633481,2321.710184,704.8165069,2002.233413,2284.263246,2476.070552,-36.404243999999835,-318.4340769999999,1948.3309,1965.829169
11.4,109,0.93,2001.58909,0,0,84,53,2021-10-30 11:00:00,11,30,10,5,4,1,0.258819045102521,-0.9659258262890682,-0.8660254037844386,0.5000000000000001,-0.9749279121818236,-0.2225209339563146,1721.1674662625,507.3218472952771,2321.710184,704.8165069,1965.829169,2321.710184,2513.586773,35.75992099999985,-320.1210940000001,1921.1693,2001.58909
11.5,114,0.93,2111.768306,0,0,77,83,2021-10-30 12:00:00,12,30,10,5,4,1,1.2246467991473532e-16,-1.0,-0.8660254037844386,0.5000000000000001,-0.9749279121818236,-0.2225209339563146,1712.4198880124998,498.2454643115383,2321.710184,704.8165069,2001.58909,2321.710184,2551.102993,110.179216,-209.9418780000001,1873.3785,2111.768306
11.5,114,0.93,2111.768306,0,0,77,83,2021-10-30 13:00:00,13,30,10,5,4,1,-0.2588190451025208,-0.9659258262890683,-0.8660254037844386,0.5000000000000001,-0.9749279121818236,-0.2225209339563146,1703.6723097625,488.83732927890713,2321.710184,704.8165069,2111.768306,2321.710184,2384.254539,0.0,-209.9418780000001,1874.9468,2111.768306
11.4,119,0.93,2185.221117,0,0,77,83,2021-10-30 14:00:00,14,30,10,5,4,1,-0.4999999999999997,-0.8660254037844388,-0.8660254037844386,0.5000000000000001,-0.9749279121818236,-0.2225209339563146,1697.9852653041664,482.08184014696116,2247.467559,704.8165069,2111.768306,2321.710184,2119.337368,73.45281100000011,-136.48906699999998,1823.8093,2185.221117
11.4,119,0.93,2185.221117,0,0,75,90,2021-10-30 15:00:00,15,30,10,5,4,1,-0.7071067811865471,-0.7071067811865479,-0.8660254037844386,0.5000000000000001,-0.9749279121818236,-0.2225209339563146,1695.3916635541666,479.1556548128345,2228.581277,704.8165069,2185.221117,2247.467559,2535.63578,0.0,-62.246442000000116,1752.6156,2185.221117
11.5,113,0.93,2093.244023,0,0,75,90,2021-10-30 16:00:00,16,30,10,5,4,1,-0.8660254037844385,-0.5000000000000004,-0.8660254037844386,0.5000000000000001,-0.9749279121818236,-0.2225209339563146,1689.7526113041665,473.36930235985557,2185.221117,704.8165069,2185.221117,2228.581277,2403.177194,-91.97709399999985,-135.33725399999958,1603.3259,2093.244023
11.6,106,0.93,1980.648596,0,0,75,90,2021-10-30 17:00:00,17,30,10,5,4,1,-0.9659258262890683,-0.25881904510252063,-0.8660254037844386,0.5000000000000001,-0.9749279121818236,-0.2225209339563146,1681.7964359291666,466.4730220568948,2185.221117,704.8165069,2093.244023,2171.596805,2368.787325,-112.5954270000002,-190.94820900000013,1364.0939,1980.648596
11.7,61,0.93,1149.633135,0,0,73,88,2021-10-30 18:00:00,18,30,10,5,4,1,-1.0,-1.8369701987210297e-16,-0.8660254037844386,0.5000000000000001,-0.9749279121818236,-0.2225209339563146,1681.2813673041667,467.0783613331563,2185.221117,704.8165069,1980.648596,1161.994782,1203.809952,-831.015461,-12.361646999999948,1095.1936,1149.6331349999998
11.7,59,0.93,1111.940245,0,0,73,88,2021-10-30 19:00:00,19,30,10,5,4,1,-0.9659258262890684,0.2588190451025203,-0.8660254037844386,0.5000000000000001,-0.9749279121818236,-0.2225209339563146,1679.1957615958333,469.60283224610413,2185.221117,704.8165069,1149.633135,1161.994782,1145.561084,-37.692890000000034,-50.05453699999998,1103.514,1111.940245
11.7,57,0.93,1074.247356,0,0,73,88,2021-10-30 20:00:00,20,30,10,5,4,1,-0.8660254037844386,0.5000000000000001,-0.8660254037844386,0.5000000000000001,-0.9749279121818236,-0.2225209339563146,1694.5887136416666,441.4884838391116,2185.221117,857.2092652,1111.940245,704.8165069,1078.097705,-37.69288899999992,369.43084910000005,947.9007,1074.247356
11.7,54,0.93,1017.708021,0,0,71,93,2021-10-30 21:00:00,21,30,10,5,4,1,-0.7071067811865477,0.7071067811865474,-0.8660254037844386,0.5000000000000001,-0.9749279121818236,-0.2225209339563146,1694.9264635583331,440.94443301965197,2185.221117,857.2092652,1074.247356,1009.602023,1039.594215,-56.53933500000005,8.105998,1058.3177,1017.708021
11.7,45,0.93,848.0900177,0,0,71,93,2021-10-30 22:00:00,22,30,10,5,4,1,-0.5000000000000004,0.8660254037844384,-0.8660254037844386,0.5000000000000001,-0.9749279121818236,-0.2225209339563146,1694.5464949124998,441.70097281315583,2185.221117,848.0900177,1017.708021,857.2092652,981.838981,-169.61800330000005,-9.119247500000029,1025.73,848.0900177
11.7,45,0.93,848.0900177,0,0,71,93,2021-10-30 23:00:00,23,30,10,5,4,1,-0.25881904510252157,0.9659258262890681,-0.8660254037844386,0.5000000000000001,-0.9749279121818236,-0.2225209339563146,1694.1665262666666,442.4558785352057,2185.221117,848.0900177,848.0900177,857.2092652,931.9818985,0.0,-9.119247500000029,1056.3496,848.0900177
11.6,83,0.947,1579.234736,1,0,75,73,2021-10-31 00:00:00,0,31,10,6,4,1,0.0,1.0,-0.8660254037844386,0.5000000000000001,-0.7818314824680299,0.6234898018587334,1690.6764150166666,443.0424046677554,2185.221117,848.0900177,848.0900177,1662.997406,1737.099736,731.1447183000001,-83.76266999999984,1097.1311,1579.234736
11.6,83,0.947,1579.234736,1,0,75,73,2021-10-31 01:00:00,1,31,10,6,4,1,0.25881904510252074,0.9659258262890683,-0.8660254037844386,0.5000000000000001,-0.7818314824680299,0.6234898018587334,1687.186303766667,443.5995032205101,2185.221117,848.0900177,1579.234736,1662.997406,1737.099736,0.0,-83.76266999999984,1400.6858,1579.234736
11.6,83,0.947,1579.234736,1,0,75,73,2021-10-31 02:00:00,2,31,10,6,4,1,0.49999999999999994,0.8660254037844387,-0.8660254037844386,0.5000000000000001,-0.7818314824680299,0.6234898018587334,1683.6961925166668,444.1272849324272,2185.221117,848.0900177,1579.234736,1662.997406,1737.099736,0.0,-83.76266999999984,1272.1106,1579.234736
11.5,83,0.947,1565.620644,1,0,84,33,2021-10-31 03:00:00,3,31,10,6,4,1,0.7071067811865476,0.7071067811865476,-0.8660254037844386,0.5000000000000001,-0.7818314824680299,0.6234898018587334,1679.6388274333333,444.7689357316809,2185.221117,848.0900177,1579.234736,1662.997406,1737.099736,-13.614092000000028,-97.37676199999987,1359.0935,1565.620644
11.5,83,0.947,1565.620644,1,0,84,33,2021-10-31 04:00:00,4,31,10,6,4,1,0.8660254037844386,0.5000000000000001,-0.8660254037844386,0.5000000000000001,-0.7818314824680299,0.6234898018587334,1675.58146235,445.37109385640514,2185.221117,848.0900177,1565.620644,1662.997406,1951.59379,0.0,-97.37676199999987,1436.1344,1565.620644
11.5,94,0.947,1773.112536,1,0,84,33,2021-10-31 05:00:00,5,31,10,6,4,1,0.9659258262890683,0.25881904510252074,-0.8660254037844386,0.5000000000000001,-0.7818314824680299,0.6234898018587334,1677.5386075999998,445.70601380130074,2185.221117,848.0900177,1565.620644,1726.14105,1951.59379,207.491892,46.97148600000014,1553.3411,1773.112536
11.7,101,0.947,1938.285924,1,0,87,29,2021-10-31 06:00:00,6,31,10,6,4,1,1.0,6.123233995736766e-17,-0.8660254037844386,0.5000000000000001,-0.7818314824680299,0.6234898018587334,1679.49177635,446.785390295333,2185.221117,848.0900177,1773.112536,1891.409874,2086.19804,165.17338799999993,46.87605000000008,1788.5688,1938.2859240000003
11.4,119,0.947,2225.166019,1,0,87,29,2021-10-31 07:00:00,7,31,10,6,4,1,0.9659258262890683,-0.25881904510252063,-0.8660254037844386,0.5000000000000001,-0.7818314824680299,0.6234898018587334,1688.807481725,456.02851633771144,2225.166019,848.0900177,1938.285924,2001.58909,2219.459604,286.88009499999976,223.57692899999984,1852.2412,2225.166019
11.4,124,0.947,2318.660389,1,0,87,29,2021-10-31 08:00:00,8,31,10,6,4,1,0.8660254037844387,-0.4999999999999998,-0.8660254037844386,0.5000000000000001,-0.7818314824680299,0.6234898018587334,1700.4750955583334,468.7723334306931,2318.660389,848.0900177,2225.166019,2038.637657,2372.525784,93.49437000000034,280.02273200000013,2012.1908,2318.660389
11.4,134,0.947,2505.649131,1,0,84,40,2021-10-31 09:00:00,9,31,10,6,4,1,0.7071067811865476,-0.7071067811865475,-0.8660254037844386,0.5000000000000001,-0.7818314824680299,0.6234898018587334,1721.450750475,493.4739403011154,2505.649131,848.0900177,2318.660389,2002.233413,2525.591964,186.988742,503.4157180000002,2071.0068,2505.649131
11.3,120,0.947,2224.181868,1,0,84,40,2021-10-31 10:00:00,10,31,10,6,4,1,0.49999999999999994,-0.8660254037844387,-0.8660254037844386,0.5000000000000001,-0.7818314824680299,0.6234898018587334,1732.2154462666667,501.7845051617869,2505.649131,848.0900177,2505.649131,1965.829169,2541.368522,-281.467263,258.35269900000003,2188.4292,2224.181868
11.3,120,0.947,2224.181868,1,0,84,40,2021-10-31 11:00:00,11,31,10,6,4,1,0.258819045102521,-0.9659258262890682,-0.8660254037844386,0.5000000000000001,-0.7818314824680299,0.6234898018587334,1741.49014535,508.9854008503164,2505.649131,848.0900177,2224.181868,2001.58909,2768.953762,0.0,222.59277800000018,2147.4019,2224.181868
11.4,126,0.947,2356.058138,1,0,84,72,2021-10-31 12:00:00,12,31,10,6,4,1,1.2246467991473532e-16,-1.0,-0.8660254037844386,0.5000000000000001,-0.7818314824680299,0.6234898018587334,1751.66888835,519.0552671557733,2505.649131,848.0900177,2224.181868,2111.768306,2793.457778,131.87626999999975,244.28983199999993,2105.8064,2356.058138
11.4,122,0.947,2281.262641,1,0,84,72,2021-10-31 13:00:00,13,31,10,6,4,1,-0.2588190451025208,-0.9659258262890683,-0.8660254037844386,0.5000000000000001,-0.7818314824680299,0.6234898018587334,1758.7311523083335,525.28350344694,2505.649131,848.0900177,2356.058138,2111.768306,2602.125053,-74.79549700000007,169.49433499999986,2133.9587,2281.262641
11.4,122,0.947,2281.262641,1,0,84,72,2021-10-31 14:00:00,14,31,10,6,4,1,-0.4999999999999997,-0.8660254037844388,-0.8660254037844386,0.5000000000000001,-0.7818314824680299,0.6234898018587334,1762.7328824750002,529.0263653854696,2505.649131,848.0900177,2281.262641,2185.221117,2602.125053,0.0,96.04152399999975,2046.9749,2281.262641
11.4,122,0.947,2281.262641,1,0,72,87,2021-10-31 15:00:00,15,31,10,6,4,1,-0.7071067811865471,-0.7071067811865479,-0.8660254037844386,0.5000000000000001,-0.7818314824680299,0.6234898018587334,1766.7346126416667,532.7115648787563,2505.649131,848.0900177,2281.262641,2185.221117,2674.126579,0.0,96.04152399999975,1967.9246,2281.262641
11.4,110,0.947,2056.876152,1,0,72,87,2021-10-31 16:00:00,16,31,10,6,4,1,-0.8660254037844385,-0.5000000000000004,-0.8660254037844386,0.5000000000000001,-0.7818314824680299,0.6234898018587334,1765.2192846833334,531.7933429008889,2505.649131,848.0900177,2281.262641,2093.244023,2353.392511,-224.38648899999998,-36.36787100000038,1878.6381,2056.876152
11.7,115,0.947,2206.95922,1,0,72,87,2021-10-31 17:00:00,17,31,10,6,4,1,-0.9659258262890683,-0.25881904510252063,-0.8660254037844386,0.5000000000000001,-0.7818314824680299,0.6234898018587334,1774.6488940166666,537.7524091366425,2505.649131,848.0900177,2056.876152,1980.648596,2200.326332,150.08306800000037,226.3106240000002,1530.8954,2206.95922
11.6,62,0.947,1179.669321,1,0,74,91,2021-10-31 18:00:00,18,31,10,6,4,1,-1.0,-1.8369701987210297e-16,-0.8660254037844386,0.5000000000000001,-0.7818314824680299,0.6234898018587334,1775.9004017666666,536.2674719565911,2505.649131,848.0900177,2206.95922,1149.633135,1207.074522,-1027.289899,30.036186000000043,1291.2179,1179.6693209999999
11.6,62,0.947,1179.669321,1,0,74,91,2021-10-31 19:00:00,19,31,10,6,4,1,-0.9659258262890684,0.2588190451025203,-0.8660254037844386,0.5000000000000001,-0.7818314824680299,0.6234898018587334,1778.7224466,532.7884689728504,2505.649131,848.0900177,1179.669321,1111.940245,1207.074522,0.0,67.72907600000008,1155.1794,1179.6693209999999
11.6,55,0.947,1046.480849,1,0,74,91,2021-10-31 20:00:00,20,31,10,6,4,1,-0.8660254037844386,0.5000000000000001,-0.8660254037844386,0.5000000000000001,-0.7818314824680299,0.6234898018587334,1777.5655088083333,534.4124034976298,2505.649131,848.0900177,1179.669321,1074.247356,1129.198746,-133.18847200000005,-27.766507000000047,1073.751,1046.480849
11.7,51,0.947,978.7384369,1,0,69,92,2021-10-31 21:00:00,21,31,10,6,4,1,-0.7071067811865477,0.7071067811865474,-0.8660254037844386,0.5000000000000001,-0.7818314824680299,0.6234898018587334,1775.9417761375,536.8750240826837,2505.649131,848.0900177,1046.480849,1017.708021,1070.791914,-67.74241210000002,-38.96958410000002,1048.5519,978.7384369
11.7,45,0.947,863.5927384,1,0,69,92,2021-10-31 22:00:00,22,31,10,6,4,1,-0.5000000000000004,0.8660254037844384,-0.8660254037844386,0.5000000000000001,-0.7818314824680299,0.6234898018587334,1776.5877228333336,535.7182123995364,2505.649131,848.0900177,978.7384369,848.0900177,981.838981,-115.14569849999998,15.502720700000054,1074.6063,863.5927384
11.7,45,0.947,863.5927384,1,0,69,92,2021-10-31 23:00:00,23,31,10,6,4,1,-0.25881904510252157,0.9659258262890681,-0.8660254037844386,0.5000000000000001,-0.7818314824680299,0.6234898018587334,1777.2336695291667,534.5580828429219,2505.649131,863.5927384,863.5927384,848.0900177,981.838981,0.0,15.502720700000054,1080.2313,863.5927384
11.6,83,0.94,1567.561406,0,1,74,63,2021-11-01 00:00:00,0,1,11,0,4,0,0.0,1.0,-0.5000000000000004,0.8660254037844384,0.0,1.0,1776.7472807791664,534.7513486817749,2505.649131,863.5927384,863.5927384,1579.234736,1322.03974,703.9686676,-11.673330000000078,1122.4252,1567.561406
11.6,83,0.94,1567.561406,0,1,74,63,2021-11-01 01:00:00,1,1,11,0,4,0,0.25881904510252074,0.9659258262890683,-0.5000000000000004,0.8660254037844384,0.0,1.0,1776.2608920291666,534.9440832288626,2505.649131,863.5927384,1567.561406,1579.234736,1322.03974,0.0,-11.673330000000078,1175.5957,1567.561406
11.5,83,0.94,1554.047946,0,1,74,63,2021-11-01 02:00:00,2,1,11,0,4,0,0.49999999999999994,0.8660254037844387,-0.5000000000000004,0.8660254037844384,0.0,1.0,1775.2114424458332,535.3719477121422,2505.649131,863.5927384,1567.561406,1579.234736,1310.642846,-13.513460000000123,-25.1867900000002,1212.3654,1554.047946
11.5,83,0.94,1554.047946,0,1,86,30,2021-11-01 03:00:00,3,1,11,0,4,0,0.7071067811865476,0.7071067811865476,-0.5000000000000004,0.8660254037844384,0.0,1.0,1774.7292466958334,535.5741017293793,2505.649131,863.5927384,1554.047946,1565.620644,1348.089785,0.0,-11.572698000000173,1247.247,1554.047946
11.4,83,0.94,1540.534486,0,1,86,30,2021-11-01 04:00:00,4,1,11,0,4,0,0.8660254037844386,0.5000000000000001,-0.5000000000000004,0.8660254037844384,0.0,1.0,1773.6839901125002,536.0242442983218,2505.649131,863.5927384,1554.047946,1565.620644,1479.154069,-13.513459999999895,-25.08615800000007,1350.0931,1540.534486
11.5,97,0.94,1816.176515,0,1,86,30,2021-11-01 05:00:00,5,1,11,0,4,0,0.9659258262890683,0.25881904510252074,-0.5000000000000004,0.8660254037844384,0.0,1.0,1775.4783225708334,536.0943215985454,2505.649131,863.5927384,1540.534486,1773.112536,1928.517331,275.6420290000001,43.06397900000002,1482.404,1816.176515
11.4,105,0.94,1948.868928,0,1,90,26,2021-11-01 06:00:00,6,1,11,0,4,0,1.0,6.123233995736766e-17,-0.5000000000000004,0.8660254037844384,0.0,1.0,1775.9192810708334,536.2383927296382,2505.649131,863.5927384,1816.176515,1938.285924,2022.134677,132.692413,10.583004000000074,1803.9032,1948.868928
11.4,116,0.94,2153.036149,0,1,90,26,2021-11-01 07:00:00,7,1,11,0,4,0,0.9659258262890683,-0.25881904510252063,-0.5000000000000004,0.8660254037844384,0.0,1.0,1772.9138698208335,533.8076855650422,2505.649131,863.5927384,1948.868928,2225.166019,2097.354179,204.16722099999993,-72.12986999999976,1929.5673,2153.036149
11.4,116,0.94,2153.036149,0,1,90,26,2021-11-01 08:00:00,8,1,11,0,4,0,0.8660254037844387,-0.4999999999999998,-0.5000000000000004,0.8660254037844384,0.0,1.0,1766.0128598208332,527.4786436339006,2505.649131,863.5927384,2153.036149,2318.660389,2246.816308,0.0,-165.6242400000001,2023.0891,2153.036149
11.4,117,0.94,2171.596805,0,1,81,42,2021-11-01 09:00:00,9,1,11,0,4,0,0.7071067811865476,-0.7071067811865475,-0.5000000000000004,0.8660254037844384,0.0,1.0,1752.0940129041667,511.27132454824533,2356.058138,863.5927384,2153.036149,2505.649131,2336.526147,18.560656000000108,-334.052326,2033.9418,2171.596805
11.4,124,0.94,2301.5214,0,1,81,42,2021-11-01 10:00:00,10,1,11,0,4,0,0.49999999999999994,-0.8660254037844387,-0.5000000000000004,0.8660254037844384,0.0,1.0,1755.3164934041667,514.6090425560527,2356.058138,863.5927384,2171.596805,2224.181868,2394.324683,129.92459499999995,77.33953199999996,2105.7014,2301.5214
11.4,122,0.94,2264.400087,0,1,81,42,2021-11-01 11:00:00,11,1,11,0,4,0,0.258819045102521,-0.9659258262890682,-0.5000000000000004,0.8660254037844384,0.0,1.0,1756.9922525291668,516.2650441381658,2356.058138,863.5927384,2301.5214,2224.181868,2557.300271,-37.1213130000001,40.21821899999986,2204.74,2264.400087
11.4,124,0.94,2301.5214,0,1,73,67,2021-11-01 12:00:00,12,1,11,0,4,0,1.2246467991473532e-16,-1.0,-0.5000000000000004,0.8660254037844384,0.0,1.0,1754.7198884458332,513.6268664821514,2301.5214,863.5927384,2264.400087,2356.058138,2606.306917,37.1213130000001,-54.53673799999979,2288.4,2301.5214
11.4,122,0.94,2264.400087,0,1,73,67,2021-11-01 13:00:00,13,1,11,0,4,0,-0.2588190451025208,-0.9659258262890683,-0.5000000000000004,0.8660254037844384,0.0,1.0,1754.0172820291666,512.8862752219711,2301.5214,863.5927384,2301.5214,2281.262641,2487.127965,-37.1213130000001,-16.862553999999818,2277.1729,2264.400087
11.4,114,0.94,2115.914836,0,1,73,67,2021-11-01 14:00:00,14,1,11,0,4,0,-0.4999999999999997,-0.8660254037844388,-0.5000000000000004,0.8660254037844384,0.0,1.0,1747.1277901541664,506.5675897564967,2301.5214,863.5927384,2264.400087,2281.262641,2487.127965,-148.48525100000006,-165.34780499999988,2187.2202,2115.914836
11.4,114,0.94,2115.914836,0,1,70,85,2021-11-01 15:00:00,15,1,11,0,4,0,-0.7071067811865471,-0.7071067811865479,-0.5000000000000004,0.8660254037844384,0.0,1.0,1740.2382982791669,500.0700521685958,2301.5214,863.5927384,2115.914836,2281.262641,2375.764026,0.0,-165.34780499999988,1939.3546,2115.914836
11.5,114,0.94,2134.475492,0,1,70,85,2021-11-01 16:00:00,16,1,11,0,4,0,-0.8660254037844385,-0.5000000000000004,-0.5000000000000004,0.8660254037844384,0.0,1.0,1743.4716041125,502.451548382312,2301.5214,863.5927384,2115.914836,2056.876152,2375.764026,18.560656000000108,77.59934000000021,1694.3177,2134.475492
11.6,114,0.94,2153.036149,0,1,70,85,2021-11-01 17:00:00,17,1,11,0,4,0,-0.9659258262890683,-0.25881904510252063,-0.5000000000000004,0.8660254037844384,0.0,1.0,1741.2248094875001,500.405272151559,2301.5214,863.5927384,2134.475492,2206.95922,2209.369369,18.560656999999992,-53.923071000000164,1350.1576,2153.036149
11.7,62,0.94,1181.043876,0,1,72,91,2021-11-01 18:00:00,18,1,11,0,4,0,-1.0,-1.8369701987210297e-16,-0.5000000000000004,0.8660254037844384,0.0,1.0,1741.2820826125,500.3382799145332,2301.5214,863.5927384,2153.036149,1179.669321,1152.063202,-971.9922730000001,1.374554999999873,934.82715,1181.043876
11.7,59,0.94,1123.896592,0,1,72,91,2021-11-01 19:00:00,19,1,11,0,4,0,-0.9659258262890684,0.2588190451025203,-0.5000000000000004,0.8660254037844384,0.0,1.0,1738.9582189041666,503.1815910346688,2301.5214,863.5927384,1181.043876,1179.669321,1152.063202,-57.1472839999999,-55.77272900000003,888.58984,1123.896592
11.7,57,0.94,1085.798403,0,1,72,91,2021-11-01 20:00:00,20,1,11,0,4,0,-0.8660254037844386,0.5000000000000001,-0.5000000000000004,0.8660254037844384,0.0,1.0,1740.5964503208334,500.8878134317687,2301.5214,863.5927384,1123.896592,1046.480849,1095.404356,-38.09818900000005,39.31755399999997,858.62164,1085.798403
11.7,53,0.94,1009.602023,0,1,68,87,2021-11-01 21:00:00,21,1,11,0,4,0,-0.7071067811865477,0.7071067811865474,-0.5000000000000004,0.8660254037844384,0.0,1.0,1741.882433075,498.88237560892304,2301.5214,863.5927384,1085.798403,978.7384369,1057.631792,-76.19637999999998,30.86358610000002,925.5661,1009.602023
11.7,45,0.94,857.2092652,0,1,68,87,2021-11-01 22:00:00,22,1,11,0,4,0,-0.5000000000000004,0.8660254037844384,-0.5000000000000004,0.8660254037844384,0.0,1.0,1741.6164550249998,499.3724538495503,2301.5214,857.2092652,1009.602023,863.5927384,963.2003823,-152.39275780000003,-6.383473200000026,943.32385,857.2092652000001
11.8,45,0.94,864.5358401,0,1,68,87,2021-11-01 23:00:00,23,1,11,0,4,0,-0.25881904510252157,0.9659258262890681,-0.5000000000000004,0.8660254037844384,0.0,1.0,1741.655750929167,499.3003895594398,2301.5214,857.2092652,857.2092652,863.5927384,887.6552543,7.326574899999969,0.9431016999999429,953.081,864.5358401
11.7,83,0.94,1581.074867,0,1,72,89,2021-11-02 00:00:00,0,2,11,1,4,0,0.0,1.0,-0.5000000000000004,0.8660254037844384,0.7818314824680298,0.6234898018587336,1742.2188118041668,499.1031080967736,2301.5214,857.2092652,864.5358401,1567.561406,1651.898424,716.5390269000001,13.513461000000007,1061.3413,1581.0748670000003
11.7,83,0.94,1581.074867,0,1,72,89,2021-11-02 01:00:00,1,2,11,1,4,0,0.25881904510252074,0.9659258262890683,-0.5000000000000004,0.8660254037844384,0.7818314824680298,0.6234898018587336,1742.7818726791668,498.90508552823013,2301.5214,857.2092652,1581.074867,1567.561406,1651.898424,0.0,13.513461000000007,1267.189,1581.0748670000003
11.7,83,0.94,1581.074867,0,1,72,89,2021-11-02 02:00:00,2,2,11,1,4,0,0.49999999999999994,0.8660254037844387,-0.5000000000000004,0.8660254037844384,0.7818314824680298,0.6234898018587336,1743.9079943875001,498.4908862897199,2301.5214,857.2092652,1581.074867,1554.047946,1651.898424,0.0,27.02692100000013,1189.2352,1581.0748670000003
11.7,83,0.94,1581.074867,0,1,76,67,2021-11-02 03:00:00,3,2,11,1,4,0,0.7071067811865476,0.7071067811865476,-0.5000000000000004,0.8660254037844384,0.7818314824680298,0.6234898018587336,1745.0341160958333,498.0736858013727,2301.5214,857.2092652,1581.074867,1554.047946,1651.898424,0.0,27.02692100000013,1181.9211,1581.0748670000003
11.7,90,0.94,1714.41853,0,1,76,67,2021-11-02 04:00:00,4,2,11,1,4,0,0.8660254037844386,0.5000000000000001,-0.5000000000000004,0.8660254037844384,0.7818314824680298,0.6234898018587336,1752.2792845958336,496.2309032761032,2301.5214,857.2092652,1581.074867,1540.534486,1821.386524,133.34366299999988,173.8840439999999,1256.4236,1714.41853
11.6,101,0.94,1907.514483,0,1,76,67,2021-11-02 05:00:00,5,2,11,1,4,0,0.9659258262890683,0.25881904510252074,-0.5000000000000004,0.8660254037844384,0.7818314824680298,0.6234898018587336,1756.0850332625002,497.09176026526814,2301.5214,857.2092652,1714.41853,1816.176515,1821.386524,193.095953,91.33796799999982,1398.7125,1907.514483
11.6,111,0.94,2096.377303,0,1,79,62,2021-11-02 06:00:00,6,2,11,1,4,0,1.0,6.123233995736766e-17,-0.5000000000000004,0.8660254037844384,0.7818314824680298,0.6234898018587336,1762.2312155541665,500.4794050514039,2301.5214,857.2092652,1907.514483,1948.868928,2023.762805,188.86282000000028,147.50837500000011,1558.2604,2096.377303
11.6,111,0.94,2096.377303,0,1,79,62,2021-11-02 07:00:00,7,2,11,1,4,0,0.9659258262890683,-0.25881904510252063,-0.5000000000000004,0.8660254037844384,0.7818314824680298,0.6234898018587336,1759.8704303041666,498.68622855397035,2301.5214,857.2092652,2096.377303,2153.036149,2301.5214,0.0,-56.65884599999981,1717.8967,2096.377303
11.5,108,0.94,2022.134677,0,1,79,62,2021-11-02 08:00:00,8,2,11,1,4,0,0.8660254037844387,-0.4999999999999998,-0.5000000000000004,0.8660254037844384,0.7818314824680298,0.6234898018587336,1754.4162023041665,494.9006154467126,2301.5214,857.2092652,2096.377303,2153.036149,2412.885339,-74.2426260000002,-130.901472,1789.5608,2022.1346769999998
11.6,101,0.94,1907.514483,0,1,80,62,2021-11-02 09:00:00,9,2,11,1,4,0,0.7071067811865476,-0.7071067811865475,-0.5000000000000004,0.8660254037844384,0.7818314824680298,0.6234898018587336,1743.4127722208332,488.11108223522126,2301.5214,857.2092652,2022.134677,2171.596805,2340.433654,-114.62019400000008,-264.0823220000002,1797.313,1907.514483
11.6,105,0.94,1983.059611,0,1,80,62,2021-11-02 10:00:00,10,2,11,1,4,0,0.49999999999999994,-0.8660254037844387,-0.5000000000000004,0.8660254037844384,0.7818314824680298,0.6234898018587336,1730.1435310125,476.4691457897318,2301.5214,857.2092652,1907.514483,2301.5214,2134.475492,75.54512799999998,-318.4617890000002,1759.8768,1983.059611
11.6,105,0.94,1983.059611,0,1,80,62,2021-11-02 11:00:00,11,2,11,1,4,0,0.258819045102521,-0.9659258262890682,-0.5000000000000004,0.8660254037844384,0.7818314824680298,0.6234898018587336,1718.4210111791665,466.1014973927943,2301.5214,857.2092652,1983.059611,2264.400087,2208.718118,0.0,-281.3404760000001,1794.9823,1983.059611
11.6,105,0.94,1983.059611,0,1,75,80,2021-11-02 12:00:00,12,2,11,1,4,0,1.2246467991473532e-16,-1.0,-0.5000000000000004,0.8660254037844384,0.7818314824680298,0.6234898018587336,1705.1517699708331,453.1323692692401,2264.400087,857.2092652,1983.059611,2301.5214,2357.20337,0.0,-318.4617890000002,1814.6144,1983.059611
11.7,97,0.94,1847.762194,0,1,75,80,2021-11-02 13:00:00,13,2,11,1,4,0,-0.2588190451025208,-0.9659258262890683,-0.5000000000000004,0.8660254037844384,0.7818314824680298,0.6234898018587336,1687.7918577624998,438.52083236055427,2153.036149,857.2092652,1983.059611,2264.400087,2357.20337,-135.297417,-416.6378930000001,1810.4725,1847.762194
11.7,97,0.94,1847.762194,0,1,75,80,2021-11-02 14:00:00,14,2,11,1,4,0,-0.4999999999999997,-0.8660254037844388,-0.5000000000000004,0.8660254037844384,0.7818314824680298,0.6234898018587336,1676.6188310125,430.48087958676547,2153.036149,857.2092652,1847.762194,2115.914836,2320.082057,0.0,-268.152642,1692.9645,1847.762194
11.8,112,0.94,2151.733646,0,1,73,89,2021-11-02 15:00:00,15,2,11,1,4,0,-0.7071067811865471,-0.7071067811865479,-0.5000000000000004,0.8660254037844384,0.7818314824680298,0.6234898018587336,1678.1112814291666,432.1290450623774,2153.036149,857.2092652,1847.762194,2115.914836,2304.126405,303.9714520000002,35.81881000000021,1574.2843,2151.733646
11.8,102,0.94,1959.614571,0,1,73,89,2021-11-02 16:00:00,16,2,11,1,4,0,-0.8660254037844385,-0.5000000000000004,-0.5000000000000004,0.8660254037844384,0.7818314824680298,0.6234898018587336,1670.8254097208335,425.5236447526366,2153.036149,857.2092652,2151.733646,2134.475492,2286.216999,-192.11907500000007,-174.86092099999996,1624.1582,1959.6145709999998
11.8,111,0.94,2132.521739,0,1,73,89,2021-11-02 17:00:00,17,2,11,1,4,0,-0.9659258262890683,-0.25881904510252063,-0.5000000000000004,0.8660254037844384,0.7818314824680298,0.6234898018587336,1669.9706426374999,424.53234269955476,2151.733646,857.2092652,1959.614571,2153.036149,2208.718118,172.90716799999973,-20.514410000000225,1076.8267,2132.521739
11.8,62,0.94,1191.138269,0,1,70,85,2021-11-02 18:00:00,18,2,11,1,4,0,-1.0,-1.8369701987210297e-16,-0.5000000000000004,0.8660254037844384,0.7818314824680298,0.6234898018587336,1670.3912423458332,424.03158942841543,2151.733646,857.2092652,2132.521739,1181.043876,1170.949484,-941.3834699999998,10.094393000000082,919.41064,1191.1382689999998
11.8,59,0.94,1133.502546,0,1,70,85,2021-11-02 19:00:00,19,2,11,1,4,0,-0.9659258262890684,0.2588190451025203,-0.5000000000000004,0.8660254037844384,0.7818314824680298,0.6234898018587336,1670.7914904291667,423.4975164346851,2151.733646,857.2092652,1191.138269,1123.896592,1152.063202,-57.6357230000001,9.605953999999883,763.33984,1133.502546
11.8,56,0.94,1075.866823,0,1,70,85,2021-11-02 20:00:00,20,2,11,1,4,0,-0.8660254037844386,0.5000000000000001,-0.5000000000000004,0.8660254037844384,0.7818314824680298,0.6234898018587336,1670.3776745958332,424.09841482622613,2151.733646,857.2092652,1133.502546,1085.798403,1095.404356,-57.63572299999987,-9.93157999999994,840.181,1075.866823
11.8,52,0.94,999.019193,0,1,71,95,2021-11-02 21:00:00,21,2,11,1,4,0,-0.7071067811865477,0.7071067811865474,-0.5000000000000004,0.8660254037844384,0.7818314824680298,0.6234898018587336,1669.9367233458333,424.82020688518577,2151.733646,857.2092652,1075.866823,1009.602023,1057.631792,-76.8476300000001,-10.582830000000058,847.02625,999.019193
11.8,45,0.94,864.5358401,0,1,71,95,2021-11-02 22:00:00,22,2,11,1,4,0,-0.5000000000000004,0.8660254037844384,-0.5000000000000004,0.8660254037844384,0.7818314824680298,0.6234898018587336,1670.2419972999999,424.2129906477891,2151.733646,864.5358401,999.019193,857.2092652,944.3141003,-134.4833529,7.326574899999969,856.2153,864.5358401
11.8,45,0.94,864.5358401,0,1,71,95,2021-11-02 23:00:00,23,2,11,1,4,0,-0.25881904510252157,0.9659258262890681,-0.5000000000000004,0.8660254037844384,0.7818314824680298,0.6234898018587336,1670.2419972999999,424.2129906477891,2151.733646,864.5358401,864.5358401,864.5358401,849.8826903,0.0,0.0,840.1558,864.5358401
11.7,79,0.9,1440.841105,0,1,75,87,2021-11-03 00:00:00,0,3,11,2,4,0,0.0,1.0,-0.5000000000000004,0.8660254037844384,0.9749279121818236,-0.22252093395631434,1664.3989238833335,426.45443250563056,2151.733646,864.5358401,864.5358401,1581.074867,1542.509024,576.3052649,-140.23376200000007,887.4187,1440.841105
11.7,79,0.9,1440.841105,0,1,75,87,2021-11-03 01:00:00,1,3,11,2,4,0,0.25881904510252074,0.9659258262890683,-0.5000000000000004,0.8660254037844384,0.9749279121818236,-0.22252093395631434,1658.5558504666667,428.6010414505091,2151.733646,864.5358401,1440.841105,1581.074867,1542.509024,0.0,-140.23376200000007,1189.5017,1440.841105
11.7,79,0.9,1440.841105,0,1,75,87,2021-11-03 02:00:00,2,3,11,2,4,0,0.49999999999999994,0.8660254037844387,-0.5000000000000004,0.8660254037844384,0.9749279121818236,-0.22252093395631434,1652.71277705,430.6542355772505,2151.733646,864.5358401,1440.841105,1581.074867,1542.509024,0.0,-140.23376200000007,1093.9727,1440.841105
11.7,69,0.9,1258.456155,0,1,85,57,2021-11-03 03:00:00,3,3,11,2,4,0,0.7071067811865476,0.7071067811865476,-0.5000000000000004,0.8660254037844384,0.9749279121818236,-0.22252093395631434,1639.2703307166666,437.9606957462376,2151.733646,864.5358401,1440.841105,1581.074867,1542.509024,-182.3849499999999,-322.61871199999996,1079.1415,1258.4561549999999
11.7,69,0.9,1258.456155,0,1,85,57,2021-11-03 04:00:00,4,3,11,2,4,0,0.8660254037844386,0.5000000000000001,-0.5000000000000004,0.8660254037844384,0.9749279121818236,-0.22252093395631434,1620.2718984249998,444.4013925783572,2151.733646,864.5358401,1258.456155,1714.41853,1560.872226,0.0,-455.96237499999984,993.09644,1258.4561549999999
11.6,71,0.9,1283.865341,0,1,85,57,2021-11-03 05:00:00,5,3,11,2,4,0,0.9659258262890683,0.25881904510252074,-0.5000000000000004,0.8660254037844384,0.9749279121818236,-0.22252093395631434,1594.2865175083332,445.1079525463658,2151.733646,864.5358401,1258.456155,1907.514483,1634.325037,25.409185999999863,-623.649142,1083.8732,1283.865341
11.6,102,0.9,1844.426264,0,1,89,49,2021-11-03 06:00:00,6,3,11,2,4,0,1.0,6.123233995736766e-17,-0.5000000000000004,0.8660254037844384,0.9749279121818236,-0.22252093395631434,1583.7885575500002,435.6212365886122,2151.733646,864.5358401,1283.865341,2096.377303,1744.504253,560.560923,-251.95103900000026,1205.0886,1844.426264
11.7,107,0.9,1951.518965,0,1,89,49,2021-11-03 07:00:00,7,3,11,2,4,0,0.9659258262890683,-0.25881904510252063,-0.5000000000000004,0.8660254037844384,0.9749279121818236,-0.22252093395631434,1577.7527934666668,429.1659717703466,2151.733646,864.5358401,1844.426264,2096.377303,2111.768306,107.09270100000003,-144.85833800000023,1622.6426,1951.518965
11.7,115,0.9,2097.426925,0,1,89,49,2021-11-03 08:00:00,8,3,11,2,4,0,0.8660254037844387,-0.4999999999999998,-0.5000000000000004,0.8660254037844384,0.9749279121818236,-0.22252093395631434,1580.8899704666667,432.8152864350205,2151.733646,864.5358401,1951.518965,2022.134677,2111.768306,145.90796000000023,75.2922480000002,1725.1436,2097.426925
11.8,115,0.9,2115.353651,0,1,85,64,2021-11-03 09:00:00,9,3,11,2,4,0,0.7071067811865476,-0.7071067811865475,-0.5000000000000004,0.8660254037844384,0.9749279121818236,-0.22252093395631434,1589.5499358,441.6243058835472,2151.733646,864.5358401,2097.426925,1907.514483,2258.673927,17.92672599999969,207.83916799999997,1777.9235,2115.353651
11.8,115,0.9,2115.353651,0,1,85,64,2021-11-03 10:00:00,10,3,11,2,4,0,0.49999999999999994,-0.8660254037844387,-0.5000000000000004,0.8660254037844384,0.9749279121818236,-0.22252093395631434,1595.0621874666665,447.5356229680155,2151.733646,864.5358401,2115.353651,1983.059611,2258.673927,0.0,132.29404,1805.8787,2115.353651
11.7,114,0.9,2079.18843,0,1,85,64,2021-11-03 11:00:00,11,3,11,2,4,0,0.258819045102521,-0.9659258262890682,-0.5000000000000004,0.8660254037844384,0.9749279121818236,-0.22252093395631434,1599.067554925,451.57108664619636,2151.733646,864.5358401,2115.353651,1983.059611,2240.310725,-36.16522099999975,96.12881900000025,1858.4397,2079.18843
11.7,112,0.9,2042.71144,0,1,78,86,2021-11-03 12:00:00,12,3,11,2,4,0,1.2246467991473532e-16,-1.0,-0.5000000000000004,0.8660254037844384,0.9749279121818236,-0.22252093395631434,1601.5530478,453.934490495901,2151.733646,864.5358401,2079.18843,1983.059611,2297.01114,-36.476990000000114,59.651829000000134,1850.0837,2042.71144
11.5,110,0.9,1971.939844,0,1,78,86,2021-11-03 13:00:00,13,3,11,2,4,0,-0.2588190451025208,-0.9659258262890683,-0.5000000000000004,0.8660254037844384,0.9749279121818236,-0.22252093395631434,1606.72711655,457.5561229367643,2151.733646,864.5358401,2042.71144,1847.762194,2299.26627,-70.77159600000005,124.17765000000009,1803.3353,1971.939844
11.8,104,0.9,1913.015476,0,1,78,86,2021-11-03 14:00:00,14,3,11,2,4,0,-0.4999999999999997,-0.8660254037844388,-0.5000000000000004,0.8660254037844384,0.9749279121818236,-0.22252093395631434,1609.4460032999998,459.2414427944648,2151.733646,864.5358401,1971.939844,1847.762194,2297.01114,-58.92436799999996,65.25328200000013,1712.9332,1913.015476
11.8,89,0.9,1637.099782,0,1,77,88,2021-11-03 15:00:00,15,3,11,2,4,0,-0.7071067811865471,-0.7071067811865479,-0.5000000000000004,0.8660254037844384,0.9749279121818236,-0.22252093395631434,1588.002925633333,444.6012221068243,2132.521739,864.5358401,1913.015476,2151.733646,2297.01114,-275.91569400000003,-514.6338640000001,1599.024,1637.0997820000002
11.8,78,0.9,1434.761607,0,1,77,88,2021-11-03 16:00:00,16,3,11,2,4,0,-0.8660254037844385,-0.5000000000000004,-0.5000000000000004,0.8660254037844384,0.9749279121818236,-0.22252093395631434,1566.1340521333332,438.3925884887451,2132.521739,864.5358401,1637.099782,1959.614571,2297.01114,-202.3381750000001,-524.8529640000002,1259.3544,1434.761607
11.7,71,0.9,1294.933145,0,1,77,88,2021-11-03 17:00:00,17,3,11,2,4,0,-0.9659258262890683,-0.25881904510252063,-0.5000000000000004,0.8660254037844384,0.9749279121818236,-0.22252093395631434,1531.2345273833334,424.4612387738023,2115.353651,864.5358401,1434.761607,2132.521739,2090.827812,-139.82846199999994,-837.5885939999998,989.8952,1294.9331449999997
11.8,61,0.9,1122.057154,0,1,72,93,2021-11-03 18:00:00,18,3,11,2,4,0,-1.0,-1.8369701987210297e-16,-0.5000000000000004,0.8660254037844384,0.9749279121818236,-0.22252093395631434,1528.3561475916667,427.09385539791805,2115.353651,864.5358401,1294.933145,1191.138269,1158.492575,-172.87599099999989,-69.08111499999995,830.52014,1122.057154
11.7,58,0.9,1057.83271,0,1,72,93,2021-11-03 19:00:00,19,3,11,2,4,0,-0.9659258262890684,0.2588190451025203,-0.5000000000000004,0.8660254037844384,0.9749279121818236,-0.22252093395631434,1525.203237758333,430.40198948911274,2115.353651,864.5358401,1122.057154,1133.502546,1158.492575,-64.22444400000018,-75.66983600000003,765.255,1057.83271
11.7,53,0.9,966.6402352,0,1,72,93,2021-11-03 20:00:00,20,3,11,2,4,0,-0.8660254037844386,0.5000000000000001,-0.5000000000000004,0.8660254037844384,0.9749279121818236,-0.22252093395631434,1520.6521299333333,435.9022318091703,2115.353651,864.5358401,1057.83271,1075.866823,1083.751118,-91.1924747999999,-109.22658780000006,708.02264,966.6402352
11.8,50,0.9,919.7189788,0,1,73,92,2021-11-03 21:00:00,21,3,11,2,4,0,-0.7071067811865477,0.7071067811865474,-0.5000000000000004,0.8660254037844384,0.9749279121818236,-0.22252093395631434,1517.3479543416668,440.30646888266205,2115.353651,864.5358401,966.6402352,999.019193,1009.009662,-46.92125640000006,-79.30021420000003,669.65936,919.7189788
11.8,45,0.9,827.7470809,0,1,73,92,2021-11-03 22:00:00,22,3,11,2,4,0,-0.5000000000000004,0.8660254037844384,-0.5000000000000004,0.8660254037844384,0.9749279121818236,-0.22252093395631434,1515.815089375,442.73529270585595,2115.353651,827.7470809,919.7189788,864.5358401,934.2682056,-91.97189789999993,-36.78875919999996,668.78705,827.7470809000001
11.8,45,0.9,827.7470809,0,1,73,92,2021-11-03 23:00:00,23,3,11,2,4,0,-0.25881904510252157,0.9659258262890681,-0.5000000000000004,0.8660254037844384,0.9749279121818236,-0.22252093395631434,1514.2822244083334,445.14535671529075,2115.353651,827.7470809,827.7470809,864.5358401,840.841385,0.0,-36.78875919999996,636.5795,827.7470809000001
11.7,79,0.91,1456.850451,0,1,78,88,2021-11-04 00:00:00,0,4,11,3,4,0,0.0,1.0,-0.5000000000000004,0.8660254037844384,0.43388373911755823,-0.900968867902419,1514.9492804916665,445.04250258014963,2115.353651,827.7470809,827.7470809,1440.841105,1584.483543,629.1033701,16.00934600000005,711.2338,1456.8504509999998
11.7,79,0.91,1456.850451,0,1,78,88,2021-11-04 01:00:00,1,4,11,3,4,0,0.25881904510252074,0.9659258262890683,-0.5000000000000004,0.8660254037844384,0.43388373911755823,-0.900968867902419,1515.6163365749999,444.9385811325861,2115.353651,827.7470809,1456.850451,1440.841105,1584.483543,0.0,16.00934600000005,1197.6938,1456.8504509999998
11.7,79,0.91,1456.850451,0,1,78,88,2021-11-04 02:00:00,2,4,11,3,4,0,0.49999999999999994,0.8660254037844387,-0.5000000000000004,0.8660254037844384,0.43388373911755823,-0.900968867902419,1516.2833926583332,444.8335916245679,2115.353651,827.7470809,1456.850451,1440.841105,1584.483543,0.0,16.00934600000005,1259.0525,1456.8504509999998
11.7,79,0.91,1456.850451,0,1,85,67,2021-11-04 03:00:00,3,4,11,3,4,0,0.7071067811865476,0.7071067811865476,-0.5000000000000004,0.8660254037844384,0.43388373911755823,-0.900968867902419,1524.5498216583335,441.6661455649622,2115.353651,827.7470809,1456.850451,1258.456155,1584.483543,0.0,198.39429599999994,1281.7467,1456.8504509999998
11.7,94,0.91,1733.467625,0,1,85,67,2021-11-04 04:00:00,4,4,11,3,4,0,0.8660254037844386,0.5000000000000001,-0.5000000000000004,0.8660254037844384,0.43388373911755823,-0.900968867902419,1544.3419662416666,439.86292077158316,2115.353651,827.7470809,1456.850451,1258.456155,1589.404299,276.617174,475.0114699999999,1397.9484,1733.467625
11.6,94,0.91,1718.651663,0,1,85,67,2021-11-04 05:00:00,5,4,11,3,4,0,0.9659258262890683,0.25881904510252074,-0.5000000000000004,0.8660254037844384,0.43388373911755823,-0.900968867902419,1562.4580629916666,437.61632568381407,2115.353651,827.7470809,1733.467625,1283.865341,1779.345494,-14.8159619999999,434.78632200000015,1704.1984,1718.6516630000003
11.6,105,0.91,1919.770474,0,1,89,43,2021-11-04 06:00:00,6,4,11,3,4,0,1.0,6.123233995736766e-17,-0.5000000000000004,0.8660254037844384,0.43388373911755823,-0.900968867902419,1565.597405075,439.9908436323256,2115.353651,827.7470809,1718.651663,1844.426264,2094.437925,201.11881099999982,75.34420999999998,1751.304,1919.770474
11.7,117,0.91,2157.613959,0,1,89,43,2021-11-04 07:00:00,7,4,11,3,4,0,0.9659258262890683,-0.25881904510252063,-0.5000000000000004,0.8660254037844384,0.43388373911755823,-0.900968867902419,1574.1846964916665,449.75321875638986,2157.613959,827.7470809,1919.770474,1951.518965,2187.11217,237.84348499999987,206.09499399999982,1913.594,2157.613959
11.7,119,0.91,2194.496249,0,1,89,43,2021-11-04 08:00:00,8,4,11,3,4,0,0.8660254037844387,-0.4999999999999998,-0.5000000000000004,0.8660254037844384,0.43388373911755823,-0.900968867902419,1578.2292516583332,455.0682901081456,2194.496249,827.7470809,2157.613959,2097.426925,2244.685019,36.88229000000001,97.0693239999996,2029.8752,2194.496249
11.8,124,0.91,2306.246435,0,1,85,59,2021-11-04 09:00:00,9,4,11,3,4,0,0.7071067811865476,-0.7071067811865475,-0.5000000000000004,0.8660254037844384,0.43388373911755823,-0.900968867902419,1586.1831176583335,466.3919084648038,2306.246435,827.7470809,2194.496249,2115.353651,2016.854,111.75018600000021,190.89278400000012,2066.4304,2306.246435
11.8,122,0.91,2269.048912,0,1,85,59,2021-11-04 10:00:00,10,4,11,3,4,0,0.49999999999999994,-0.8660254037844387,-0.5000000000000004,0.8660254037844384,0.43388373911755823,-0.900968867902419,1592.5870868666668,474.9504533646241,2306.246435,827.7470809,2306.246435,2115.353651,1940.746302,-37.19752299999982,153.6952610000003,2095.0615,2269.048912
11.7,107,0.91,1973.202509,0,1,85,59,2021-11-04 11:00:00,11,4,11,3,4,0,0.258819045102521,-0.9659258262890682,-0.5000000000000004,0.8660254037844384,0.43388373911755823,-0.900968867902419,1588.1710068250002,470.7030658491509,2306.246435,827.7470809,2269.048912,2079.18843,1940.746302,-295.84640300000024,-105.98592100000019,2072.7427,1973.2025090000002
11.7,112,0.91,2065.408234,0,1,80,79,2021-11-04 12:00:00,12,4,11,3,4,0,1.2246467991473532e-16,-1.0,-0.5000000000000004,0.8660254037844384,0.43388373911755823,-0.900968867902419,1589.1167065750003,471.6777895174484,2306.246435,827.7470809,1973.202509,2042.71144,1978.800151,92.20572500000003,22.696793999999954,1921.2654,2065.408234
11.5,116,0.91,2102.605757,0,1,80,79,2021-11-04 13:00:00,13,4,11,3,4,0,-0.2588190451025208,-0.9659258262890683,-0.5000000000000004,0.8660254037844384,0.43388373911755823,-0.900968867902419,1594.5611196166667,477.0126515964674,2306.246435,827.7470809,2065.408234,1971.939844,2245.177095,37.19752299999982,130.66591299999982,1958.0697,2102.605757
11.8,120,0.91,2231.851389,0,1,80,79,2021-11-04 14:00:00,14,4,11,3,4,0,-0.4999999999999997,-0.8660254037844388,-0.5000000000000004,0.8660254037844384,0.43388373911755823,-0.900968867902419,1607.845949325,490.5159056302103,2306.246435,827.7470809,2102.605757,1913.015476,1924.015731,129.2456320000001,318.8359129999999,1911.4614,2231.851389
11.8,117,0.91,2176.055104,0,1,77,90,2021-11-04 15:00:00,15,4,11,3,4,0,-0.7071067811865471,-0.7071067811865479,-0.5000000000000004,0.8660254037844384,0.43388373911755823,-0.900968867902419,1630.3024210750002,504.0633783615291,2306.246435,827.7470809,2231.851389,1637.099782,1924.015731,-55.7962849999999,538.955322,1926.479,2176.055104
11.8,114,0.91,2120.258819,0,1,77,90,2021-11-04 16:00:00,16,4,11,3,4,0,-0.8660254037844385,-0.5000000000000004,-0.5000000000000004,0.8660254037844384,0.43388373911755823,-0.900968867902419,1658.8648049083333,511.86271442954444,2306.246435,827.7470809,2176.055104,1434.761607,2054.907849,-55.7962849999999,685.4972120000002,1720.9082,2120.258819
11.7,113,0.91,2083.849379,0,1,77,90,2021-11-04 17:00:00,17,4,11,3,4,0,-0.9659258262890683,-0.25881904510252063,-0.5000000000000004,0.8660254037844384,0.43388373911755823,-0.900968867902419,1691.7363146583332,512.806084681544,2306.246435,827.7470809,2120.258819,1294.933145,1848.564133,-36.409439999999904,788.9162340000003,1447.6139,2083.849379
11.8,62,0.91,1153.123217,0,1,76,91,2021-11-04 18:00:00,18,4,11,3,4,0,-1.0,-1.8369701987210297e-16,-0.5000000000000004,0.8660254037844384,0.43388373911755823,-0.900968867902419,1693.0307339499998,511.34270655398666,2306.246435,827.7470809,2083.849379,1122.057154,1179.669321,-930.7261620000002,31.066062999999986,1092.8043,1153.123217
11.7,61,0.91,1124.909842,0,1,76,91,2021-11-04 19:00:00,19,4,11,3,4,0,-0.9659258262890684,0.2588190451025203,-0.5000000000000004,0.8660254037844384,0.43388373911755823,-0.900968867902419,1695.82561445,507.8915798042307,2306.246435,827.7470809,1153.123217,1057.83271,1179.669321,-28.213375000000042,67.07713200000012,694.05383,1124.909842
11.7,58,0.91,1069.586407,0,1,76,91,2021-11-04 20:00:00,20,4,11,3,4,0,-0.8660254037844386,0.5000000000000001,-0.5000000000000004,0.8660254037844384,0.43388373911755823,-0.900968867902419,1700.1150382750002,501.8644089835975,2306.246435,827.7470809,1124.909842,966.6402352,1084.534698,-55.32343500000002,102.9461718,714.5302,1069.586407
11.8,56,0.91,1041.530648,0,1,73,92,2021-11-04 21:00:00,21,4,11,3,4,0,-0.7071067811865477,0.7071067811865474,-0.5000000000000004,0.8660254037844384,0.43388373911755823,-0.900968867902419,1705.1905244916668,494.1861333512959,2306.246435,827.7470809,1069.586407,919.7189788,1027.453925,-28.05575900000008,121.81166919999998,684.9676,1041.530648
11.8,51,0.91,948.5368402,0,1,73,92,2021-11-04 22:00:00,22,4,11,3,4,0,-0.5000000000000004,0.8660254037844384,-0.5000000000000004,0.8660254037844384,0.43388373911755823,-0.900968867902419,1710.2234311291668,485.398463335426,2306.246435,827.7470809,1041.530648,827.7470809,951.3462266,-92.9938077999999,120.78975930000001,738.3224,948.5368402
11.8,49,0.91,911.339317,0,1,73,92,2021-11-04 23:00:00,23,4,11,3,4,0,-0.25881904510252157,0.9659258262890681,-0.5000000000000004,0.8660254037844384,0.43388373911755823,-0.900968867902419,1713.7064409666666,479.0492638416635,2306.246435,911.339317,948.5368402,827.7470809,951.3462266,-37.19752319999998,83.59223610000004,838.0146,911.3393169999999
11.6,73,0.95,1393.365593,0,1,78,91,2021-11-05 00:00:00,0,5,11,4,4,0,0.0,1.0,-0.5000000000000004,0.8660254037844384,-0.433883739117558,-0.9009688679024191,1711.0612385499999,480.70165493428806,2306.246435,911.339317,911.339317,1456.850451,1548.675124,482.02627599999994,-63.48485800000003,1028.068,1393.3655929999998
11.6,73,0.95,1393.365593,0,1,78,91,2021-11-05 01:00:00,1,5,11,4,4,0,0.25881904510252074,0.9659258262890683,-0.5000000000000004,0.8660254037844384,-0.433883739117558,-0.9009688679024191,1708.4160361333334,482.3332481709316,2306.246435,911.339317,1393.365593,1456.850451,1548.675124,0.0,-63.48485800000003,1392.9447,1393.3655929999998
11.6,73,0.95,1393.365593,0,1,78,91,2021-11-05 02:00:00,2,5,11,4,4,0,0.49999999999999994,0.8660254037844387,-0.5000000000000004,0.8660254037844384,-0.433883739117558,-0.9009688679024191,1705.7708337166669,483.9442539083547,2306.246435,911.339317,1393.365593,1456.850451,1535.324477,0.0,-63.48485800000003,1394.982,1393.3655929999998
11.8,73,0.95,1417.389137,0,1,84,64,2021-11-05 03:00:00,3,5,11,4,4,0,0.7071067811865476,0.7071067811865476,-0.5000000000000004,0.8660254037844384,-0.433883739117558,-0.9009688679024191,1704.1266122999998,484.892848020942,2306.246435,911.339317,1393.365593,1456.850451,1554.047946,24.0235439999999,-39.46131400000013,1447.915,1417.389137
11.5,73,0.95,1381.35382,0,1,84,64,2021-11-05 04:00:00,4,5,11,4,4,0,0.8660254037844386,0.5000000000000001,-0.5000000000000004,0.8660254037844384,-0.433883739117558,-0.9009688679024191,1689.4552037583335,489.27364435365035,2306.246435,911.339317,1417.389137,1733.467625,1610.218354,-36.03531699999985,-352.11380499999996,1583.5957,1381.3538199999998
11.5,86,0.95,1627.348336,0,1,84,64,2021-11-05 05:00:00,5,5,11,4,4,0,0.9659258262890683,0.25881904510252074,-0.5000000000000004,0.8660254037844384,-0.433883739117558,-0.9009688679024191,1685.6508984666668,489.3917059415078,2306.246435,911.339317,1381.35382,1718.651663,1685.112231,245.99451599999998,-91.30332700000008,1641.7455,1627.3483360000002
11.7,99,0.95,1905.922728,0,1,90,43,2021-11-05 06:00:00,6,5,11,4,4,0,1.0,6.123233995736766e-17,-0.5000000000000004,0.8660254037844384,-0.433883739117558,-0.9009688679024191,1685.0739090499999,489.1117626195722,2306.246435,911.339317,1627.348336,1919.770474,1964.173329,278.574392,-13.847745999999916,1932.8933,1905.922728
11.7,113,0.95,2175.447154,0,1,90,43,2021-11-05 07:00:00,7,5,11,4,4,0,0.9659258262890683,-0.25881904510252063,-0.5000000000000004,0.8660254037844384,-0.433883739117558,-0.9009688679024191,1685.8169588416667,489.8738011960074,2306.246435,911.339317,1905.922728,2157.613959,2078.793523,269.52442599999995,17.83319500000016,2130.003,2175.447154
11.7,115,0.95,2213.950644,0,1,90,43,2021-11-05 08:00:00,8,5,11,4,4,0,0.8660254037844387,-0.4999999999999998,-0.5000000000000004,0.8660254037844384,-0.433883739117558,-0.9009688679024191,1686.6275586333334,490.7673957444688,2306.246435,911.339317,2175.447154,2194.496249,2357.20337,38.503490000000056,19.454395000000204,2245.0952,2213.950644
11.7,115,0.95,2213.950644,0,1,84,45,2021-11-05 09:00:00,9,5,11,4,4,0,0.7071067811865476,-0.7071067811865475,-0.5000000000000004,0.8660254037844384,-0.433883739117558,-0.9009688679024191,1682.7819006749999,486.03979936613786,2269.048912,911.339317,2213.950644,2306.246435,2321.710184,0.0,-92.29579100000001,2257.1123,2213.950644
11.7,112,0.95,2156.195409,0,1,84,45,2021-11-05 10:00:00,10,5,11,4,4,0,0.49999999999999994,-0.8660254037844387,-0.5000000000000004,0.8660254037844384,-0.433883739117558,-0.9009688679024191,1678.0796713833333,480.63718890793024,2231.851389,911.339317,2213.950644,2269.048912,2284.263246,-57.755235000000084,-112.85350300000027,2228.5344,2156.195409
11.7,112,0.95,2156.195409,0,1,84,45,2021-11-05 11:00:00,11,5,11,4,4,0,0.258819045102521,-0.9659258262890682,-0.5000000000000004,0.8660254037844384,-0.433883739117558,-0.9009688679024191,1685.70437555,486.9327411753761,2231.851389,911.339317,2156.195409,1973.202509,2321.710184,0.0,182.99289999999996,2204.8923,2156.195409
11.7,112,0.95,2156.195409,0,1,76,80,2021-11-05 12:00:00,12,5,11,4,4,0,1.2246467991473532e-16,-1.0,-0.5000000000000004,0.8660254037844384,-0.433883739117558,-0.9009688679024191,1689.487174508333,490.3514150103507,2231.851389,911.339317,2156.195409,2065.408234,2321.710184,0.0,90.78717499999993,2240.7634,2156.195409
11.7,112,0.95,2156.195409,0,1,76,80,2021-11-05 13:00:00,13,5,11,4,4,0,-0.2588190451025208,-0.9659258262890683,-0.5000000000000004,0.8660254037844384,-0.433883739117558,-0.9009688679024191,1691.720076675,492.43201636956803,2231.851389,911.339317,2156.195409,2102.605757,2321.710184,0.0,53.589652000000115,2244.9521,2156.195409
11.8,107,0.95,2077.542982,0,1,76,80,2021-11-05 14:00:00,14,5,11,4,4,0,-0.4999999999999997,-0.8660254037844388,-0.5000000000000004,0.8660254037844384,-0.433883739117558,-0.9009688679024191,1685.2905597166666,486.03896061195525,2213.950644,911.339317,2156.195409,2231.851389,2321.710184,-78.65242699999999,-154.308407,2208.547,2077.542982
11.7,107,0.95,2059.936686,0,1,72,91,2021-11-05 15:00:00,15,5,11,4,4,0,-0.7071067811865471,-0.7071067811865479,-0.5000000000000004,0.8660254037844384,-0.433883739117558,-0.9009688679024191,1680.4522922999997,481.49798448304705,2213.950644,911.339317,2077.542982,2176.055104,2247.467559,-17.60629599999993,-116.11841800000002,2109.823,2059.936686
11.7,99,0.95,1905.922728,0,1,72,91,2021-11-05 16:00:00,16,5,11,4,4,0,-0.8660254037844385,-0.5000000000000004,-0.5000000000000004,0.8660254037844384,-0.433883739117558,-0.9009688679024191,1671.5216218416665,474.92883127526386,2213.950644,911.339317,2059.936686,2120.258819,2228.581277,-154.013958,-214.33609100000012,1927.6932,1905.922728
11.8,101,0.95,1961.045245,0,1,72,91,2021-11-05 17:00:00,17,5,11,4,4,0,-0.9659258262890683,-0.25881904510252063,-0.5000000000000004,0.8660254037844384,-0.433883739117558,-0.9009688679024191,1666.404782925,470.93807679025315,2213.950644,911.339317,1905.922728,2083.849379,2171.596805,55.122517000000016,-122.8041340000002,1540.3848,1961.045245
11.7,61,0.95,1174.356428,0,1,76,93,2021-11-05 18:00:00,18,5,11,4,4,0,-1.0,-1.8369701987210297e-16,-0.5000000000000004,0.8660254037844384,-0.433883739117558,-0.9009688679024191,1667.28950005,469.9507972493245,2213.950644,911.339317,1961.045245,1153.123217,1161.994782,-786.688817,21.233210999999983,1163.3667,1174.356428
11.7,61,0.95,1174.356428,0,1,76,93,2021-11-05 19:00:00,19,5,11,4,4,0,-0.9659258262890684,0.2588190451025203,-0.5000000000000004,0.8660254037844384,-0.433883739117558,-0.9009688679024191,1669.3497744666668,467.571977194743,2213.950644,911.339317,1174.356428,1124.909842,1161.994782,0.0,49.446586000000025,805.7034,1174.356428
11.7,57,0.95,1097.349449,0,1,76,93,2021-11-05 20:00:00,20,5,11,4,4,0,-0.8660254037844386,0.5000000000000001,-0.5000000000000004,0.8660254037844384,-0.433883739117558,-0.9009688679024191,1670.5065678833332,466.05550602458953,2213.950644,911.339317,1174.356428,1069.586407,704.8165069,-77.006979,27.76304200000004,820.95435,1097.349449
11.7,54,0.95,1039.594215,0,1,68,94,2021-11-05 21:00:00,21,5,11,4,4,0,-0.7071067811865477,0.7071067811865474,-0.5000000000000004,0.8660254037844384,-0.433883739117558,-0.9009688679024191,1670.425883175,466.1692840025522,2213.950644,911.339317,1097.349449,1041.530648,1009.602023,-57.75523399999997,-1.9364329999998517,792.111,1039.594215
11.7,45,0.95,866.3285127,0,1,68,94,2021-11-05 22:00:00,22,5,11,4,4,0,-0.5000000000000004,0.8660254037844384,-0.5000000000000004,0.8660254037844384,-0.433883739117558,-0.9009688679024191,1667.000536195833,471.9701828175251,2213.950644,866.3285127,1039.594215,948.5368402,857.2092652,-173.26570230000004,-82.2083275,810.9731,866.3285127
11.7,45,0.95,866.3285127,0,1,68,94,2021-11-05 23:00:00,23,5,11,4,4,0,-0.25881904510252157,0.9659258262890681,-0.5000000000000004,0.8660254037844384,-0.433883739117558,-0.9009688679024191,1665.1250860166665,475.18198002696477,2213.950644,866.3285127,866.3285127,911.339317,857.2092652,0.0,-45.01080430000002,794.5028,866.3285127
11.7,64,0.98,1271.020452,0,1,75,86,2021-11-06 00:00:00,0,6,11,5,4,1,0.0,1.0,-0.5000000000000004,0.8660254037844384,-0.9749279121818236,-0.2225209339563146,1660.0273718083336,478.8661238537804,2213.950644,866.3285127,866.3285127,1393.365593,1662.997406,404.69193929999994,-122.34514100000001,949.06213,1271.020452
11.7,64,0.98,1271.020452,0,1,75,86,2021-11-06 01:00:00,1,6,11,5,4,1,0.25881904510252074,0.9659258262890683,-0.5000000000000004,0.8660254037844384,-0.9749279121818236,-0.2225209339563146,1654.9296576,482.4659386056749,2213.950644,866.3285127,1271.020452,1393.365593,1662.997406,0.0,-122.34514100000001,1184.8138,1271.020452
11.7,64,0.98,1271.020452,0,1,75,86,2021-11-06 02:00:00,2,6,11,5,4,1,0.49999999999999994,0.8660254037844387,-0.5000000000000004,0.8660254037844384,-0.9749279121818236,-0.2225209339563146,1649.8319433916665,485.9832982336728,2213.950644,866.3285127,1271.020452,1393.365593,1662.997406,0.0,-122.34514100000001,1210.3759,1271.020452
11.6,64,0.98,1260.157029,0,1,83,47,2021-11-06 03:00:00,3,6,11,5,4,1,0.7071067811865476,0.7071067811865476,-0.5000000000000004,0.8660254037844384,-0.9749279121818236,-0.2225209339563146,1643.2806055583333,490.2936751595252,2213.950644,866.3285127,1271.020452,1417.389137,1662.997406,-10.863423000000012,-157.23210799999993,1277.4749,1260.1570289999997
11.5,64,0.98,1249.293606,0,1,83,47,2021-11-06 04:00:00,4,6,11,5,4,1,0.8660254037844386,0.5000000000000001,-0.5000000000000004,0.8660254037844384,-0.9749279121818236,-0.2225209339563146,1637.7780966416665,494.0874273127382,2213.950644,866.3285127,1260.157029,1381.35382,1662.997406,-10.863423000000012,-132.0602140000001,1392.6118,1249.2936059999997
11.4,68,0.98,1315.83207,0,1,83,47,2021-11-06 05:00:00,5,6,11,5,4,1,0.9659258262890683,0.25881904510252074,-0.5000000000000004,0.8660254037844384,-0.9749279121818236,-0.2225209339563146,1624.7982522250002,498.4459285817376,2213.950644,866.3285127,1249.293606,1627.348336,1726.14105,66.53846399999998,-311.5162660000001,1536.8094,1315.83207
11.6,101,0.98,1988.685312,0,1,85,34,2021-11-06 06:00:00,6,6,11,5,4,1,1.0,6.123233995736766e-17,-0.5000000000000004,0.8660254037844384,-0.9749279121818236,-0.2225209339563146,1628.2466932250002,500.7563551033636,2213.950644,866.3285127,1315.83207,1905.922728,1891.409874,672.8532420000001,82.76258400000006,1655.3483,1988.685312
11.6,107,0.98,2106.825033,0,1,85,34,2021-11-06 07:00:00,7,6,11,5,4,1,0.9659258262890683,-0.25881904510252063,-0.5000000000000004,0.8660254037844384,-0.9749279121818236,-0.2225209339563146,1625.3874381833332,497.68254243134453,2213.950644,866.3285127,1988.685312,2175.447154,2001.58909,118.13972100000001,-68.62212099999988,2142.8599,2106.825033
11.6,107,0.98,2106.825033,0,1,85,34,2021-11-06 08:00:00,8,6,11,5,4,1,0.8660254037844387,-0.4999999999999998,-0.5000000000000004,0.8660254037844384,-0.9749279121818236,-0.2225209339563146,1620.9238710583331,492.6291200437789,2213.950644,866.3285127,2106.825033,2213.950644,2038.637657,0.0,-107.12561099999994,2067.6506,2106.825033
11.6,100,0.98,1968.995358,0,1,81,48,2021-11-06 09:00:00,9,6,11,5,4,1,0.7071067811865476,-0.7071067811865475,-0.5000000000000004,0.8660254037844384,-0.9749279121818236,-0.2225209339563146,1610.7174008083332,482.2362863830805,2156.195409,866.3285127,2106.825033,2213.950644,2002.233413,-137.82967500000018,-244.95528600000011,2002.4772,1968.9953579999997
11.7,105,0.98,2085.267929,0,1,81,48,2021-11-06 10:00:00,10,6,11,5,4,1,0.49999999999999994,-0.8660254037844387,-0.5000000000000004,0.8660254037844384,-0.9749279121818236,-0.2225209339563146,1607.7620891416666,478.95423033492784,2156.195409,866.3285127,1968.995358,2156.195409,1965.829169,116.2725710000002,-70.92747999999983,1894.1342,2085.267929
11.6,107,0.98,2106.825033,0,1,81,48,2021-11-06 11:00:00,11,6,11,5,4,1,0.258819045102521,-0.9659258262890682,-0.5000000000000004,0.8660254037844384,-0.9749279121818236,-0.2225209339563146,1605.7049901416667,476.59652588784,2156.195409,866.3285127,2085.267929,2156.195409,2001.58909,21.55710399999998,-49.37037599999985,1981.8171,2106.825033
11.6,114,0.98,2244.654708,0,1,73,81,2021-11-06 12:00:00,12,6,11,5,4,1,1.2246467991473532e-16,-1.0,-0.5000000000000004,0.8660254037844384,-0.9749279121818236,-0.2225209339563146,1609.3907942666667,481.3571715689386,2244.654708,866.3285127,2106.825033,2156.195409,2111.768306,137.82967499999995,88.4592990000001,1989.2872,2244.654708
11.6,122,0.98,2402.174337,0,1,73,81,2021-11-06 13:00:00,13,6,11,5,4,1,-0.2588190451025208,-0.9659258262890683,-0.5000000000000004,0.8660254037844384,-0.9749279121818236,-0.2225209339563146,1619.6399162666667,495.90488670677485,2402.174337,866.3285127,2244.654708,2156.195409,2111.768306,157.5196289999999,245.978928,2048.953,2402.174337
11.6,117,0.98,2303.724569,0,1,73,81,2021-11-06 14:00:00,14,6,11,5,4,1,-0.4999999999999997,-0.8660254037844388,-0.5000000000000004,0.8660254037844384,-0.9749279121818236,-0.2225209339563146,1629.0641490583332,507.01012380512304,2402.174337,866.3285127,2402.174337,2077.542982,2185.221117,-98.44976799999995,226.18158700000004,2081.948,2303.724569
11.5,112,0.98,2186.263811,0,1,70,91,2021-11-06 15:00:00,15,6,11,5,4,1,-0.7071067811865471,-0.7071067811865479,-0.5000000000000004,0.8660254037844384,-0.9749279121818236,-0.2225209339563146,1634.3277792666668,512.3058907335352,2402.174337,866.3285127,2303.724569,2059.936686,2185.221117,-117.46075800000017,126.3271249999998,1941.7137,2186.263811
11.6,103,0.98,2028.065219,0,1,70,91,2021-11-06 16:00:00,16,6,11,5,4,1,-0.8660254037844385,-0.5000000000000004,-0.5000000000000004,0.8660254037844384,-0.9749279121818236,-0.2225209339563146,1639.417049725,515.7165647973027,2402.174337,866.3285127,2186.263811,1905.922728,2093.244023,-158.19859199999973,122.14249100000006,1734.9146,2028.065219
11.7,104,0.98,2065.408234,0,1,70,91,2021-11-06 17:00:00,17,6,11,5,4,1,-0.9659258262890683,-0.25881904510252063,-0.5000000000000004,0.8660254037844384,-0.9749279121818236,-0.2225209339563146,1643.7655076,518.9760907941876,2402.174337,866.3285127,2028.065219,1961.045245,1980.648596,37.34301499999992,104.36298899999997,1252.9817,2065.408234
11.7,61,0.98,1211.441368,0,1,71,91,2021-11-06 18:00:00,18,6,11,5,4,1,-1.0,-1.8369701987210297e-16,-0.5000000000000004,0.8660254037844384,-0.9749279121818236,-0.2225209339563146,1645.3107134333334,517.5710066207985,2402.174337,866.3285127,2065.408234,1174.356428,1149.633135,-853.966866,37.08493999999996,1072.4137,1211.4413679999998
11.7,61,0.98,1211.441368,0,1,71,91,2021-11-06 19:00:00,19,6,11,5,4,1,-0.9659258262890684,0.2588190451025203,-0.5000000000000004,0.8660254037844384,-0.9749279121818236,-0.2225209339563146,1646.8559192666664,516.1572706337479,2402.174337,866.3285127,1211.441368,1174.356428,1111.940245,0.0,37.08493999999996,834.23285,1211.4413679999998
11.7,57,0.98,1132.00259,0,1,71,91,2021-11-06 20:00:00,20,6,11,5,4,1,-0.8660254037844386,0.5000000000000001,-0.5000000000000004,0.8660254037844384,-0.9749279121818236,-0.2225209339563146,1648.299800141667,514.5993840476186,2402.174337,866.3285127,1211.441368,1097.349449,1074.247356,-79.43877799999996,34.653141000000005,828.2052,1132.00259
11.8,54,0.98,1081.589519,0,1,67,94,2021-11-06 21:00:00,21,6,11,5,4,1,-0.7071067811865477,0.7071067811865474,-0.5000000000000004,0.8660254037844384,-0.9749279121818236,-0.2225209339563146,1650.0496044749998,512.5067409624301,2402.174337,866.3285127,1132.00259,1039.594215,1017.708021,-50.413070999999945,41.99530400000003,824.5249,1081.589519
11.8,47,0.98,941.3834703,0,1,67,94,2021-11-06 22:00:00,22,6,11,5,4,1,-0.5000000000000004,0.8660254037844384,-0.5000000000000004,0.8660254037844384,-0.9749279121818236,-0.2225209339563146,1653.176894375,507.7232595513424,2402.174337,866.3285127,1081.589519,866.3285127,848.0900177,-140.2060487000001,75.05495759999997,894.4826,941.3834703
11.8,45,0.98,901.3245992,0,1,67,94,2021-11-06 23:00:00,23,6,11,5,4,1,-0.25881904510252157,0.9659258262890681,-0.5000000000000004,0.8660254037844384,-0.9749279121818236,-0.2225209339563146,1654.6350646458334,505.41018031502557,2402.174337,901.3245992,941.3834703,866.3285127,848.0900177,-40.05887110000003,34.99608649999993,981.66693,901.3245992
11.7,69,0.88,1230.490463,1,1,72,80,2021-11-07 00:00:00,0,7,11,6,4,1,0.0,1.0,-0.5000000000000004,0.8660254037844384,-0.7818314824680299,0.6234898018587334,1652.9463151041666,506.8134630469203,2402.174337,901.3245992,901.3245992,1271.020452,1579.234736,329.1658638000001,-40.52998899999989,1174.2836,1230.4904629999999
11.7,67,0.88,1194.824073,1,1,72,80,2021-11-07 01:00:00,1,7,11,6,4,1,0.25881904510252074,0.9659258262890683,-0.5000000000000004,0.8660254037844384,-0.7818314824680299,0.6234898018587334,1649.7714659791666,509.54131535710695,2402.174337,901.3245992,1230.490463,1271.020452,1579.234736,-35.66639000000009,-76.19637899999998,1298.9279,1194.8240729999998
11.7,67,0.88,1194.824073,1,1,72,80,2021-11-07 02:00:00,2,7,11,6,4,1,0.49999999999999994,0.8660254037844387,-0.5000000000000004,0.8660254037844384,-0.7818314824680299,0.6234898018587334,1646.596616854167,512.2341085474264,2402.174337,901.3245992,1194.824073,1271.020452,1579.234736,0.0,-76.19637899999998,1315.2319,1194.8240729999998
11.6,66,0.88,1166.931126,1,1,85,37,2021-11-07 03:00:00,3,7,11,6,4,1,0.7071067811865476,0.7071067811865476,-0.5000000000000004,0.8660254037844384,-0.7818314824680299,0.6234898018587334,1642.7122042291667,515.6341931036729,2402.174337,901.3245992,1194.824073,1260.157029,1565.620644,-27.89294700000005,-93.22590300000002,1337.3019,1166.9311259999997
11.5,66,0.88,1156.871375,1,1,85,37,2021-11-07 04:00:00,4,7,11,6,4,1,0.8660254037844386,0.5000000000000001,-0.5000000000000004,0.8660254037844384,-0.7818314824680299,0.6234898018587334,1638.8612779375,519.0340313865973,2402.174337,901.3245992,1166.931126,1249.293606,1565.620644,-10.059751000000006,-92.42223100000001,1381.059,1156.871375
11.5,70,0.88,1226.984792,1,1,85,37,2021-11-07 05:00:00,5,7,11,6,4,1,0.9659258262890683,0.25881904510252074,-0.5000000000000004,0.8660254037844384,-0.7818314824680299,0.6234898018587334,1635.1593080208331,521.7479381637934,2402.174337,901.3245992,1156.871375,1315.83207,1773.112536,70.11341700000003,-88.84727799999996,1456.69,1226.984792
11.6,90,0.88,1591.269718,1,1,87,33,2021-11-07 06:00:00,6,7,11,6,4,1,1.0,6.123233995736766e-17,-0.5000000000000004,0.8660254037844384,-0.7818314824680299,0.6234898018587334,1618.6003249374999,516.3183133040636,2402.174337,901.3245992,1226.984792,1988.685312,1938.285924,364.28492600000004,-397.41559400000006,1597.8923,1591.2697179999998
11.5,103,0.88,1805.42048,1,1,87,33,2021-11-07 07:00:00,7,7,11,6,4,1,0.9659258262890683,-0.25881904510252063,-0.5000000000000004,0.8660254037844384,-0.7818314824680299,0.6234898018587334,1606.0418018958335,507.51735989900425,2402.174337,901.3245992,1591.269718,2106.825033,2225.166019,214.150762,-301.4045530000001,1923.7563,1805.4204799999998
11.6,107,0.88,1891.842887,1,1,87,33,2021-11-07 08:00:00,8,7,11,6,4,1,0.8660254037844387,-0.4999999999999998,-0.5000000000000004,0.8660254037844384,-0.7818314824680299,0.6234898018587334,1597.0842124791668,500.13788175685954,2402.174337,901.3245992,1805.42048,2106.825033,2318.660389,86.42240700000002,-214.98214600000006,1965.5183,1891.8428870000002
11.6,112,0.88,1980.24676,1,1,81,37,2021-11-07 09:00:00,9,7,11,6,4,1,0.7071067811865476,-0.7071067811865475,-0.5000000000000004,0.8660254037844384,-0.7818314824680299,0.6234898018587334,1597.5530208958335,500.50679014538173,2402.174337,901.3245992,1891.842887,1968.995358,2505.649131,88.40387299999998,11.251402000000098,1899.3328,1980.24676
11.6,117,0.88,2068.650633,1,1,81,37,2021-11-07 10:00:00,10,7,11,6,4,1,0.49999999999999994,-0.8660254037844387,-0.5000000000000004,0.8660254037844384,-0.7818314824680299,0.6234898018587334,1596.8606335625,499.8137785178853,2402.174337,901.3245992,1980.24676,2085.267929,2224.181868,88.4038730000002,-16.617295999999897,1867.3059,2068.650633
11.4,117,0.88,2032.984243,1,1,81,37,2021-11-07 11:00:00,11,7,11,6,4,1,0.258819045102521,-0.9659258262890682,-0.5000000000000004,0.8660254037844384,-0.7818314824680299,0.6234898018587334,1593.7839339791665,496.7560258317177,2402.174337,901.3245992,2068.650633,2106.825033,2224.181868,-35.66639000000009,-73.84078999999997,1876.119,2032.9842429999999
11.5,115,0.88,2015.76073,1,1,69,71,2021-11-07 12:00:00,12,7,11,6,4,1,1.2246467991473532e-16,-1.0,-0.5000000000000004,0.8660254037844384,-0.7818314824680299,0.6234898018587334,1584.2466848958331,485.79290920713726,2402.174337,901.3245992,2032.984243,2244.654708,2356.058138,-17.22351300000014,-228.89397800000006,1855.8989,2015.76073
11.6,129,0.88,2280.819929,1,1,69,71,2021-11-07 13:00:00,13,7,11,6,4,1,-0.2588190451025208,-0.9659258262890683,-0.5000000000000004,0.8660254037844384,-0.7818314824680299,0.6234898018587334,1579.1902512291665,477.46952028546053,2303.724569,901.3245992,2015.76073,2402.174337,2281.262641,265.0591989999998,-121.35440800000015,1806.8297,2280.819929
11.6,129,0.88,2280.819929,1,1,69,71,2021-11-07 14:00:00,14,7,11,6,4,1,-0.4999999999999997,-0.8660254037844388,-0.5000000000000004,0.8660254037844384,-0.7818314824680299,0.6234898018587334,1578.2358912291668,475.97892957870044,2280.819929,901.3245992,2280.819929,2303.724569,2281.262641,0.0,-22.9046400000002,1986.7098,2280.819929
11.6,124,0.88,2192.416056,1,1,67,79,2021-11-07 15:00:00,15,7,11,6,4,1,-0.7071067811865471,-0.7071067811865479,-0.5000000000000004,0.8660254037844384,-0.7818314824680299,0.6234898018587334,1578.4922347708334,476.3221598307989,2280.819929,901.3245992,2280.819929,2186.263811,2281.262641,-88.40387299999975,6.152245000000221,1901.7358,2192.416056
11.6,117,0.88,2068.650633,1,1,67,79,2021-11-07 16:00:00,16,7,11,6,4,1,-0.8660254037844385,-0.5000000000000004,-0.5000000000000004,0.8660254037844384,-0.7818314824680299,0.6234898018587334,1580.1832936875,478.0565344789621,2280.819929,901.3245992,2192.416056,2028.065219,2056.876152,-123.76542299999983,40.58541400000013,1720.8289,2068.650633
11.6,109,0.88,1927.204436,1,1,67,79,2021-11-07 17:00:00,17,7,11,6,4,1,-0.9659258262890683,-0.25881904510252063,-0.5000000000000004,0.8660254037844384,-0.7818314824680299,0.6234898018587334,1574.4248021041667,472.76061313991454,2280.819929,901.3245992,2068.650633,2065.408234,2206.95922,-141.4461970000002,-138.203798,1326.1302,1927.204436
11.7,63,0.88,1123.491292,1,1,69,92,2021-11-07 18:00:00,18,7,11,6,4,1,-1.0,-1.8369701987210297e-16,-0.5000000000000004,0.8660254037844384,-0.7818314824680299,0.6234898018587334,1570.7602156041667,476.02619105773323,2280.819929,901.3245992,1927.204436,1211.441368,1179.669321,-803.713144,-87.95007600000008,1003.23444,1123.491292
11.7,63,0.88,1123.491292,1,1,69,92,2021-11-07 19:00:00,19,7,11,6,4,1,-0.9659258262890684,0.2588190451025203,-0.5000000000000004,0.8660254037844384,-0.7818314824680299,0.6234898018587334,1567.0956291041666,479.24027967710344,2280.819929,901.3245992,1123.491292,1211.441368,1179.669321,0.0,-87.95007600000008,959.5202,1123.491292
11.7,58,0.88,1034.325317,1,1,69,92,2021-11-07 20:00:00,20,7,11,6,4,1,-0.8660254037844386,0.5000000000000001,-0.5000000000000004,0.8660254037844384,-0.7818314824680299,0.6234898018587334,1563.0257427291665,483.4917996550616,2280.819929,901.3245992,1123.491292,1132.00259,1046.480849,-89.16597499999989,-97.67727300000001,787.3792,1034.325317
11.7,52,0.88,927.326146,1,1,64,94,2021-11-07 21:00:00,21,7,11,6,4,1,-0.7071067811865477,0.7071067811865474,-0.5000000000000004,0.8660254037844384,-0.7818314824680299,0.6234898018587334,1556.5981021875002,491.1353730821071,2280.819929,901.3245992,1034.325317,1081.589519,978.7384369,-106.99917100000005,-154.26337300000012,789.99146,927.326146
11.7,45,0.88,802.4937802,1,1,64,94,2021-11-07 22:00:00,22,7,11,6,4,1,-0.5000000000000004,0.8660254037844384,-0.5000000000000004,0.8660254037844384,-0.7818314824680299,0.6234898018587334,1550.8110317666667,499.4475852145105,2280.819929,802.4937802,927.326146,941.3834703,863.5927384,-124.83236580000005,-138.88969010000005,838.2601,802.4937802
11.8,45,0.88,809.3527014,1,1,64,94,2021-11-07 23:00:00,23,7,11,6,4,1,-0.25881904510252157,0.9659258262890681,-0.5000000000000004,0.8660254037844384,-0.7818314824680299,0.6234898018587334,1546.9788693583332,504.9699455970454,2280.819929,802.4937802,802.4937802,901.3245992,863.5927384,6.858921200000054,-91.97189779999997,887.63715,809.3527014000001
11.7,67,0.94,1276.28935,0,1,69,79,2021-11-08 00:00:00,0,8,11,0,4,0,0.0,1.0,-0.5000000000000004,0.8660254037844384,0.0,1.0,1548.8871563166665,503.8071302853793,2280.819929,802.4937802,809.3527014,1230.490463,1567.561406,466.9366486,45.79888699999992,1051.0131,1276.2893499999998
11.7,67,0.94,1276.28935,0,1,69,79,2021-11-08 01:00:00,1,8,11,0,4,0,0.25881904510252074,0.9659258262890683,-0.5000000000000004,0.8660254037844384,0.0,1.0,1552.2815428583335,501.58746848762866,2280.819929,802.4937802,1276.28935,1194.824073,1567.561406,0.0,81.46527700000001,1224.9371,1276.2893499999998
11.7,67,0.94,1276.28935,0,1,69,79,2021-11-08 02:00:00,2,8,11,0,4,0,0.49999999999999994,0.8660254037844387,-0.5000000000000004,0.8660254037844384,0.0,1.0,1555.6759294,499.3338632021756,2280.819929,802.4937802,1276.28935,1194.824073,1554.047946,0.0,81.46527700000001,1217.7697,1276.2893499999998
11.7,66,0.94,1257.240256,0,1,78,34,2021-11-08 03:00:00,3,8,11,0,4,0,0.7071067811865476,0.7071067811865476,-0.5000000000000004,0.8660254037844384,0.0,1.0,1559.4388098166667,496.6098357498304,2280.819929,802.4937802,1276.28935,1166.931126,1554.047946,-19.049093999999968,90.3091300000001,1248.8242,1257.2402559999998
11.7,73,0.94,1390.583919,0,1,78,34,2021-11-08 04:00:00,4,8,11,0,4,0,0.8660254037844386,0.5000000000000001,-0.5000000000000004,0.8660254037844384,0.0,1.0,1569.176832483333,490.62808471195416,2280.819929,802.4937802,1257.240256,1156.871375,1540.534486,133.34366299999988,233.71254399999998,1311.882,1390.5839189999997
11.7,79,0.94,1504.878488,0,1,78,34,2021-11-08 05:00:00,5,8,11,0,4,0,0.9659258262890683,0.25881904510252074,-0.5000000000000004,0.8660254037844384,0.0,1.0,1580.755736483333,485.4530507363257,2280.819929,802.4937802,1390.583919,1226.984792,1816.176515,114.29456900000014,277.8936960000001,1455.5271,1504.878488
11.6,92,0.94,1737.537945,0,1,82,25,2021-11-08 06:00:00,6,8,11,0,4,0,1.0,6.123233995736766e-17,-0.5000000000000004,0.8660254037844384,0.0,1.0,1586.8502459416668,486.5077847716606,2280.819929,802.4937802,1504.878488,1591.269718,1948.868928,232.65945699999997,146.26822700000002,1618.4872,1737.537945
11.5,104,0.94,1947.2408,0,1,82,25,2021-11-08 07:00:00,7,8,11,0,4,0,0.9659258262890683,-0.25881904510252063,-0.5000000000000004,0.8660254037844384,0.0,1.0,1592.7594259416667,490.12581921639503,2280.819929,802.4937802,1737.537945,1805.42048,2153.036149,209.702855,141.82032000000004,1845.2703,1947.2408
11.5,94,0.94,1760.006108,0,1,82,25,2021-11-08 08:00:00,8,8,11,0,4,0,0.8660254037844387,-0.4999999999999998,-0.5000000000000004,0.8660254037844384,0.0,1.0,1587.2662268166669,487.35901682882786,2280.819929,802.4937802,1947.2408,1891.842887,2153.036149,-187.234692,-131.83677899999998,1974.8522,1760.006108
11.6,113,0.94,2134.149867,0,1,77,33,2021-11-08 09:00:00,9,8,11,0,4,0,0.7071067811865476,-0.7071067811865475,-0.5000000000000004,0.8660254037844384,0.0,1.0,1593.678856275,493.72557737646986,2280.819929,802.4937802,1760.006108,1980.24676,2171.596805,374.14375900000005,153.9031070000001,1906.4153,2134.149867
11.6,114,0.94,2153.036149,0,1,77,33,2021-11-08 10:00:00,10,8,11,0,4,0,0.49999999999999994,-0.8660254037844387,-0.5000000000000004,0.8660254037844384,0.0,1.0,1597.1949194416668,497.5408849189524,2280.819929,802.4937802,2134.149867,2068.650633,2301.5214,18.886281999999937,84.38551599999982,2042.7314,2153.036149
11.6,114,0.94,2153.036149,0,1,77,33,2021-11-08 11:00:00,11,8,11,0,4,0,0.258819045102521,-0.9659258262890682,-0.5000000000000004,0.8660254037844384,0.0,1.0,1602.1970821916668,502.68955146914334,2280.819929,802.4937802,2153.036149,2032.984243,2264.400087,0.0,120.05190599999992,2150.2725,2153.036149
11.5,108,0.94,2022.134677,0,1,68,71,2021-11-08 12:00:00,12,8,11,0,4,0,1.2246467991473532e-16,-1.0,-0.5000000000000004,0.8660254037844384,0.0,1.0,1602.4626633166665,502.91917660527645,2280.819929,802.4937802,2153.036149,2015.76073,2301.5214,-130.901472,6.373947000000044,2193.8691,2022.1346769999998
11.6,108,0.94,2039.718457,0,1,68,71,2021-11-08 13:00:00,13,8,11,0,4,0,-0.2588190451025208,-0.9659258262890683,-0.5000000000000004,0.8660254037844384,0.0,1.0,1592.4167686500002,491.04763904866473,2280.819929,802.4937802,2022.134677,2280.819929,2264.400087,17.583779999999933,-241.10147199999983,2128.2583,2039.718457
11.5,110,0.94,2059.581615,0,1,68,71,2021-11-08 14:00:00,14,8,11,0,4,0,-0.4999999999999997,-0.8660254037844388,-0.5000000000000004,0.8660254037844384,0.0,1.0,1583.1985055666667,479.50353298122417,2192.416056,802.4937802,2039.718457,2280.819929,2115.914836,19.863158000000112,-221.23831399999972,2001.122,2059.581615
11.4,113,0.94,2097.354179,0,1,65,81,2021-11-08 15:00:00,15,8,11,0,4,0,-0.7071067811865471,-0.7071067811865479,-0.5000000000000004,0.8660254037844384,0.0,1.0,1579.2375940249997,474.6200850628188,2153.036149,802.4937802,2059.581615,2192.416056,2115.914836,37.772563999999875,-95.0618770000001,1902.8802,2097.354179
11.5,103,0.94,1928.517331,0,1,65,81,2021-11-08 16:00:00,16,8,11,0,4,0,-0.8660254037844385,-0.5000000000000004,-0.5000000000000004,0.8660254037844384,0.0,1.0,1573.3987064416667,469.16809668035694,2153.036149,802.4937802,2097.354179,2068.650633,2134.475492,-168.83684799999992,-140.13330200000019,1767.2633,1928.517331
11.5,103,0.94,1928.517331,0,1,65,81,2021-11-08 17:00:00,17,8,11,0,4,0,-0.9659258262890683,-0.25881904510252063,-0.5000000000000004,0.8660254037844384,0.0,1.0,1573.4534104000002,469.2112178085929,2153.036149,802.4937802,1928.517331,1927.204436,2153.036149,0.0,1.312895000000026,1260.8949,1928.517331
11.7,62,0.94,1181.043876,0,1,64,90,2021-11-08 18:00:00,18,8,11,0,4,0,-1.0,-1.8369701987210297e-16,-0.5000000000000004,0.8660254037844384,0.0,1.0,1575.8514347333332,466.9532218121349,2153.036149,802.4937802,1928.517331,1123.491292,1181.043876,-747.4734550000001,57.552584000000024,988.6935,1181.043876
11.8,62,0.94,1191.138269,0,1,64,90,2021-11-08 19:00:00,19,8,11,0,4,0,-0.9659258262890684,0.2588190451025203,-0.5000000000000004,0.8660254037844384,0.0,1.0,1578.6700587750001,464.3005965524443,2153.036149,802.4937802,1181.043876,1123.491292,1123.896592,10.094393000000082,67.6469770000001,967.8181,1191.1382689999998
11.8,56,0.94,1075.866823,0,1,64,90,2021-11-08 20:00:00,20,8,11,0,4,0,-0.8660254037844386,0.5000000000000001,-0.5000000000000004,0.8660254037844384,0.0,1.0,1580.4009548583333,462.2559992337046,2153.036149,802.4937802,1191.138269,1034.325317,1085.798403,-115.27144599999997,41.54150600000003,883.3617,1075.866823
11.7,52,0.94,990.5529286,0,1,64,94,2021-11-08 21:00:00,21,8,11,0,4,0,-0.7071067811865477,0.7071067811865474,-0.5000000000000004,0.8660254037844384,0.0,1.0,1583.0354041333333,458.5374397211007,2153.036149,802.4937802,1075.866823,927.326146,1009.602023,-85.3138944000001,63.22678259999998,883.6484,990.5529286
11.8,45,0.94,864.5358401,0,1,64,94,2021-11-08 22:00:00,22,8,11,0,4,0,-0.5000000000000004,0.8660254037844384,-0.5000000000000004,0.8660254037844384,0.0,1.0,1585.6204899625,454.0990811328626,2153.036149,809.3527014,990.5529286,802.4937802,857.2092652,-126.0170885,62.04205990000003,897.07477,864.5358401
11.8,45,0.94,864.5358401,0,1,64,94,2021-11-08 23:00:00,23,8,11,0,4,0,-0.25881904510252157,0.9659258262890681,-0.5000000000000004,0.8660254037844384,0.0,1.0,1587.9197874083336,450.1198848243739,2153.036149,864.5358401,864.5358401,809.3527014,864.5358401,0.0,55.18313869999997,926.07,864.5358401
11.7,67,0.89,1208.401619,0,1,69,78,2021-11-09 00:00:00,0,9,11,1,4,0,0.0,1.0,-0.5000000000000004,0.8660254037844384,0.7818314824680298,0.6234898018587336,1585.09113195,452.3710686392089,2153.036149,864.5358401,864.5358401,1276.28935,1581.074867,343.8657789,-67.88773100000003,1003.3716,1208.401619
11.7,67,0.89,1208.401619,0,1,69,78,2021-11-09 01:00:00,1,9,11,1,4,0,0.25881904510252074,0.9659258262890683,-0.5000000000000004,0.8660254037844384,0.7818314824680298,0.6234898018587336,1582.2624764916666,454.5927390768052,2153.036149,864.5358401,1208.401619,1276.28935,1581.074867,0.0,-67.88773100000003,1059.3491,1208.401619
11.6,67,0.89,1198.0734,0,1,69,78,2021-11-09 02:00:00,2,9,11,1,4,0,0.49999999999999994,0.8660254037844387,-0.5000000000000004,0.8660254037844384,0.7818314824680298,0.6234898018587336,1579.0034785749997,457.1547939932589,2153.036149,864.5358401,1208.401619,1276.28935,1581.074867,-10.32821899999999,-78.21595000000002,1042.0201,1198.0734
11.6,67,0.89,1198.0734,0,1,78,41,2021-11-09 03:00:00,3,9,11,1,4,0,0.7071067811865476,0.7071067811865476,-0.5000000000000004,0.8660254037844384,0.7818314824680298,0.6234898018587336,1576.5381929083333,459.1207059526563,2153.036149,864.5358401,1198.0734,1257.240256,1581.074867,0.0,-59.16685600000005,1050.947,1198.0734
11.6,68,0.89,1215.955093,0,1,78,41,2021-11-09 04:00:00,4,9,11,1,4,0,0.8660254037844386,0.5000000000000001,-0.5000000000000004,0.8660254037844384,0.7818314824680298,0.6234898018587336,1569.2619918250002,463.55818855675744,2153.036149,864.5358401,1198.0734,1390.583919,1714.41853,17.88169300000004,-174.6288259999999,1088.2656,1215.9550929999998
11.5,71,0.89,1258.655341,0,1,78,41,2021-11-09 05:00:00,5,9,11,1,4,0,0.9659258262890683,0.25881904510252074,-0.5000000000000004,0.8660254037844384,0.7818314824680298,0.6234898018587336,1559.0026940333335,467.750753280744,2153.036149,864.5358401,1215.955093,1504.878488,1907.514483,42.700247999999874,-246.22314700000015,1165.3253,1258.655341
11.6,87,0.89,1555.707251,0,1,82,37,2021-11-09 06:00:00,6,9,11,1,4,0,1.0,6.123233995736766e-17,-0.5000000000000004,0.8660254037844384,0.7818314824680298,0.6234898018587336,1551.4264151166665,466.20326176893576,2153.036149,864.5358401,1258.655341,1737.537945,2096.377303,297.05191000000013,-181.830694,1248.4288,1555.707251
11.5,107,0.89,1896.846782,0,1,82,37,2021-11-09 07:00:00,7,9,11,1,4,0,0.9659258262890683,-0.25881904510252063,-0.5000000000000004,0.8660254037844384,0.7818314824680298,0.6234898018587336,1549.3266643666666,464.4532296026688,2153.036149,864.5358401,1555.707251,1947.2408,2096.377303,341.13953100000003,-50.39401799999996,1420.193,1896.846782
11.6,106,0.89,1895.459409,0,1,82,37,2021-11-09 08:00:00,8,9,11,1,4,0,0.8660254037844387,-0.4999999999999998,-0.5000000000000004,0.8660254037844384,0.7818314824680298,0.6234898018587336,1554.9705519083334,467.9345933006764,2153.036149,864.5358401,1896.846782,1760.006108,2022.134677,-1.387373000000025,135.453301,1625.2006,1895.459409
11.6,103,0.89,1841.814331,0,1,77,50,2021-11-09 09:00:00,9,9,11,1,4,0,0.7071067811865476,-0.7071067811865475,-0.5000000000000004,0.8660254037844384,0.7818314824680298,0.6234898018587336,1542.7899045749998,455.85151384301713,2153.036149,864.5358401,1895.459409,2134.149867,1907.514483,-53.64507800000001,-292.33553600000005,1698.3436,1841.8143310000003
11.5,105,0.89,1861.391702,0,1,77,50,2021-11-09 10:00:00,10,9,11,1,4,0,0.49999999999999994,-0.8660254037844387,-0.5000000000000004,0.8660254037844384,0.7818314824680298,0.6234898018587336,1530.6380526166665,442.57038093301844,2153.036149,864.5358401,1841.814331,2153.036149,1983.059611,19.577370999999857,-291.6444470000001,1671.1738,1861.391702
11.6,135,0.89,2414.028493,0,1,77,50,2021-11-09 11:00:00,11,9,11,1,4,0,0.258819045102521,-0.9659258262890682,-0.5000000000000004,0.8660254037844384,0.7818314824680298,0.6234898018587336,1541.5127336166668,461.33725940800997,2414.028493,864.5358401,1861.391702,2153.036149,1983.059611,552.6367909999999,260.9923439999998,1652.2161,2414.028493
11.6,132,0.89,2360.383415,0,1,71,72,2021-11-09 12:00:00,12,9,11,1,4,0,1.2246467991473532e-16,-1.0,-0.5000000000000004,0.8660254037844384,0.7818314824680298,0.6234898018587336,1555.6064310333334,481.3893888084164,2414.028493,864.5358401,2414.028493,2022.134677,1983.059611,-53.64507800000001,338.2487379999998,2010.0933,2360.383415
11.6,102,0.89,1823.932639,0,1,71,72,2021-11-09 13:00:00,13,9,11,1,4,0,-0.2588190451025208,-0.9659258262890683,-0.5000000000000004,0.8660254037844384,0.7818314824680298,0.6234898018587336,1546.6153552833332,473.9114051160987,2414.028493,864.5358401,2360.383415,2039.718457,1847.762194,-536.4507759999997,-215.78581799999984,2073.8225,1823.932639
11.6,107,0.89,1913.341101,0,1,71,72,2021-11-09 14:00:00,14,9,11,1,4,0,-0.4999999999999997,-0.8660254037844388,-0.5000000000000004,0.8660254037844384,0.7818314824680298,0.6234898018587336,1540.522000533333,467.9315609245122,2414.028493,864.5358401,1823.932639,2059.581615,1847.762194,89.40846199999987,-146.24051400000008,1771.6238,1913.341101
11.6,95,0.89,1698.760791,0,1,68,87,2021-11-09 15:00:00,15,9,11,1,4,0,-0.7071067811865471,-0.7071067811865479,-0.5000000000000004,0.8660254037844384,0.7818314824680298,0.6234898018587336,1523.9139427,454.1804051210074,2414.028493,864.5358401,1913.341101,2097.354179,2151.733646,-214.58031000000005,-398.593388,1652.6171,1698.7607910000002
11.6,102,0.89,1823.932639,0,1,68,87,2021-11-09 16:00:00,16,9,11,1,4,0,-0.8660254037844385,-0.5000000000000004,-0.5000000000000004,0.8660254037844384,0.7818314824680298,0.6234898018587336,1519.5562472,450.6173493432099,2414.028493,864.5358401,1698.760791,1928.517331,1959.614571,125.17184800000018,-104.5846919999999,1286.1504,1823.932639
11.7,107,0.89,1929.835421,0,1,68,87,2021-11-09 17:00:00,17,9,11,1,4,0,-0.9659258262890683,-0.25881904510252063,-0.5000000000000004,0.8660254037844384,0.7818314824680298,0.6234898018587336,1519.6111676166665,450.66943718883834,2414.028493,864.5358401,1823.932639,1928.517331,2132.521739,105.90278199999989,1.3180899999999838,1014.59595,1929.835421
11.7,63,0.89,1136.258239,0,1,65,90,2021-11-09 18:00:00,18,9,11,1,4,0,-1.0,-1.8369701987210297e-16,-0.5000000000000004,0.8660254037844384,0.7818314824680298,0.6234898018587336,1517.7450994083335,452.222326095556,2414.028493,864.5358401,1929.835421,1181.043876,1191.138269,-793.577182,-44.78563699999995,857.29785,1136.258239
11.7,63,0.89,1136.258239,0,1,65,90,2021-11-09 19:00:00,19,9,11,1,4,0,-0.9659258262890684,0.2588190451025203,-0.5000000000000004,0.8660254037844384,0.7818314824680298,0.6234898018587336,1515.4584314916665,454.08055460573996,2414.028493,864.5358401,1136.258239,1191.138269,1133.502546,0.0,-54.88003000000003,821.02344,1136.258239
11.7,58,0.89,1046.079013,0,1,65,90,2021-11-09 20:00:00,20,9,11,1,4,0,-0.8660254037844386,0.5000000000000001,-0.5000000000000004,0.8660254037844384,0.7818314824680298,0.6234898018587336,1514.2172727416666,455.3732218206606,2414.028493,864.5358401,1136.258239,1075.866823,1075.866823,-90.17922599999997,-29.787810000000036,782.03705,1046.079013
11.7,52,0.89,937.8639431,0,1,63,94,2021-11-09 21:00:00,21,9,11,1,4,0,-0.7071067811865477,0.7071067811865474,-0.5000000000000004,0.8660254037844384,0.7818314824680298,0.6234898018587336,1512.0218983458333,458.1262821771992,2414.028493,864.5358401,1046.079013,990.5529286,999.019193,-108.2150699,-52.688985499999944,849.8664,937.8639430999999
11.7,45,0.89,811.6130277,0,1,63,94,2021-11-09 22:00:00,22,9,11,1,4,0,-0.5000000000000004,0.8660254037844384,-0.5000000000000004,0.8660254037844384,0.7818314824680298,0.6234898018587336,1509.8167811625,461.4933495751541,2414.028493,811.6130277,937.8639431,864.5358401,864.5358401,-126.25091540000005,-52.9228124,860.65967,811.6130277
11.8,44,0.89,800.3598936,0,1,63,94,2021-11-09 23:00:00,23,9,11,1,4,0,-0.25881904510252157,0.9659258262890681,-0.5000000000000004,0.8660254037844384,0.7818314824680298,0.6234898018587336,1507.1427833916666,465.56279851107536,2414.028493,800.3598936,811.6130277,864.5358401,864.5358401,-11.253134100000011,-64.17594650000001,844.3664,800.3598936
11.7,74,0.92,1379.640822,0,1,71,82,2021-11-10 00:00:00,0,10,11,2,4,0,0.0,1.0,-0.5000000000000004,0.8660254037844384,0.9749279121818236,-0.22252093395631434,1514.2777501833334,462.08455964585903,2414.028493,800.3598936,800.3598936,1208.401619,1440.841105,579.2809284000001,171.2392030000001,844.90295,1379.640822
11.7,74,0.92,1379.640822,0,1,71,82,2021-11-10 01:00:00,1,10,11,2,4,0,0.25881904510252074,0.9659258262890683,-0.5000000000000004,0.8660254037844384,0.9749279121818236,-0.22252093395631434,1521.412716975,458.46408682201877,2414.028493,800.3598936,1379.640822,1208.401619,1440.841105,0.0,171.2392030000001,1024.999,1379.640822
11.7,74,0.92,1379.640822,0,1,71,82,2021-11-10 02:00:00,2,10,11,2,4,0,0.49999999999999994,0.8660254037844387,-0.5000000000000004,0.8660254037844384,0.9749279121818236,-0.22252093395631434,1528.978026225,454.37638475039904,2414.028493,800.3598936,1379.640822,1198.0734,1440.841105,0.0,181.56742200000008,987.359,1379.640822
11.6,74,0.92,1367.84902,0,1,84,35,2021-11-10 03:00:00,3,10,11,2,4,0,0.7071067811865476,0.7071067811865476,-0.5000000000000004,0.8660254037844384,0.9749279121818236,-0.22252093395631434,1536.0520103916667,450.30402157033393,2414.028493,800.3598936,1379.640822,1198.0734,1258.456155,-11.791801999999961,169.77562000000012,1038.3395,1367.84902
11.6,74,0.92,1367.84902,0,1,84,35,2021-11-10 04:00:00,4,10,11,2,4,0,0.8660254037844386,0.5000000000000001,-0.5000000000000004,0.8660254037844384,0.9749279121818236,-0.22252093395631434,1542.3809240166665,446.6622232342266,2414.028493,800.3598936,1367.84902,1215.955093,1258.456155,0.0,151.89392700000008,1154.025,1367.84902
11.5,84,0.92,1539.308194,0,1,84,35,2021-11-10 05:00:00,5,10,11,2,4,0,0.9659258262890683,0.25881904510252074,-0.5000000000000004,0.8660254037844384,0.9749279121818236,-0.22252093395631434,1554.0747928916664,442.5662110048667,2414.028493,800.3598936,1367.84902,1258.655341,1283.865341,171.45917399999985,280.65285300000005,1287.7458,1539.308194
11.7,95,0.92,1771.160515,0,1,86,34,2021-11-10 06:00:00,6,10,11,2,4,0,1.0,6.123233995736766e-17,-0.5000000000000004,0.8660254037844384,0.9749279121818236,-0.22252093395631434,1563.052012225,444.7804026048431,2414.028493,800.3598936,1539.308194,1555.707251,1844.426264,231.85232100000007,215.453264,1488.313,1771.160515
11.6,108,0.92,1996.320192,0,1,86,34,2021-11-10 07:00:00,7,10,11,2,4,0,0.9659258262890683,-0.25881904510252063,-0.5000000000000004,0.8660254037844384,0.9749279121818236,-0.22252093395631434,1567.1967376416667,448.4742747581342,2414.028493,800.3598936,1771.160515,1896.846782,1951.518965,225.15967699999987,99.47340999999983,1706.4543,1996.320192
11.6,103,0.92,1903.89796,0,1,86,34,2021-11-10 08:00:00,8,10,11,2,4,0,0.8660254037844387,-0.4999999999999998,-0.5000000000000004,0.8660254037844384,0.9749279121818236,-0.22252093395631434,1567.5483439333332,448.74604963448854,2414.028493,800.3598936,1996.320192,1895.459409,2097.426925,-92.4222319999999,8.438550999999961,1799.9347,1903.89796
11.6,101,0.92,1866.929068,0,1,81,39,2021-11-10 09:00:00,9,10,11,2,4,0,0.7071067811865476,-0.7071067811865475,-0.5000000000000004,0.8660254037844384,0.9749279121818236,-0.22252093395631434,1568.5947913083335,449.4421710380099,2414.028493,800.3598936,1903.89796,1841.814331,2115.353651,-36.968892000000096,25.114736999999877,1842.8203,1866.929068
11.6,98,0.92,1811.475729,0,1,81,39,2021-11-10 10:00:00,10,10,11,2,4,0,0.49999999999999994,-0.8660254037844387,-0.5000000000000004,0.8660254037844384,0.9749279121818236,-0.22252093395631434,1566.5149591,448.1419320786042,2414.028493,800.3598936,1866.929068,1861.391702,2115.353651,-55.453338999999914,-49.915972999999894,1811.5697,1811.4757289999998
11.5,108,0.92,1979.110535,0,1,81,39,2021-11-10 11:00:00,11,10,11,2,4,0,0.258819045102521,-0.9659258262890682,-0.5000000000000004,0.8660254037844384,0.9749279121818236,-0.22252093395631434,1548.3933775166668,420.3100262308948,2360.383415,800.3598936,1811.475729,2414.028493,2079.18843,167.63480600000003,-434.91795799999977,1775.035,1979.110535
11.6,103,0.92,1903.89796,0,1,71,65,2021-11-10 12:00:00,12,10,11,2,4,0,1.2246467991473532e-16,-1.0,-0.5000000000000004,0.8660254037844384,0.9749279121818236,-0.22252093395631434,1529.373150225,391.29468199032857,1996.320192,800.3598936,1979.110535,2360.383415,2042.71144,-75.21257500000002,-456.4854549999998,1755.112,1903.89796
11.7,100,0.92,1864.379489,0,1,71,65,2021-11-10 13:00:00,13,10,11,2,4,0,-0.2588190451025208,-0.9659258262890683,-0.5000000000000004,0.8660254037844384,0.9749279121818236,-0.22252093395631434,1531.0584356416666,392.70305950057445,1996.320192,800.3598936,1903.89796,1823.932639,1971.939844,-39.51847100000009,40.44684999999981,1743.0864,1864.379489
11.6,103,0.92,1903.89796,0,1,71,65,2021-11-10 14:00:00,14,10,11,2,4,0,-0.4999999999999997,-0.8660254037844388,-0.5000000000000004,0.8660254037844384,0.9749279121818236,-0.22252093395631434,1530.6649714333334,392.30791460379186,1996.320192,800.3598936,1864.379489,1913.341101,1913.015476,39.51847100000009,-9.443140999999969,1709.746,1903.89796
11.6,103,0.92,1903.89796,0,1,69,78,2021-11-10 15:00:00,15,10,11,2,4,0,-0.7071067811865471,-0.7071067811865479,-0.5000000000000004,0.8660254037844384,0.9749279121818236,-0.22252093395631434,1539.212353475,398.31819104187645,1996.320192,800.3598936,1903.89796,1698.760791,1637.099782,0.0,205.13716900000009,1590.2004,1903.89796
11.6,100,0.92,1848.444622,0,1,69,78,2021-11-10 16:00:00,16,10,11,2,4,0,-0.8660254037844385,-0.5000000000000004,-0.5000000000000004,0.8660254037844384,0.9749279121818236,-0.22252093395631434,1540.2336861,399.1106248660243,1996.320192,800.3598936,1903.89796,1823.932639,1434.761607,-55.45333800000003,24.511982999999873,1462.8771,1848.444622
11.7,99,0.92,1845.735694,0,1,69,78,2021-11-10 17:00:00,17,10,11,2,4,0,-0.9659258262890683,-0.25881904510252063,-0.5000000000000004,0.8660254037844384,0.9749279121818236,-0.22252093395631434,1536.7295308083333,395.8974920438623,1996.320192,800.3598936,1848.444622,1929.835421,1294.933145,-2.7089280000000144,-84.09972700000003,1076.7744,1845.735694
11.7,60,0.92,1118.627694,0,1,66,90,2021-11-10 18:00:00,18,10,11,2,4,0,-1.0,-1.8369701987210297e-16,-0.5000000000000004,0.8660254037844384,0.9749279121818236,-0.22252093395631434,1535.9949247666666,396.6884603722287,1996.320192,800.3598936,1845.735694,1136.258239,1122.057154,-727.108,-17.630544999999984,910.7252,1118.627694
11.8,57,0.92,1071.779183,0,1,66,90,2021-11-10 19:00:00,19,10,11,2,4,0,-0.9659258262890684,0.2588190451025203,-0.5000000000000004,0.8660254037844384,0.9749279121818236,-0.22252093395631434,1533.3082974333336,399.7202011292853,1996.320192,800.3598936,1118.627694,1136.258239,1057.83271,-46.84851099999992,-64.4790559999999,831.4882,1071.779183
11.8,48,0.92,902.5508912,0,1,66,90,2021-11-10 20:00:00,20,10,11,2,4,0,-0.8660254037844386,0.5000000000000001,-0.5000000000000004,0.8660254037844384,0.9749279121818236,-0.22252093395631434,1527.3279590250002,408.3081575263288,1996.320192,800.3598936,1071.779183,1046.079013,966.6402352,-169.22829180000008,-143.5281218,723.71326,902.5508912
11.8,45,0.92,846.1414605,0,1,67,88,2021-11-10 21:00:00,21,10,11,2,4,0,-0.7071067811865477,0.7071067811865474,-0.5000000000000004,0.8660254037844384,0.9749279121818236,-0.22252093395631434,1523.5061889166666,414.4485263061392,1996.320192,800.3598936,902.5508912,937.8639431,919.7189788,-56.40943070000003,-91.72248260000003,725.5133,846.1414605
11.8,45,0.92,846.1414605,0,1,67,88,2021-11-10 22:00:00,22,10,11,2,4,0,-0.5000000000000004,0.8660254037844384,-0.5000000000000004,0.8660254037844384,0.9749279121818236,-0.22252093395631434,1524.9448736166667,411.9221005294961,1996.320192,800.3598936,846.1414605,811.6130277,827.7470809,0.0,34.52843280000002,724.5062,846.1414605
11.8,45,0.92,846.1414605,0,1,67,88,2021-11-10 23:00:00,23,10,11,2,4,0,-0.25881904510252157,0.9659258262890681,-0.5000000000000004,0.8660254037844384,0.9749279121818236,-0.22252093395631434,1526.8524389041668,408.5126328668642,1996.320192,846.1414605,846.1414605,800.3598936,827.7470809,0.0,45.78156690000003,720.9146,846.1414605
11.6,69,0.93,1289.290124,0,1,73,72,2021-11-11 00:00:00,0,11,11,3,4,0,0.0,1.0,-0.5000000000000004,0.8660254037844384,0.43388373911755823,-0.900968867902419,1523.0878264875,410.3404522770427,1996.320192,846.1414605,846.1414605,1379.640822,1456.850451,443.1486635000001,-90.35069799999997,811.47833,1289.290124
11.6,69,0.93,1289.290124,0,1,73,72,2021-11-11 01:00:00,1,11,11,3,4,0,0.25881904510252074,0.9659258262890683,-0.5000000000000004,0.8660254037844384,0.43388373911755823,-0.900968867902419,1519.3232140708333,412.1242838638023,1996.320192,846.1414605,1289.290124,1379.640822,1456.850451,0.0,-90.35069799999997,1032.2585,1289.290124
11.6,69,0.93,1289.290124,0,1,73,72,2021-11-11 02:00:00,2,11,11,3,4,0,0.49999999999999994,0.8660254037844387,-0.5000000000000004,0.8660254037844384,0.43388373911755823,-0.900968867902419,1515.5586016541665,413.86469641392387,1996.320192,846.1414605,1289.290124,1379.640822,1456.850451,0.0,-90.35069799999997,1042.2552,1289.290124
11.5,71,0.93,1315.22412,0,1,80,44,2021-11-11 03:00:00,3,11,11,3,4,0,0.7071067811865476,0.7071067811865476,-0.5000000000000004,0.8660254037844384,0.43388373911755823,-0.900968867902419,1513.3658974875,414.8196094458645,1996.320192,846.1414605,1289.290124,1367.84902,1456.850451,25.93399599999998,-52.624900000000025,1086.815,1315.2241199999999
11.4,75,0.93,1377.2402,0,1,80,44,2021-11-11 04:00:00,4,11,11,3,4,0,0.8660254037844386,0.5000000000000001,-0.5000000000000004,0.8660254037844384,0.43388373911755823,-0.900968867902419,1513.7571966541666,414.680781465155,1996.320192,846.1414605,1315.22412,1367.84902,1733.467625,62.016079999999874,9.39117999999985,1202.3302,1377.2402
11.6,81,0.93,1513.514493,0,1,80,44,2021-11-11 05:00:00,5,11,11,3,4,0,0.9659258262890683,0.25881904510252074,-0.5000000000000004,0.8660254037844384,0.43388373911755823,-0.900968867902419,1512.6824591125003,414.6451047143172,1996.320192,846.1414605,1377.2402,1539.308194,1718.651663,136.27429299999994,-25.793701000000056,1391.0951,1513.514493
11.6,89,0.93,1662.997406,0,1,83,38,2021-11-11 06:00:00,6,11,11,3,4,0,1.0,6.123233995736766e-17,-0.5000000000000004,0.8660254037844384,0.43388373911755823,-0.900968867902419,1508.1756629041665,412.29470014491534,1996.320192,846.1414605,1513.514493,1771.160515,1919.770474,149.48291300000005,-108.16310900000008,1540.2825,1662.997406
11.6,105,0.93,1961.963232,0,1,83,38,2021-11-11 07:00:00,7,11,11,3,4,0,0.9659258262890683,-0.25881904510252063,-0.5000000000000004,0.8660254037844384,0.43388373911755823,-0.900968867902419,1506.7441229041667,410.5821978749341,1979.110535,846.1414605,1662.997406,1996.320192,2157.613959,298.9658260000001,-34.356959999999845,1679.0461,1961.963232
11.6,105,0.93,1961.963232,0,1,83,38,2021-11-11 08:00:00,8,11,11,3,4,0,0.8660254037844387,-0.4999999999999998,-0.5000000000000004,0.8660254037844384,0.43388373911755823,-0.900968867902419,1509.1635092375,413.1870211623938,1979.110535,846.1414605,1961.963232,1903.89796,2194.496249,0.0,58.06527200000005,1895.7787,1961.963232
11.5,107,0.93,1982.098322,0,1,81,45,2021-11-11 09:00:00,9,11,11,3,4,0,0.7071067811865476,-0.7071067811865475,-0.5000000000000004,0.8660254037844384,0.43388373911755823,-0.900968867902419,1513.9622281541667,418.16157214960504,1982.098322,846.1414605,1961.963232,1866.929068,2306.246435,20.13508999999999,115.16925400000014,1928.084,1982.098322
11.5,105,0.93,1945.049756,0,1,81,45,2021-11-11 10:00:00,10,11,11,3,4,0,0.49999999999999994,-0.8660254037844387,-0.5000000000000004,0.8660254037844384,0.43388373911755823,-0.900968867902419,1519.5278126125002,423.15266366676764,1982.098322,846.1414605,1982.098322,1811.475729,2269.048912,-37.048566000000164,133.5740269999999,1960.7775,1945.0497559999997
11.5,105,0.93,1945.049756,0,1,81,45,2021-11-11 11:00:00,11,11,11,3,4,0,0.258819045102521,-0.9659258262890682,-0.5000000000000004,0.8660254037844384,0.43388373911755823,-0.900968867902419,1518.1086134875002,421.5985300398158,1982.098322,846.1414605,1945.049756,1979.110535,1973.202509,0.0,-34.06077900000014,1945.7377,1945.0497559999997
11.5,105,0.93,1945.049756,0,1,76,72,2021-11-11 12:00:00,12,11,11,3,4,0,1.2246467991473532e-16,-1.0,-0.5000000000000004,0.8660254037844384,0.43388373911755823,-0.900968867902419,1519.8232716541668,423.3159540669008,1982.098322,846.1414605,1945.049756,1903.89796,2065.408234,0.0,41.15179599999988,1858.4385,1945.0497559999997
11.5,105,0.93,1945.049756,0,1,76,72,2021-11-11 13:00:00,13,11,11,3,4,0,-0.2588190451025208,-0.9659258262890683,-0.5000000000000004,0.8660254037844384,0.43388373911755823,-0.900968867902419,1523.1845327791668,426.47924423215835,1982.098322,846.1414605,1945.049756,1864.379489,2102.605757,0.0,80.67026699999997,1826.1681,1945.0497559999997
11.6,105,0.93,1961.963232,0,1,76,72,2021-11-11 14:00:00,14,11,11,3,4,0,-0.4999999999999997,-0.8660254037844388,-0.5000000000000004,0.8660254037844384,0.43388373911755823,-0.900968867902419,1525.6039191125,428.8907889467461,1982.098322,846.1414605,1945.049756,1903.89796,2231.851389,16.913476000000173,58.06527200000005,1763.5052,1961.963232
11.6,105,0.93,1961.963232,0,1,77,62,2021-11-11 15:00:00,15,11,11,3,4,0,-0.7071067811865471,-0.7071067811865479,-0.5000000000000004,0.8660254037844384,0.43388373911755823,-0.900968867902419,1528.0233054458333,431.27468749220463,1982.098322,846.1414605,1961.963232,1903.89796,2176.055104,0.0,58.06527200000005,1686.0524,1961.963232
11.7,94,0.93,1771.565815,0,1,77,62,2021-11-11 16:00:00,16,11,11,3,4,0,-0.8660254037844385,-0.5000000000000004,-0.5000000000000004,0.8660254037844384,0.43388373911755823,-0.900968867902419,1524.8200218208333,429.0711686624116,1982.098322,846.1414605,1961.963232,1848.444622,2120.258819,-190.39741700000013,-76.87880700000005,1533.1718,1771.565815
11.7,100,0.93,1884.644484,0,1,77,62,2021-11-11 17:00:00,17,11,11,3,4,0,-0.9659258262890683,-0.25881904510252063,-0.5000000000000004,0.8660254037844384,0.43388373911755823,-0.900968867902419,1526.4412214041668,430.4078578812709,1982.098322,846.1414605,1771.565815,1845.735694,2083.849379,113.07866899999999,38.908789999999954,1174.2249,1884.644484
11.7,60,0.93,1130.78669,0,1,69,83,2021-11-11 18:00:00,18,11,11,3,4,0,-1.0,-1.8369701987210297e-16,-0.5000000000000004,0.8660254037844384,0.43388373911755823,-0.900968867902419,1526.9478462375,429.9138300886444,1982.098322,846.1414605,1884.644484,1118.627694,1153.123217,-753.857794,12.158995999999888,1002.08765,1130.78669
11.7,57,0.93,1074.247356,0,1,69,83,2021-11-11 19:00:00,19,11,11,3,4,0,-0.9659258262890684,0.2588190451025203,-0.5000000000000004,0.8660254037844384,0.43388373911755823,-0.900968867902419,1527.0506867791667,429.8004945661382,1982.098322,846.1414605,1130.78669,1071.779183,1124.909842,-56.539333999999826,2.468172999999979,756.09985,1074.247356
11.7,48,0.93,904.6293522,0,1,69,83,2021-11-11 20:00:00,20,11,11,3,4,0,-0.8660254037844386,0.5000000000000001,-0.5000000000000004,0.8660254037844384,0.43388373911755823,-0.900968867902419,1527.1372893208334,429.6693795200695,1982.098322,846.1414605,1074.247356,902.5508912,1069.586407,-169.6180038000001,2.0784609999999475,740.771,904.6293522
11.7,45,0.93,848.0900177,0,1,74,79,2021-11-11 21:00:00,21,11,11,3,4,0,-0.7071067811865477,0.7071067811865474,-0.5000000000000004,0.8660254037844384,0.43388373911755823,-0.900968867902419,1527.218479204167,429.5352676240515,1982.098322,846.1414605,904.6293522,846.1414605,1041.530648,-56.539334499999995,1.948557199999982,709.4704,848.0900177
11.7,45,0.93,848.0900177,0,1,74,79,2021-11-11 22:00:00,22,11,11,3,4,0,-0.5000000000000004,0.8660254037844384,-0.5000000000000004,0.8660254037844384,0.43388373911755823,-0.900968867902419,1527.2996690875,429.4010978232072,1982.098322,846.1414605,848.0900177,846.1414605,948.5368402,0.0,1.948557199999982,763.7558,848.0900177
11.7,45,0.93,848.0900177,0,1,74,79,2021-11-11 23:00:00,23,11,11,3,4,0,-0.25881904510252157,0.9659258262890681,-0.5000000000000004,0.8660254037844384,0.43388373911755823,-0.900968867902419,1527.3808589708333,429.26687006324096,1982.098322,848.0900177,848.0900177,846.1414605,911.339317,0.0,1.948557199999982,832.03674,848.0900177
11.6,87,0.93,1625.626678,0,1,77,71,2021-11-12 00:00:00,0,12,11,4,4,0,0.0,1.0,-0.5000000000000004,0.8660254037844384,-0.433883739117558,-0.9009688679024191,1541.3948820541666,426.6381557431326,1982.098322,848.0900177,848.0900177,1289.290124,1393.365593,777.5366603000001,336.336554,950.0601,1625.626678
11.6,87,0.93,1625.626678,0,1,77,71,2021-11-12 01:00:00,1,12,11,4,4,0,0.25881904510252074,0.9659258262890683,-0.5000000000000004,0.8660254037844384,-0.433883739117558,-0.9009688679024191,1555.4089051375001,423.5095309593766,1982.098322,848.0900177,1625.626678,1289.290124,1393.365593,0.0,336.336554,1500.6743,1625.626678
11.6,87,0.93,1625.626678,0,1,77,71,2021-11-12 02:00:00,2,12,11,4,4,0,0.49999999999999994,0.8660254037844387,-0.5000000000000004,0.8660254037844384,-0.433883739117558,-0.9009688679024191,1569.4229282208335,419.86982073790494,1982.098322,848.0900177,1625.626678,1289.290124,1393.365593,0.0,336.336554,1487.296,1625.626678
11.5,87,0.93,1611.612655,0,1,85,58,2021-11-12 03:00:00,3,12,11,4,4,0,0.7071067811865476,0.7071067811865476,-0.5000000000000004,0.8660254037844384,-0.433883739117558,-0.9009688679024191,1581.7724505125,416.41263025126574,1982.098322,848.0900177,1625.626678,1315.22412,1417.389137,-14.01402300000018,296.3885349999998,1560.5814,1611.6126549999997
11.5,87,0.93,1611.612655,0,1,85,58,2021-11-12 04:00:00,4,12,11,4,4,0,0.8660254037844386,0.5000000000000001,-0.5000000000000004,0.8660254037844384,-0.433883739117558,-0.9009688679024191,1591.5379694708333,414.1495338120725,1982.098322,848.0900177,1611.612655,1377.2402,1381.35382,0.0,234.37245499999995,1642.1344,1611.6126549999997
11.6,89,0.93,1662.997406,0,1,85,58,2021-11-12 05:00:00,5,12,11,4,4,0,0.9659258262890683,0.25881904510252074,-0.5000000000000004,0.8660254037844384,-0.433883739117558,-0.9009688679024191,1597.7664241791665,414.04914520530417,1982.098322,848.0900177,1611.612655,1513.514493,1627.348336,51.38475100000005,149.48291300000005,1751.0197,1662.997406
11.6,105,0.93,1961.963232,0,1,86,51,2021-11-12 06:00:00,6,12,11,4,4,0,1.0,6.123233995736766e-17,-0.5000000000000004,0.8660254037844384,-0.433883739117558,-0.9009688679024191,1610.2233335958333,420.54333491562625,1982.098322,848.0900177,1662.997406,1662.997406,1905.922728,298.9658260000001,298.9658260000001,1859.7327,1961.963232
11.3,108,0.93,1965.829169,0,1,86,51,2021-11-12 07:00:00,7,12,11,4,4,0,0.9659258262890683,-0.25881904510252063,-0.5000000000000004,0.8660254037844384,-0.433883739117558,-0.9009688679024191,1610.3844143041667,420.68463618359544,1982.098322,848.0900177,1961.963232,1961.963232,2175.447154,3.865937000000031,3.865937000000031,2103.4312,1965.829169
11.4,108,0.93,1983.225887,0,1,86,51,2021-11-12 08:00:00,8,12,11,4,4,0,0.8660254037844387,-0.4999999999999998,-0.5000000000000004,0.8660254037844384,-0.433883739117558,-0.9009688679024191,1611.2703582625,421.4788773380927,1983.225887,848.0900177,1965.829169,1961.963232,2213.950644,17.396717999999964,21.262654999999995,2067.2952,1983.225887
11.4,107,0.93,1964.862685,0,1,82,63,2021-11-12 09:00:00,9,12,11,4,4,0,0.7071067811865476,-0.7071067811865475,-0.5000000000000004,0.8660254037844384,-0.433883739117558,-0.9009688679024191,1610.5522067208333,420.8337475106525,1983.225887,848.0900177,1983.225887,1982.098322,2213.950644,-18.363202,-17.235636999999997,2085.1423,1964.862685
11.4,109,0.93,2001.58909,0,1,82,63,2021-11-12 10:00:00,10,12,11,4,4,0,0.49999999999999994,-0.8660254037844387,-0.5000000000000004,0.8660254037844384,-0.433883739117558,-0.9009688679024191,1612.9080123041667,422.94063865218783,2001.58909,848.0900177,1964.862685,1945.049756,2156.195409,36.726404999999886,56.53933400000005,2075.8408,2001.58909
11.5,107,0.93,1982.098322,0,1,82,63,2021-11-12 11:00:00,11,12,11,4,4,0,0.258819045102521,-0.9659258262890682,-0.5000000000000004,0.8660254037844384,-0.433883739117558,-0.9009688679024191,1614.4517025541666,424.27114911282325,2001.58909,848.0900177,2001.58909,1945.049756,2156.195409,-19.49076799999989,37.048566000000164,2112.1506,1982.098322
11.5,106,0.93,1963.574039,0,1,80,73,2021-11-12 12:00:00,12,12,11,4,4,0,1.2246467991473532e-16,-1.0,-0.5000000000000004,0.8660254037844384,-0.433883739117558,-0.9009688679024191,1615.2235476791666,424.91509219794636,2001.58909,848.0900177,1982.098322,1945.049756,2156.195409,-18.52428299999997,18.524283000000196,2089.887,1963.574039
11.5,102,0.93,1889.476905,0,1,80,73,2021-11-12 13:00:00,13,12,11,4,4,0,-0.2588190451025208,-0.9659258262890683,-0.5000000000000004,0.8660254037844384,-0.433883739117558,-0.9009688679024191,1612.9080122208334,423.1874964087376,2001.58909,848.0900177,1963.574039,1945.049756,2156.195409,-74.0971340000001,-55.5728509999999,2104.7842,1889.4769050000002
11.5,98,0.93,1815.379772,0,1,80,73,2021-11-12 14:00:00,14,12,11,4,4,0,-0.4999999999999997,-0.8660254037844388,-0.5000000000000004,0.8660254037844384,-0.433883739117558,-0.9009688679024191,1606.8003680541667,418.9674731134494,2001.58909,848.0900177,1889.476905,1961.963232,2077.542982,-74.09713299999999,-146.58346000000006,2019.1526,1815.3797719999998
11.6,94,0.93,1756.424227,0,1,78,85,2021-11-12 15:00:00,15,12,11,4,4,0,-0.7071067811865471,-0.7071067811865479,-0.5000000000000004,0.8660254037844384,-0.433883739117558,-0.9009688679024191,1598.236242845833,413.4564000245085,2001.58909,848.0900177,1815.379772,1961.963232,2059.936686,-58.95554500000003,-205.5390050000001,1849.8357,1756.4242269999997
11.6,91,0.93,1700.368134,0,1,78,85,2021-11-12 16:00:00,16,12,11,4,4,0,-0.8660254037844385,-0.5000000000000004,-0.5000000000000004,0.8660254037844384,-0.433883739117558,-0.9009688679024191,1595.2696728041667,412.4127864740826,2001.58909,848.0900177,1756.424227,1771.565815,1905.922728,-56.05609299999992,-71.19768099999987,1626.7638,1700.368134
11.7,95,0.93,1790.41226,0,1,78,85,2021-11-12 17:00:00,17,12,11,4,4,0,-0.9659258262890683,-0.25881904510252063,-0.5000000000000004,0.8660254037844384,-0.433883739117558,-0.9009688679024191,1591.3433301374998,409.9794219793228,2001.58909,848.0900177,1700.368134,1884.644484,1961.045245,90.044126,-94.23222399999986,1369.1729,1790.41226
11.7,61,0.93,1149.633135,0,1,75,73,2021-11-12 18:00:00,18,12,11,4,4,0,-1.0,-1.8369701987210297e-16,-0.5000000000000004,0.8660254037844384,-0.433883739117558,-0.9009688679024191,1592.1285986791665,409.07597819129415,2001.58909,848.0900177,1790.41226,1130.78669,1174.356428,-640.779125,18.84644500000013,1066.6038,1149.6331349999998
11.7,60,0.93,1130.78669,0,1,75,73,2021-11-12 19:00:00,19,12,11,4,4,0,-0.9659258262890684,0.2588190451025203,-0.5000000000000004,0.8660254037844384,-0.433883739117558,-0.9009688679024191,1594.4844042625,406.1160021669157,2001.58909,848.0900177,1149.633135,1074.247356,1174.356428,-18.84644500000013,56.539333999999826,903.10315,1130.78669
11.7,56,0.93,1055.400911,0,1,75,73,2021-11-12 20:00:00,20,12,11,4,4,0,-0.8660254037844386,0.5000000000000001,-0.5000000000000004,0.8660254037844384,-0.433883739117558,-0.9009688679024191,1600.7665525458333,396.021443014716,2001.58909,848.0900177,1130.78669,904.6293522,1097.349449,-75.38577899999996,150.77155879999998,808.61554,1055.400911
11.8,48,0.93,912.361227,0,1,76,90,2021-11-12 21:00:00,21,12,11,4,4,0,-0.7071067811865477,0.7071067811865474,-0.5000000000000004,0.8660254037844384,-0.433883739117558,-0.9009688679024191,1603.4445196,390.89453856745314,2001.58909,848.0900177,1055.400911,848.0900177,1039.594215,-143.03968399999997,64.27120930000001,807.4656,912.361227
11.8,46,0.93,874.3461759,0,1,76,90,2021-11-12 22:00:00,22,12,11,4,4,0,-0.5000000000000004,0.8660254037844384,-0.5000000000000004,0.8660254037844384,-0.433883739117558,-0.9009688679024191,1604.5385261916665,388.71928360787064,2001.58909,848.0900177,912.361227,848.0900177,866.3285127,-38.01505109999994,26.256158200000073,786.4562,874.3461759000002
11.8,45,0.93,855.3386503,0,1,76,90,2021-11-12 23:00:00,23,12,11,4,4,0,-0.25881904510252157,0.9659258262890681,-0.5000000000000004,0.8660254037844384,-0.433883739117558,-0.9009688679024191,1604.84055255,388.1083215041056,2001.58909,855.3386503,874.3461759,848.0900177,866.3285127,-19.007525600000008,7.2486326000000645,881.8404,855.3386503
11.6,74,0.89,1323.245248,0,1,79,85,2021-11-13 00:00:00,0,13,11,5,4,1,0.0,1.0,-0.5000000000000004,0.8660254037844384,-0.9749279121818236,-0.2225209339563146,1592.2413262999999,392.28980373099205,2001.58909,855.3386503,855.3386503,1625.626678,1271.020452,467.9065976999999,-302.38143000000014,983.3471,1323.245248
11.6,74,0.89,1323.245248,0,1,79,85,2021-11-13 01:00:00,1,13,11,5,4,1,0.25881904510252074,0.9659258262890683,-0.5000000000000004,0.8660254037844384,-0.9749279121818236,-0.2225209339563146,1579.6421000499997,396.00912423294903,2001.58909,855.3386503,1323.245248,1625.626678,1271.020452,0.0,-302.38143000000014,1092.0643,1323.245248
11.6,74,0.89,1323.245248,0,1,79,85,2021-11-13 02:00:00,2,13,11,5,4,1,0.49999999999999994,0.8660254037844387,-0.5000000000000004,0.8660254037844384,-0.9749279121818236,-0.2225209339563146,1567.0428737999998,399.2791984489991,2001.58909,855.3386503,1323.245248,1625.626678,1271.020452,0.0,-302.38143000000014,1132.7936,1323.245248
11.6,74,0.89,1323.245248,0,1,84,65,2021-11-13 03:00:00,3,13,11,5,4,1,0.7071067811865476,0.7071067811865476,-0.5000000000000004,0.8660254037844384,-0.9749279121818236,-0.2225209339563146,1555.027565175,402.207776435575,2001.58909,855.3386503,1323.245248,1611.612655,1260.157029,0.0,-288.36740699999996,1153.6537,1323.245248
11.6,80,0.89,1430.535403,0,1,84,65,2021-11-13 04:00:00,4,13,11,5,4,1,0.8660254037844386,0.5000000000000001,-0.5000000000000004,0.8660254037844384,-0.9749279121818236,-0.2225209339563146,1547.482679675,402.79811610134595,2001.58909,855.3386503,1323.245248,1611.612655,1249.293606,107.29015500000014,-181.07725199999982,1249.774,1430.535403
11.4,86,0.89,1511.311324,0,1,84,65,2021-11-13 05:00:00,5,13,11,5,4,1,0.9659258262890683,0.25881904510252074,-0.5000000000000004,0.8660254037844384,-0.9749279121818236,-0.2225209339563146,1541.1624262583334,402.0962157297168,2001.58909,855.3386503,1430.535403,1662.997406,1315.83207,80.77592099999993,-151.68608199999994,1475.5985,1511.311324
11.5,90,0.89,1595.478601,0,1,85,62,2021-11-13 06:00:00,6,13,11,5,4,1,1.0,6.123233995736766e-17,-0.5000000000000004,0.8660254037844384,-0.9749279121818236,-0.2225209339563146,1525.8922333,392.259456720308,2001.58909,855.3386503,1511.311324,1961.963232,1988.685312,84.16727700000001,-366.48463100000004,1585.4531,1595.478601
11.6,90,0.89,1609.352328,0,1,85,62,2021-11-13 07:00:00,7,13,11,5,4,1,0.9659258262890683,-0.25881904510252063,-0.5000000000000004,0.8660254037844384,-0.9749279121818236,-0.2225209339563146,1511.0390315916668,381.47758094023226,2001.58909,855.3386503,1595.478601,1965.829169,2106.825033,13.873726999999917,-356.47684100000015,1746.18,1609.3523279999997
11.6,93,0.89,1662.997406,0,1,85,62,2021-11-13 08:00:00,8,13,11,5,4,1,0.8660254037844387,-0.4999999999999998,-0.5000000000000004,0.8660254037844384,-0.9749279121818236,-0.2225209339563146,1497.6961782166666,369.6612132247461,2001.58909,855.3386503,1609.352328,1983.225887,2106.825033,53.64507800000001,-320.2284810000001,1701.8544,1662.997406
11.5,104,0.89,1843.664162,0,1,84,68,2021-11-13 09:00:00,9,13,11,5,4,1,0.7071067811865476,-0.7071067811865475,-0.5000000000000004,0.8660254037844384,-0.9749279121818236,-0.2225209339563146,1492.6462397583334,363.7828870299695,2001.58909,855.3386503,1662.997406,1964.862685,1968.995358,180.66675600000008,-121.19852300000002,1673.5013,1843.664162
11.5,109,0.89,1932.301862,0,1,84,68,2021-11-13 10:00:00,10,13,11,5,4,1,0.49999999999999994,-0.8660254037844387,-0.5000000000000004,0.8660254037844384,-0.9749279121818236,-0.2225209339563146,1489.759271925,359.8216923133668,1982.098322,855.3386503,1843.664162,2001.58909,2085.267929,88.6377,-69.28722799999991,1770.4844,1932.301862
11.6,38,0.89,679.5043164,0,1,84,68,2021-11-13 11:00:00,11,13,11,5,4,1,0.258819045102521,-0.9659258262890682,-0.5000000000000004,0.8660254037844384,-0.9749279121818236,-0.2225209339563146,1435.4845216916667,380.00373821831585,1963.574039,679.5043164,1932.301862,1982.098322,2106.825033,-1252.7975456,-1302.5940056,1764.989,679.5043164
11.8,98,0.89,1782.619763,0,1,81,81,2021-11-13 12:00:00,12,13,11,5,4,1,1.2246467991473532e-16,-1.0,-0.5000000000000004,0.8660254037844384,-0.9749279121818236,-0.2225209339563146,1427.9447601916665,370.75277886093204,1932.301862,679.5043164,679.5043164,1963.574039,2244.654708,1103.1154465999998,-180.95427600000016,1029.9296,1782.6197630000001
11.8,88,0.89,1600.719787,0,1,81,81,2021-11-13 13:00:00,13,13,11,5,4,1,-0.2588190451025208,-0.9659258262890683,-0.5000000000000004,0.8660254037844384,-0.9749279121818236,-0.2225209339563146,1415.9132136083333,359.64296451282183,1932.301862,679.5043164,1782.619763,1889.476905,2402.174337,-181.89997599999992,-288.757118,1632.5334,1600.719787
11.7,82,0.89,1478.939295,0,1,81,81,2021-11-13 14:00:00,14,13,11,5,4,1,-0.4999999999999997,-0.8660254037844388,-0.5000000000000004,0.8660254037844384,-0.9749279121818236,-0.2225209339563146,1401.8948604,349.8181414780289,1932.301862,679.5043164,1600.719787,1815.379772,2303.724569,-121.7804920000001,-336.4404770000001,1447.6239,1478.9392950000001
11.7,84,0.89,1515.010985,0,1,79,88,2021-11-13 15:00:00,15,13,11,5,4,1,-0.7071067811865471,-0.7071067811865479,-0.5000000000000004,0.8660254037844384,-0.9749279121818236,-0.2225209339563146,1391.8359753166667,342.5764704392498,1932.301862,679.5043164,1478.939295,1756.424227,2186.263811,36.07168999999999,-241.41324200000008,1255.7468,1515.010985
11.7,76,0.89,1370.724225,0,1,79,88,2021-11-13 16:00:00,16,13,11,5,4,1,-0.8660254037844385,-0.5000000000000004,-0.5000000000000004,0.8660254037844384,-0.9749279121818236,-0.2225209339563146,1378.1008124416667,336.21774624987216,1932.301862,679.5043164,1515.010985,1700.368134,2028.065219,-144.28675999999996,-329.6439090000001,1135.9258,1370.7242249999997
11.8,79,0.89,1437.009809,0,1,79,88,2021-11-13 17:00:00,17,13,11,5,4,1,-0.9659258262890683,-0.25881904510252063,-0.5000000000000004,0.8660254037844384,-0.9749279121818236,-0.2225209339563146,1363.3757103166665,324.9240867496767,1932.301862,679.5043164,1370.724225,1790.41226,2065.408234,66.28558399999997,-353.40245100000016,941.43427,1437.009809
11.7,62,0.89,1118.222394,0,1,76,86,2021-11-13 18:00:00,18,13,11,5,4,1,-1.0,-1.8369701987210297e-16,-0.5000000000000004,0.8660254037844384,-0.9749279121818236,-0.2225209339563146,1362.0669294416666,325.8843072701356,1932.301862,679.5043164,1437.009809,1149.633135,1211.441368,-318.787415,-31.410741000000144,852.719,1118.222394
11.7,62,0.89,1118.222394,0,1,76,86,2021-11-13 19:00:00,19,13,11,5,4,1,-0.9659258262890684,0.2588190451025203,-0.5000000000000004,0.8660254037844384,-0.9749279121818236,-0.2225209339563146,1361.5434171083334,326.2818473823289,1932.301862,679.5043164,1118.222394,1130.78669,1211.441368,0.0,-12.564296000000013,714.86646,1118.222394
11.7,52,0.89,937.8639431,0,1,76,86,2021-11-13 20:00:00,20,13,11,5,4,1,-0.8660254037844386,0.5000000000000001,-0.5000000000000004,0.8660254037844384,-0.9749279121818236,-0.2225209339563146,1356.6460434458334,331.9102714404778,1932.301862,679.5043164,1118.222394,1055.400911,1132.00259,-180.35845089999987,-117.53696789999992,723.50555,937.8639430999999
11.8,51,0.89,927.6898766,0,1,78,82,2021-11-13 21:00:00,21,13,11,5,4,1,-0.7071067811865477,0.7071067811865474,-0.5000000000000004,0.8660254037844384,-0.9749279121818236,-0.2225209339563146,1357.2847371791665,331.03175043144375,1932.301862,679.5043164,937.8639431,912.361227,1081.589519,-10.17406649999998,15.328649600000062,727.35114,927.6898766
11.8,46,0.89,836.7398887,0,1,78,82,2021-11-13 22:00:00,22,13,11,5,4,1,-0.5000000000000004,0.8660254037844384,-0.5000000000000004,0.8660254037844384,-0.9749279121818236,-0.2225209339563146,1355.7178085458333,333.4969404849447,1932.301862,679.5043164,927.6898766,874.3461759,941.3834703,-90.9499879,-37.6062872,795.3429,836.7398887
11.8,44,0.89,800.3598936,0,1,78,82,2021-11-13 23:00:00,23,13,11,5,4,1,-0.25881904510252157,0.9659258262890681,-0.5000000000000004,0.8660254037844384,-0.9749279121818236,-0.2225209339563146,1353.4270270166667,337.25116311790026,1932.301862,679.5043164,836.7398887,855.3386503,901.3245992,-36.37999510000009,-54.978756700000076,905.5872,800.3598936
11.7,57,0.94,1085.798403,1,1,79,91,2021-11-14 00:00:00,0,14,11,6,4,1,0.0,1.0,-0.5000000000000004,0.8660254037844384,-0.7818314824680299,0.6234898018587334,1343.533408475,341.6295294270601,1932.301862,679.5043164,800.3598936,1323.245248,1230.490463,285.43850940000004,-237.44684499999994,1012.26294,1085.798403
11.7,57,0.94,1085.798403,1,1,79,91,2021-11-14 01:00:00,1,14,11,6,4,1,0.25881904510252074,0.9659258262890683,-0.5000000000000004,0.8660254037844384,-0.7818314824680299,0.6234898018587334,1333.6397899333333,345.65712017548,1932.301862,679.5043164,1085.798403,1323.245248,1194.824073,0.0,-237.44684499999994,990.8732,1085.798403
11.6,57,0.94,1076.518074,1,1,79,91,2021-11-14 02:00:00,2,14,11,6,4,1,0.49999999999999994,0.8660254037844387,-0.5000000000000004,0.8660254037844384,-0.7818314824680299,0.6234898018587334,1323.3594910166667,349.6259199640977,1932.301862,679.5043164,1085.798403,1323.245248,1194.824073,-9.280328999999938,-246.72717399999988,1045.3433,1076.518074
11.6,58,0.94,1095.404356,1,1,83,71,2021-11-14 03:00:00,3,14,11,6,4,1,0.7071067811865476,0.7071067811865476,-0.5000000000000004,0.8660254037844384,-0.7818314824680299,0.6234898018587334,1313.8661205166666,352.7088393064796,1932.301862,679.5043164,1076.518074,1323.245248,1166.931126,18.886281999999937,-227.84089199999994,1039.8596,1095.404356
11.6,58,0.94,1095.404356,1,1,83,71,2021-11-14 04:00:00,4,14,11,6,4,1,0.8660254037844386,0.5000000000000001,-0.5000000000000004,0.8660254037844384,-0.7818314824680299,0.6234898018587334,1299.9023268916665,354.51836297421994,1932.301862,679.5043164,1095.404356,1430.535403,1156.871375,0.0,-335.1310470000001,1097.8701,1095.404356
11.6,66,0.94,1246.494612,1,1,83,71,2021-11-14 05:00:00,5,14,11,6,4,1,0.9659258262890683,0.25881904510252074,-0.5000000000000004,0.8660254037844384,-0.7818314824680299,0.6234898018587334,1288.868297225,351.76275523187377,1932.301862,679.5043164,1095.404356,1511.311324,1226.984792,151.09025599999995,-264.81671200000005,1159.5027,1246.494612
11.6,85,0.94,1605.33397,1,1,83,70,2021-11-14 06:00:00,6,14,11,6,4,1,1.0,6.123233995736766e-17,-0.5000000000000004,0.8660254037844384,-0.7818314824680299,0.6234898018587334,1289.2789376,352.14179604015334,1932.301862,679.5043164,1246.494612,1595.478601,1591.269718,358.83935799999995,9.855368999999882,1207.2476,1605.33397
11.7,87,0.94,1657.271246,1,1,83,70,2021-11-14 07:00:00,7,14,11,6,4,1,0.9659258262890683,-0.25881904510252063,-0.5000000000000004,0.8660254037844384,-0.7818314824680299,0.6234898018587334,1291.2755591833334,354.16552945077103,1932.301862,679.5043164,1605.33397,1609.352328,1805.42048,51.93727600000011,47.918918000000076,1338.3623,1657.271246
11.7,101,0.94,1923.958573,1,1,83,70,2021-11-14 08:00:00,8,14,11,6,4,1,0.8660254037844387,-0.4999999999999998,-0.5000000000000004,0.8660254037844384,-0.7818314824680299,0.6234898018587334,1302.1489411416667,369.737700556971,1932.301862,679.5043164,1657.271246,1662.997406,1891.842887,266.68732699999987,260.96116699999993,1325.7362,1923.958573
11.6,100,0.94,1888.628201,1,1,84,69,2021-11-14 09:00:00,9,14,11,6,4,1,0.7071067811865476,-0.7071067811865475,-0.5000000000000004,0.8660254037844384,-0.7818314824680299,0.6234898018587334,1304.0224427666667,372.70294696313886,1932.301862,679.5043164,1923.958573,1843.664162,1980.24676,-35.3303719999999,44.96403899999996,1506.4165,1888.6282009999998
11.6,107,0.94,2020.832175,1,1,84,69,2021-11-14 10:00:00,10,14,11,6,4,1,0.49999999999999994,-0.8660254037844387,-0.5000000000000004,0.8660254037844384,-0.7818314824680299,0.6234898018587334,1307.7112058083333,379.56650272387554,2020.832175,679.5043164,1888.628201,1932.301862,2068.650633,132.20397400000002,88.53031299999998,1452.3649,2020.8321749999998
11.6,107,0.94,2020.832175,1,1,84,69,2021-11-14 11:00:00,11,14,11,6,4,1,0.258819045102521,-0.9659258262890682,-0.5000000000000004,0.8660254037844384,-0.7818314824680299,0.6234898018587334,1363.5998665833333,381.7898006298288,2020.832175,800.3598936,2020.832175,679.5043164,2032.984243,0.0,1341.3278586000001,1514.5637,2020.8321749999998
11.6,105,0.94,1983.059611,1,1,80,83,2021-11-14 12:00:00,12,14,11,6,4,1,1.2246467991473532e-16,-1.0,-0.5000000000000004,0.8660254037844384,-0.7818314824680299,0.6234898018587334,1371.9515269166666,393.3710544337931,2020.832175,800.3598936,2020.832175,1782.619763,2015.76073,-37.7725640000001,200.43984799999998,1871.9865,1983.059611
11.6,105,0.94,1983.059611,1,1,80,83,2021-11-14 13:00:00,13,14,11,6,4,1,-0.2588190451025208,-0.9659258262890683,-0.5000000000000004,0.8660254037844384,-0.7818314824680299,0.6234898018587334,1387.8823529166666,410.4115258746569,2020.832175,800.3598936,1983.059611,1600.719787,2280.819929,0.0,382.3398239999999,1629.1238,1983.059611
11.6,105,0.94,1983.059611,1,1,80,83,2021-11-14 14:00:00,14,14,11,6,4,1,-0.4999999999999997,-0.8660254037844388,-0.5000000000000004,0.8660254037844384,-0.7818314824680299,0.6234898018587334,1408.8873660833333,427.8063774292634,2020.832175,800.3598936,1983.059611,1478.939295,2280.819929,0.0,504.120316,1674.8755,1983.059611
11.6,114,0.94,2153.036149,1,1,78,90,2021-11-14 15:00:00,15,14,11,6,4,1,-0.7071067811865471,-0.7071067811865479,-0.5000000000000004,0.8660254037844384,-0.7818314824680299,0.6234898018587334,1435.4717479166666,453.7263351182251,2153.036149,800.3598936,1983.059611,1515.010985,2192.416056,169.97653800000012,638.0251640000001,1651.6395,2153.036149
11.6,105,0.94,1983.059611,1,1,78,90,2021-11-14 16:00:00,16,14,11,6,4,1,-0.8660254037844385,-0.5000000000000004,-0.5000000000000004,0.8660254037844384,-0.7818314824680299,0.6234898018587334,1460.9857223333336,466.9508689282391,2153.036149,800.3598936,2153.036149,1370.724225,2068.650633,-169.97653800000012,612.335386,1630.0952,1983.059611
11.8,116,0.94,2228.581277,1,1,78,90,2021-11-14 17:00:00,17,14,11,6,4,1,-0.9659258262890683,-0.25881904510252063,-0.5000000000000004,0.8660254037844384,-0.7818314824680299,0.6234898018587334,1493.9678668333333,492.44341932411777,2228.581277,800.3598936,1983.059611,1437.009809,1927.204436,245.52166599999987,791.5714679999999,1201.0361,2228.581277
11.7,61,0.94,1161.994782,1,1,78,82,2021-11-14 18:00:00,18,14,11,6,4,1,-1.0,-1.8369701987210297e-16,-0.5000000000000004,0.8660254037844384,-0.7818314824680299,0.6234898018587334,1495.7917163333334,491.0704201192627,2228.581277,800.3598936,2228.581277,1118.222394,1123.491292,-1066.5864949999998,43.77238800000009,1105.7382,1161.994782
11.7,60,0.94,1142.945687,1,1,78,82,2021-11-14 19:00:00,19,14,11,6,4,1,-0.9659258262890684,0.2588190451025203,-0.5000000000000004,0.8660254037844384,-0.7818314824680299,0.6234898018587334,1496.8218535416665,490.26921981860596,2228.581277,800.3598936,1161.994782,1118.222394,1123.491292,-19.04909500000008,24.723293000000012,991.0533,1142.945687
11.7,55,0.94,1047.700213,1,1,78,82,2021-11-14 20:00:00,20,14,11,6,4,1,-0.8660254037844386,0.5000000000000001,-0.5000000000000004,0.8660254037844384,-0.7818314824680299,0.6234898018587334,1501.3983647875,485.3122489772256,2228.581277,800.3598936,1142.945687,937.8639431,1034.325317,-95.24547399999983,109.83626990000005,749.9355,1047.700213
11.7,50,0.94,952.4547391,1,1,76,93,2021-11-14 21:00:00,21,14,11,6,4,1,-0.7071067811865477,0.7071067811865474,-0.5000000000000004,0.8660254037844384,-0.7818314824680299,0.6234898018587334,1502.4302340583333,484.0641189038004,2228.581277,800.3598936,1047.700213,927.6898766,927.326146,-95.24547390000009,24.764862499999936,773.41644,952.4547391000001
11.7,44,0.94,838.1601704,1,1,76,93,2021-11-14 22:00:00,22,14,11,6,4,1,-0.5000000000000004,0.8660254037844384,-0.5000000000000004,0.8660254037844384,-0.7818314824680299,0.6234898018587334,1502.4894124624998,483.97927710541023,2228.581277,800.3598936,952.4547391,836.7398887,802.4937802,-114.29456870000001,1.4202816999999186,790.3416,838.1601704
11.7,44,0.94,838.1601704,1,1,76,93,2021-11-14 23:00:00,23,14,11,6,4,1,-0.25881904510252157,0.9659258262890681,-0.5000000000000004,0.8660254037844384,-0.7818314824680299,0.6234898018587334,1504.0644239958335,481.6509010043641,2228.581277,838.1601704,838.1601704,800.3598936,809.3527014,0.0,37.800276800000006,873.0645,838.1601704
11.6,82,0.99,1631.051461,0,1,80,89,2021-11-15 00:00:00,0,15,11,0,4,0,0.0,1.0,-0.5000000000000004,0.8660254037844384,0.0,1.0,1526.7833014125,473.86047689455484,2228.581277,838.1601704,838.1601704,1085.798403,1276.28935,792.8912906,545.253058,1057.1421,1631.051461
11.6,82,0.99,1631.051461,0,1,80,89,2021-11-15 01:00:00,1,15,11,0,4,0,0.25881904510252074,0.9659258262890683,-0.5000000000000004,0.8660254037844384,0.0,1.0,1549.5021788291667,464.7824604297957,2228.581277,838.1601704,1631.051461,1085.798403,1276.28935,0.0,545.253058,1187.8278,1631.051461
11.6,67,0.99,1332.688389,0,1,80,89,2021-11-15 02:00:00,2,15,11,0,4,0,0.49999999999999994,0.8660254037844387,-0.5000000000000004,0.8660254037844384,0.0,1.0,1560.1759419541665,456.31238688701563,2228.581277,838.1601704,1631.051461,1076.518074,1276.28935,-298.3630720000001,256.17031499999985,1250.6205,1332.688389
11.6,67,0.99,1332.688389,0,1,82,67,2021-11-15 03:00:00,3,15,11,0,4,0,0.7071067811865476,0.7071067811865476,-0.5000000000000004,0.8660254037844384,0.0,1.0,1570.0627766625,448.30477033586874,2228.581277,838.1601704,1332.688389,1095.404356,1257.240256,0.0,237.2840329999999,1233.807,1332.688389
11.6,67,0.99,1332.688389,0,1,82,67,2021-11-15 04:00:00,4,15,11,0,4,0,0.8660254037844386,0.5000000000000001,-0.5000000000000004,0.8660254037844384,0.0,1.0,1579.9496113708335,439.9196981581949,2228.581277,838.1601704,1332.688389,1095.404356,1390.583919,0.0,237.2840329999999,1341.7634,1332.688389
11.5,68,0.99,1340.919094,0,1,82,67,2021-11-15 05:00:00,5,15,11,0,4,0,0.9659258262890683,0.25881904510252074,-0.5000000000000004,0.8660254037844384,0.0,1.0,1583.8839647875,437.22179683227176,2228.581277,838.1601704,1332.688389,1246.494612,1504.878488,8.230705000000171,94.42448200000013,1513.8103,1340.919094
11.5,100,0.99,1971.939844,0,1,88,53,2021-11-15 06:00:00,6,15,11,0,4,0,1.0,6.123233995736766e-17,-0.5000000000000004,0.8660254037844384,0.0,1.0,1599.1592095375,444.34974276518386,2228.581277,838.1601704,1340.919094,1605.33397,1737.537945,631.0207499999999,366.6058740000001,1637.5782,1971.939844
11.5,103,0.99,2031.09804,0,1,88,53,2021-11-15 07:00:00,7,15,11,0,4,0,0.9659258262890683,-0.25881904510252063,-0.5000000000000004,0.8660254037844384,0.0,1.0,1614.7353259541667,452.9442491085954,2228.581277,838.1601704,1971.939844,1657.271246,1947.2408,59.15819600000009,373.82679400000006,1979.0807,2031.09804
11.5,78,0.99,1538.113079,0,1,88,53,2021-11-15 08:00:00,8,15,11,0,4,0,0.8660254037844387,-0.4999999999999998,-0.5000000000000004,0.8660254037844384,0.0,1.0,1598.6584303708332,448.3154018297656,2228.581277,838.1601704,2031.09804,1923.958573,1760.006108,-492.9849610000001,-385.8454939999999,2113.3022,1538.1130789999997
11.5,100,0.99,1971.939844,0,1,86,56,2021-11-15 09:00:00,9,15,11,0,4,0,0.7071067811865476,-0.7071067811865475,-0.5000000000000004,0.8660254037844384,0.0,1.0,1602.1297488291666,450.97293052606557,2228.581277,838.1601704,1538.113079,1888.628201,2134.149867,433.826765,83.311643,1849.5657,1971.939844
11.6,108,0.99,2148.214119,0,1,86,56,2021-11-15 10:00:00,10,15,11,0,4,0,0.49999999999999994,-0.8660254037844387,-0.5000000000000004,0.8660254037844384,0.0,1.0,1607.4373298291666,456.82656594993176,2228.581277,838.1601704,1971.939844,2020.832175,2153.036149,176.27427500000022,127.3819440000002,2077.4424,2148.214119
11.6,98,0.99,1949.305404,0,1,86,56,2021-11-15 11:00:00,11,15,11,0,4,0,0.258819045102521,-0.9659258262890682,-0.5000000000000004,0.8660254037844384,0.0,1.0,1604.4570477041668,454.2383531272961,2228.581277,838.1601704,2148.214119,2020.832175,2153.036149,-198.90871500000026,-71.52677100000005,2230.5059,1949.305404
11.6,98,0.99,1949.305404,0,1,81,78,2021-11-15 12:00:00,12,15,11,0,4,0,1.2246467991473532e-16,-1.0,-0.5000000000000004,0.8660254037844384,0.0,1.0,1603.0506224125002,453.0658886973954,2228.581277,838.1601704,1949.305404,1983.059611,2022.134677,0.0,-33.75420699999995,2154.0242,1949.305404
11.6,91,0.99,1810.069304,0,1,81,78,2021-11-15 13:00:00,13,15,11,0,4,0,-0.2588190451025208,-0.9659258262890683,-0.5000000000000004,0.8660254037844384,0.0,1.0,1595.8426929541665,448.1063096746709,2228.581277,838.1601704,1949.305404,1983.059611,2039.718457,-139.23609999999985,-172.9903069999998,2103.6782,1810.069304
11.6,87,0.99,1730.505818,0,1,81,78,2021-11-15 14:00:00,14,15,11,0,4,0,-0.4999999999999997,-0.8660254037844388,-0.5000000000000004,0.8660254037844384,0.0,1.0,1585.3196182458335,441.53500343344604,2228.581277,838.1601704,1810.069304,1983.059611,2059.581615,-79.56348600000001,-252.5537929999998,1969.466,1730.5058180000003
11.7,87,0.99,1745.423972,0,1,80,87,2021-11-15 15:00:00,15,15,11,0,4,0,-0.7071067811865471,-0.7071067811865479,-0.5000000000000004,0.8660254037844384,0.0,1.0,1568.3357775375,426.32561486267826,2228.581277,838.1601704,1730.505818,2153.036149,2097.354179,14.918153999999959,-407.612177,1776.1635,1745.423972
11.6,84,0.99,1670.833204,0,1,80,87,2021-11-15 16:00:00,16,15,11,0,4,0,-0.8660254037844385,-0.5000000000000004,-0.5000000000000004,0.8660254037844384,0.0,1.0,1555.3263439125,417.7985349265998,2228.581277,838.1601704,1745.423972,1983.059611,1928.517331,-74.59076800000003,-312.2264069999999,1531.2507,1670.833204
11.5,74,0.99,1459.235485,0,1,80,87,2021-11-15 17:00:00,17,15,11,0,4,0,-0.9659258262890683,-0.25881904510252063,-0.5000000000000004,0.8660254037844384,0.0,1.0,1523.2702692458333,392.6541904384305,2148.214119,838.1601704,1670.833204,2228.581277,1928.517331,-211.5977190000001,-769.3457919999998,1199.4838,1459.235485
11.7,62,0.99,1243.865359,0,1,77,91,2021-11-15 18:00:00,18,15,11,0,4,0,-1.0,-1.8369701987210297e-16,-0.5000000000000004,0.8660254037844384,0.0,1.0,1526.6815432875,389.72376216976807,2148.214119,838.1601704,1459.235485,1161.994782,1181.043876,-215.37012600000003,81.87057699999991,1045.7188,1243.865359
11.7,62,0.99,1243.865359,0,1,77,91,2021-11-15 19:00:00,19,15,11,0,4,0,-0.9659258262890684,0.2588190451025203,-0.5000000000000004,0.8660254037844384,0.0,1.0,1530.8865296208332,385.9293396266454,2148.214119,838.1601704,1243.865359,1142.945687,1191.138269,0.0,100.91967199999999,981.06036,1243.865359
11.7,54,0.99,1083.366603,0,1,77,91,2021-11-15 20:00:00,20,15,11,0,4,0,-0.8660254037844386,0.5000000000000001,-0.5000000000000004,0.8660254037844384,0.0,1.0,1532.3726292041667,384.0519401915714,2148.214119,838.1601704,1243.865359,1047.700213,1075.866823,-160.49875599999996,35.666389999999865,921.6056,1083.366603
11.7,52,0.99,1043.241914,0,1,75,93,2021-11-15 21:00:00,21,15,11,0,4,0,-0.7071067811865477,0.7071067811865474,-0.5000000000000004,0.8660254037844384,0.0,1.0,1536.1554281583333,378.4985326061926,2148.214119,838.1601704,1083.366603,952.4547391,990.5529286,-40.12468899999999,90.78717489999997,918.8343,1043.241914
11.8,48,0.99,971.2232416,0,1,75,93,2021-11-15 22:00:00,22,15,11,0,4,0,-0.5000000000000004,0.8660254037844384,-0.5000000000000004,0.8660254037844384,0.0,1.0,1541.6997227916665,368.67680296013555,2148.214119,838.1601704,1043.241914,838.1601704,864.5358401,-72.0186723999999,133.06307120000008,891.90155,971.2232416
11.8,46,0.99,930.7556066,0,1,75,93,2021-11-15 23:00:00,23,15,11,0,4,0,-0.25881904510252157,0.9659258262890681,-0.5000000000000004,0.8660254037844384,0.0,1.0,1545.5578659666664,361.4070943710929,2148.214119,930.7556066,971.2232416,838.1601704,864.5358401,-40.46763500000009,92.5954362,890.0907,930.7556066
11.7,44,0.77,686.5780119,0,1,77,93,2021-11-16 00:00:00,0,16,11,1,4,0,0.0,1.0,-0.5000000000000004,0.8660254037844384,0.7818314824680298,0.6234898018587336,1506.2048055875,400.9508445992782,2148.214119,686.5780119,930.7556066,1631.051461,1208.401619,-244.1775947,-944.4734491,942.52966,686.5780119
11.7,44,0.77,686.5780119,0,1,77,93,2021-11-16 01:00:00,1,16,11,1,4,0,0.25881904510252074,0.9659258262890683,-0.5000000000000004,0.8660254037844384,0.7818314824680298,0.6234898018587336,1466.8517452083333,433.2159722428814,2148.214119,686.5780119,686.5780119,1631.051461,1208.401619,0.0,-944.4734491,916.7546,686.5780119
11.7,44,0.77,686.5780119,0,1,77,93,2021-11-16 02:00:00,2,16,11,1,4,0,0.49999999999999994,0.8660254037844387,-0.5000000000000004,0.8660254037844384,0.7818314824680298,0.6234898018587336,1439.9304794958334,461.09430288628107,2148.214119,686.5780119,686.5780119,1332.688389,1198.0734,0.0,-646.1103770999999,855.7987,686.5780119
11.7,44,0.77,686.5780119,0,1,86,83,2021-11-16 03:00:00,3,16,11,1,4,0,0.7071067811865476,0.7071067811865476,-0.5000000000000004,0.8660254037844384,0.7818314824680298,0.6234898018587336,1413.0092137833333,485.8264118719044,2148.214119,686.5780119,686.5780119,1332.688389,1198.0734,0.0,-646.1103770999999,814.4705,686.5780119
11.6,62,0.77,959.1820244,0,1,86,83,2021-11-16 04:00:00,4,16,11,1,4,0,0.8660254037844386,0.5000000000000001,-0.5000000000000004,0.8660254037844384,0.7818314824680298,0.6234898018587336,1397.4464485916667,494.4176569215552,2148.214119,686.5780119,686.5780119,1332.688389,1215.955093,272.60401250000007,-373.50636459999987,830.052,959.1820244
11.6,70,0.77,1082.947447,0,1,86,83,2021-11-16 05:00:00,5,16,11,1,4,0,0.9659258262890683,0.25881904510252074,-0.5000000000000004,0.8660254037844384,0.7818314824680298,0.6234898018587336,1386.6976299666667,498.4874616924091,2148.214119,686.5780119,959.1820244,1340.919094,1258.655341,123.76542259999997,-257.9716470000001,857.0508,1082.947447
11.5,74,0.77,1134.960933,0,1,86,62,2021-11-16 06:00:00,6,16,11,1,4,0,1.0,6.123233995736766e-17,-0.5000000000000004,0.8660254037844384,0.7818314824680298,0.6234898018587336,1351.8235086749999,484.8548975741056,2148.214119,686.5780119,1082.947447,1971.939844,1555.707251,52.01348600000006,-836.9789109999999,939.99475,1134.960933
11.5,72,0.77,1104.286313,0,1,86,62,2021-11-16 07:00:00,7,16,11,1,4,0,0.9659258262890683,-0.25881904510252063,-0.5000000000000004,0.8660254037844384,0.7818314824680298,0.6234898018587336,1313.2063533833332,464.89868887396705,2148.214119,686.5780119,1134.960933,2031.09804,1896.846782,-30.674620000000004,-926.811727,1013.47015,1104.286313
11.4,72,0.77,1094.683823,0,1,86,62,2021-11-16 08:00:00,8,16,11,1,4,0,0.8660254037844387,-0.4999999999999998,-0.5000000000000004,0.8660254037844384,0.7818314824680298,0.6234898018587336,1294.7301343833333,464.38291715282895,2148.214119,686.5780119,1104.286313,1538.113079,1895.459409,-9.602489999999989,-443.4292559999999,1013.3566,1094.683823
11.4,72,0.77,1094.683823,0,1,84,75,2021-11-16 09:00:00,9,16,11,1,4,0,0.7071067811865476,-0.7071067811865475,-0.5000000000000004,0.8660254037844384,0.7818314824680298,0.6234898018587336,1258.1778001750001,442.78388764972345,2148.214119,686.5780119,1094.683823,1971.939844,1841.814331,0.0,-877.2560209999999,1124.3973,1094.683823
11.4,70,0.77,1064.275939,0,1,84,75,2021-11-16 10:00:00,10,16,11,1,4,0,0.49999999999999994,-0.8660254037844387,-0.5000000000000004,0.8660254037844384,0.7818314824680298,0.6234898018587336,1213.0137093416668,401.3998514574263,1949.305404,686.5780119,1094.683823,2148.214119,1861.391702,-30.407883999999967,-1083.93818,1018.5706,1064.275939
11.4,68,0.77,1033.868055,0,1,84,75,2021-11-16 11:00:00,11,16,11,1,4,0,0.258819045102521,-0.9659258262890682,-0.5000000000000004,0.8660254037844384,0.7818314824680298,0.6234898018587336,1174.8704864666668,370.7133143048666,1949.305404,686.5780119,1064.275939,1949.305404,2414.028493,-30.407884000000195,-915.437349,988.7855,1033.868055
11.5,66,0.77,1012.262453,0,1,80,85,2021-11-16 12:00:00,12,16,11,1,4,0,1.2246467991473532e-16,-1.0,-0.5000000000000004,0.8660254037844384,0.7818314824680298,0.6234898018587336,1135.827030175,333.0334131179589,1810.069304,686.5780119,1033.868055,1949.305404,2360.383415,-21.605601999999863,-937.0429509999999,1073.3951,1012.2624530000002
11.5,68,0.77,1042.937073,0,1,80,85,2021-11-16 13:00:00,13,16,11,1,4,0,-0.2588190451025208,-0.9659258262890683,-0.5000000000000004,0.8660254037844384,0.7818314824680298,0.6234898018587336,1103.8631872166668,300.75732337682695,1745.423972,686.5780119,1012.262453,1810.069304,1823.932639,30.674620000000004,-767.132231,1096.4117,1042.937073
11.8,70,0.77,1101.618955,0,1,80,85,2021-11-16 14:00:00,14,16,11,1,4,0,-0.4999999999999997,-0.8660254037844388,-0.5000000000000004,0.8660254037844384,0.7818314824680298,0.6234898018587336,1077.6595679250001,269.5656080435829,1745.423972,686.5780119,1042.937073,1730.505818,1913.341101,58.68188199999986,-628.8868630000002,1060.6243,1101.618955
11.5,66,0.77,1012.262453,0,1,79,90,2021-11-16 15:00:00,15,16,11,1,4,0,-0.7071067811865471,-0.7071067811865479,-0.5000000000000004,0.8660254037844384,0.7818314824680298,0.6234898018587336,1047.1111713,229.10788860995166,1670.833204,686.5780119,1101.618955,1745.423972,1698.760791,-89.35650199999986,-733.161519,995.21497,1012.2624530000002
11.5,86,0.77,1319.008651,0,1,79,90,2021-11-16 16:00:00,16,16,11,1,4,0,-0.8660254037844385,-0.5000000000000004,-0.5000000000000004,0.8660254037844384,0.7818314824680298,0.6234898018587336,1032.451814925,196.3826466946191,1459.235485,686.5780119,1012.262453,1670.833204,1823.932639,306.74619800000005,-351.8245529999999,940.6716,1319.0086509999999
11.6,90,0.77,1392.361003,0,1,79,90,2021-11-16 17:00:00,17,16,11,1,4,0,-0.9659258262890683,-0.25881904510252063,-0.5000000000000004,0.8660254037844384,0.7818314824680298,0.6234898018587336,1029.665378175,190.4485884440779,1392.361003,686.5780119,1319.008651,1459.235485,1929.835421,73.35235199999988,-66.87448199999994,862.0794,1392.3610029999998
11.6,62,0.77,959.1820244,0,1,78,90,2021-11-16 18:00:00,18,16,11,1,4,0,-1.0,-1.8369701987210297e-16,-0.5000000000000004,0.8660254037844384,0.7818314824680298,0.6234898018587336,1017.8035725666667,185.3240058509569,1392.361003,686.5780119,1392.361003,1243.865359,1136.258239,-433.17897859999994,-284.68333459999985,837.2107,959.1820244
11.6,61,0.77,943.7113466,0,1,78,90,2021-11-16 19:00:00,19,16,11,1,4,0,-0.9659258262890684,0.2588190451025203,-0.5000000000000004,0.8660254037844384,0.7818314824680298,0.6234898018587336,1005.2971553833335,179.43953561888537,1392.361003,686.5780119,959.1820244,1243.865359,1136.258239,-15.47067780000009,-300.15401239999994,806.5615,943.7113466
11.6,59,0.77,912.769991,0,1,78,90,2021-11-16 20:00:00,20,16,11,1,4,0,-0.8660254037844386,0.5000000000000001,-0.5000000000000004,0.8660254037844384,0.7818314824680298,0.6234898018587336,998.1889632166667,179.5913699495705,1392.361003,686.5780119,943.7113466,1083.366603,1046.079013,-30.94135559999995,-170.59661199999994,758.0468,912.769991
11.7,56,0.77,873.8265606,0,1,77,91,2021-11-16 21:00:00,21,16,11,1,4,0,-0.7071067811865477,0.7071067811865474,-0.5000000000000004,0.8660254037844384,0.7818314824680298,0.6234898018587336,991.1299901583334,181.06697344681336,1392.361003,686.5780119,912.769991,1043.241914,937.8639431,-38.94343040000001,-169.41535339999996,735.1185,873.8265606000001
11.7,52,0.77,811.4103777,0,1,77,91,2021-11-16 22:00:00,22,16,11,1,4,0,-0.5000000000000004,0.8660254037844384,-0.5000000000000004,0.8660254037844384,0.7818314824680298,0.6234898018587336,984.4711208291666,184.73240477130196,1392.361003,686.5780119,873.8265606,971.2232416,811.6130277,-62.41618289999997,-159.81286390000002,722.0227,811.4103777000001
11.7,47,0.77,733.3901491,0,1,77,91,2021-11-16 23:00:00,23,16,11,1,4,0,-0.25881904510252157,0.9659258262890681,-0.5000000000000004,0.8660254037844384,0.7818314824680298,0.6234898018587336,976.2475601,191.4966979667065,1392.361003,686.5780119,811.4103777,930.7556066,800.3598936,-78.0202286,-197.36545749999993,755.99207,733.3901491
11.7,72,0.85,1240.21766,0,1,80,90,2021-11-17 00:00:00,0,17,11,2,4,0,0.0,1.0,-0.5000000000000004,0.8660254037844384,0.9749279121818236,-0.22252093395631434,999.3158787708334,188.40669392879832,1392.361003,686.5780119,733.3901491,686.5780119,1379.640822,506.8275109,553.6396481,815.0963,1240.21766
11.7,72,0.85,1240.21766,0,1,80,90,2021-11-17 01:00:00,1,17,11,2,4,0,0.25881904510252074,0.9659258262890683,-0.5000000000000004,0.8660254037844384,0.9749279121818236,-0.22252093395631434,1022.3841974416667,182.24327413943647,1392.361003,686.5780119,1240.21766,686.5780119,1379.640822,0.0,553.6396481,740.5529,1240.21766
11.7,72,0.85,1240.21766,0,1,80,90,2021-11-17 02:00:00,2,17,11,2,4,0,0.49999999999999994,0.8660254037844387,-0.5000000000000004,0.8660254037844384,0.9749279121818236,-0.22252093395631434,1045.4525161125,172.6776513848787,1392.361003,686.5780119,1240.21766,686.5780119,1379.640822,0.0,553.6396481,829.31366,1240.21766
11.7,72,0.85,1240.21766,0,1,87,56,2021-11-17 03:00:00,3,17,11,2,4,0,0.7071067811865476,0.7071067811865476,-0.5000000000000004,0.8660254037844384,0.9749279121818236,-0.22252093395631434,1068.5208347833334,159.0973389890215,1392.361003,733.3901491,1240.21766,686.5780119,1367.84902,0.0,553.6396481,854.5649,1240.21766
11.6,72,0.85,1229.617509,0,1,87,56,2021-11-17 04:00:00,4,17,11,2,4,0,0.8660254037844386,0.5000000000000001,-0.5000000000000004,0.8660254037844384,0.9749279121818236,-0.22252093395631434,1079.7889799749998,160.58656232294024,1392.361003,733.3901491,1240.21766,959.1820244,1367.84902,-10.600151000000096,270.4354845999999,943.21625,1229.617509
11.5,76,0.85,1286.740545,0,1,87,56,2021-11-17 05:00:00,5,17,11,2,4,0,0.9659258262890683,0.25881904510252074,-0.5000000000000004,0.8660254037844384,0.9749279121818236,-0.22252093395631434,1088.2803590583333,166.05571378734317,1392.361003,733.3901491,1229.617509,1082.947447,1539.308194,57.123036000000184,203.7930980000001,983.63354,1286.740545
11.4,78,0.85,1309.118641,0,1,87,52,2021-11-17 06:00:00,6,17,11,2,4,0,1.0,6.123233995736766e-17,-0.5000000000000004,0.8660254037844384,0.9749279121818236,-0.22252093395631434,1095.536930225,171.8872462651088,1392.361003,733.3901491,1286.740545,1134.960933,1771.160515,22.378095999999914,174.15770799999996,1047.6567,1309.118641
11.4,84,0.85,1409.820075,0,1,87,52,2021-11-17 07:00:00,7,17,11,2,4,0,0.9659258262890683,-0.25881904510252063,-0.5000000000000004,0.8660254037844384,0.9749279121818236,-0.22252093395631434,1108.2675036416667,183.4865127444991,1409.820075,733.3901491,1309.118641,1104.286313,1996.320192,100.70143400000006,305.533762,1116.7152,1409.820075
11.5,78,0.85,1320.602138,0,1,87,52,2021-11-17 08:00:00,8,17,11,2,4,0,0.8660254037844387,-0.4999999999999998,-0.5000000000000004,0.8660254037844384,0.9749279121818236,-0.22252093395631434,1117.6807667666667,188.48627677927564,1409.820075,733.3901491,1409.820075,1094.683823,1903.89796,-89.21793700000012,225.9183149999999,1215.3176,1320.6021379999997
11.4,90,0.85,1510.521509,0,1,86,61,2021-11-17 09:00:00,9,17,11,2,4,0,0.7071067811865476,-0.7071067811865475,-0.5000000000000004,0.8660254037844384,0.9749279121818236,-0.22252093395631434,1135.0073370166667,204.6962446015373,1510.521509,733.3901491,1320.602138,1094.683823,1866.929068,189.91937099999996,415.83768599999985,1261.6924,1510.521509
11.4,90,0.85,1510.521509,0,1,86,61,2021-11-17 10:00:00,10,17,11,2,4,0,0.49999999999999994,-0.8660254037844387,-0.5000000000000004,0.8660254037844384,0.9749279121818236,-0.22252093395631434,1153.6009024333332,217.83753172436894,1510.521509,733.3901491,1510.521509,1064.275939,1811.475729,0.0,446.2455699999998,1288.7047,1510.521509
11.5,78,0.85,1320.602138,0,1,86,61,2021-11-17 11:00:00,11,17,11,2,4,0,0.258819045102521,-0.9659258262890682,-0.5000000000000004,0.8660254037844384,0.9749279121818236,-0.22252093395631434,1165.5481558916667,218.8459005586151,1510.521509,733.3901491,1510.521509,1033.868055,1979.110535,-189.91937099999996,286.73408300000006,1402.474,1320.6021379999997
11.7,78,0.85,1343.569132,0,1,82,84,2021-11-17 12:00:00,12,17,11,2,4,0,1.2246467991473532e-16,-1.0,-0.5000000000000004,0.8660254037844384,0.9749279121818236,-0.22252093395631434,1179.35260085,219.20534395353798,1510.521509,733.3901491,1320.602138,1012.262453,1903.89796,22.966994000000113,331.30667900000003,1401.9133,1343.569132
11.7,78,0.85,1343.569132,0,1,82,84,2021-11-17 13:00:00,13,17,11,2,4,0,-0.2588190451025208,-0.9659258262890683,-0.5000000000000004,0.8660254037844384,0.9749279121818236,-0.22252093395631434,1191.8789366416668,219.66027718241884,1510.521509,733.3901491,1343.569132,1042.937073,1864.379489,0.0,300.632059,1400.1387,1343.569132
11.7,84,0.85,1446.920604,0,1,82,84,2021-11-17 14:00:00,14,17,11,2,4,0,-0.4999999999999997,-0.8660254037844388,-0.5000000000000004,0.8660254037844384,0.9749279121818236,-0.22252093395631434,1206.26650535,224.74100999146114,1510.521509,733.3901491,1343.569132,1101.618955,1903.89796,103.35147199999983,345.301649,1330.5692,1446.920604
11.7,84,0.85,1446.920604,0,1,80,88,2021-11-17 15:00:00,15,17,11,2,4,0,-0.7071067811865471,-0.7071067811865479,-0.5000000000000004,0.8660254037844384,0.9749279121818236,-0.22252093395631434,1224.3772616416666,225.93773971003785,1510.521509,733.3901491,1446.920604,1012.262453,1903.89796,0.0,434.65815099999986,1282.3376,1446.920604
11.5,107,0.85,1811.595241,0,1,80,88,2021-11-17 16:00:00,16,17,11,2,4,0,-0.8660254037844385,-0.5000000000000004,-0.5000000000000004,0.8660254037844384,0.9749279121818236,-0.22252093395631434,1244.9017028916667,255.3650943158985,1811.595241,733.3901491,1446.920604,1319.008651,1848.444622,364.6746370000001,492.5865899999999,1190.5297,1811.5952410000002
11.6,66,0.85,1127.149384,0,1,80,88,2021-11-17 17:00:00,17,17,11,2,4,0,-0.9659258262890683,-0.25881904510252063,-0.5000000000000004,0.8660254037844384,0.9749279121818236,-0.22252093395631434,1233.8512187666668,254.44323435558871,1811.595241,733.3901491,1811.595241,1392.361003,1845.735694,-684.4458569999999,-265.2116189999999,1069.9398,1127.149384
11.4,62,0.85,1040.581484,0,1,78,91,2021-11-17 18:00:00,18,17,11,2,4,0,-1.0,-1.8369701987210297e-16,-0.5000000000000004,0.8660254037844384,0.9749279121818236,-0.22252093395631434,1237.2428629166668,251.14392329260457,1811.595241,733.3901491,1127.149384,959.1820244,1118.627694,-86.56790000000001,81.3994596,815.059,1040.581484
11.6,61,0.85,1041.759279,0,1,78,91,2021-11-17 19:00:00,19,17,11,2,4,0,-0.9659258262890684,0.2588190451025203,-0.5000000000000004,0.8660254037844384,0.9749279121818236,-0.22252093395631434,1241.3281934333334,246.92348199179034,1811.595241,733.3901491,1040.581484,943.7113466,1071.779183,1.17779500000006,98.04793240000015,716.66376,1041.759279
11.6,59,0.85,1007.603237,0,1,78,91,2021-11-17 20:00:00,20,17,11,2,4,0,-0.8660254037844386,0.5000000000000001,-0.5000000000000004,0.8660254037844384,0.9749279121818236,-0.22252093395631434,1245.2795786833333,242.14978092440296,1811.595241,733.3901491,1041.759279,912.769991,902.5508912,-34.15604200000007,94.83324600000003,694.90607,1007.603237
11.6,56,0.85,956.3691739,0,1,78,92,2021-11-17 21:00:00,21,17,11,2,4,0,-0.7071067811865477,0.7071067811865474,-0.5000000000000004,0.8660254037844384,0.9749279121818236,-0.22252093395631434,1248.7188542375,237.17979492696068,1811.595241,733.3901491,1007.603237,873.8265606,846.1414605,-51.23406310000007,82.54261329999997,717.04877,956.3691739
11.6,51,0.85,870.9790691,0,1,78,92,2021-11-17 22:00:00,22,17,11,2,4,0,-0.5000000000000004,0.8660254037844384,-0.5000000000000004,0.8660254037844384,0.9749279121818236,-0.22252093395631434,1251.2008830458333,232.67337231226594,1811.595241,733.3901491,956.3691739,811.4103777,846.1414605,-85.39010480000002,59.56869139999992,764.9574,870.9790691
11.6,46,0.85,785.5889643,0,1,78,92,2021-11-17 23:00:00,23,17,11,2,4,0,-0.25881904510252157,0.9659258262890681,-0.5000000000000004,0.8660254037844384,0.9749279121818236,-0.22252093395631434,1253.3758336791668,227.81587063996187,1811.595241,785.5889643,870.9790691,733.3901491,846.1414605,-85.3901047999999,52.19881520000001,791.44977,785.5889643000002
11.6,82,0.93,1532.199857,0,1,81,89,2021-11-18 00:00:00,0,18,11,3,4,0,0.0,1.0,-0.5000000000000004,0.8660254037844384,0.43388373911755823,-0.900968867902419,1265.5417585541666,234.7727019191775,1811.595241,785.5889643,785.5889643,1240.21766,1289.290124,746.6108927,291.98219700000004,854.8617,1532.1998570000003
11.6,82,0.93,1532.199857,0,1,81,89,2021-11-18 01:00:00,1,18,11,3,4,0,0.25881904510252074,0.9659258262890683,-0.5000000000000004,0.8660254037844384,0.43388373911755823,-0.900968867902419,1277.7076834291668,240.88894194245157,1811.595241,785.5889643,1532.199857,1240.21766,1289.290124,0.0,291.98219700000004,996.09485,1532.1998570000003
11.6,82,0.93,1532.199857,0,1,81,89,2021-11-18 02:00:00,2,18,11,3,4,0,0.49999999999999994,0.8660254037844387,-0.5000000000000004,0.8660254037844384,0.43388373911755823,-0.900968867902419,1289.8736083041665,246.22723908335635,1811.595241,785.5889643,1532.199857,1240.21766,1289.290124,0.0,291.98219700000004,1063.4661,1532.1998570000003
11.6,82,0.93,1532.199857,0,1,86,63,2021-11-18 03:00:00,3,18,11,3,4,0,0.7071067811865476,0.7071067811865476,-0.5000000000000004,0.8660254037844384,0.43388373911755823,-0.900968867902419,1302.0395331791667,250.83726660089118,1811.595241,785.5889643,1532.199857,1240.21766,1315.22412,0.0,291.98219700000004,1119.7222,1532.1998570000003
11.4,82,0.93,1505.782618,0,1,86,63,2021-11-18 04:00:00,4,18,11,3,4,0,0.8660254037844386,0.5000000000000001,-0.5000000000000004,0.8660254037844384,0.43388373911755823,-0.900968867902419,1313.5464127208334,253.6887159361608,1811.595241,785.5889643,1532.199857,1229.617509,1377.2402,-26.41723900000011,276.16510900000003,1250.7328,1505.7826179999997
11.3,83,0.93,1510.776121,0,1,86,63,2021-11-18 05:00:00,5,18,11,3,4,0,0.9659258262890683,0.25881904510252074,-0.5000000000000004,0.8660254037844384,0.43388373911755823,-0.900968867902419,1322.8812283875002,256.76269352862005,1811.595241,785.5889643,1505.782618,1286.740545,1513.514493,4.993503000000146,224.035576,1373.5449,1510.776121
11.6,84,0.93,1569.570585,0,1,88,53,2021-11-18 06:00:00,6,18,11,3,4,0,1.0,6.123233995736766e-17,-0.5000000000000004,0.8660254037844384,0.43388373911755823,-0.900968867902419,1333.7333927208333,261.6139389886591,1811.595241,785.5889643,1510.776121,1309.118641,1662.997406,58.794463999999834,260.4519439999999,1472.3315,1569.570585
11.6,89,0.93,1662.997406,0,1,88,53,2021-11-18 07:00:00,7,18,11,3,4,0,0.9659258262890683,-0.25881904510252063,-0.5000000000000004,0.8660254037844384,0.43388373911755823,-0.900968867902419,1344.2824481791667,269.79198478100164,1811.595241,785.5889643,1569.570585,1409.820075,1961.963232,93.42682100000002,253.17733099999987,1558.0333,1662.997406
11.5,96,0.93,1778.331205,0,1,88,53,2021-11-18 08:00:00,8,18,11,3,4,0,0.8660254037844387,-0.4999999999999998,-0.5000000000000004,0.8660254037844384,0.43388373911755823,-0.900968867902419,1363.3544926375,283.8573725819154,1811.595241,785.5889643,1662.997406,1320.602138,1961.963232,115.333799,457.729067,1633.2067,1778.331205
11.7,84,0.93,1583.101366,0,1,80,87,2021-11-18 09:00:00,9,18,11,3,4,0,0.7071067811865476,-0.7071067811865475,-0.5000000000000004,0.8660254037844384,0.43388373911755823,-0.900968867902419,1366.3786533458333,285.8729002915449,1811.595241,785.5889643,1778.331205,1510.521509,1982.098322,-195.22983899999986,72.57985700000017,1761.711,1583.101366
11.7,79,0.93,1488.869142,0,1,80,87,2021-11-18 10:00:00,10,18,11,3,4,0,0.49999999999999994,-0.8660254037844387,-0.5000000000000004,0.8660254037844384,0.43388373911755823,-0.900968867902419,1365.4764713875002,285.4320501172417,1811.595241,785.5889643,1583.101366,1510.521509,1945.049756,-94.23222400000009,-21.652366999999913,1721.8357,1488.8691419999998
11.7,79,0.93,1488.869142,0,1,80,87,2021-11-18 11:00:00,11,18,11,3,4,0,0.258819045102521,-0.9659258262890682,-0.5000000000000004,0.8660254037844384,0.43388373911755823,-0.900968867902419,1372.4875965541667,286.3469903822583,1811.595241,785.5889643,1488.869142,1320.602138,1945.049756,0.0,168.26700400000004,1642.0485,1488.8691419999998
11.8,81,0.93,1539.609571,0,1,78,90,2021-11-18 12:00:00,12,18,11,3,4,0,1.2246467991473532e-16,-1.0,-0.5000000000000004,0.8660254037844384,0.43388373911755823,-0.900968867902419,1380.6559481791667,288.27582837898,1811.595241,785.5889643,1488.869142,1343.569132,1945.049756,50.74042899999995,196.04043899999988,1689.6248,1539.6095710000002
11.2,81,0.93,1461.324338,0,1,78,90,2021-11-18 13:00:00,13,18,11,3,4,0,-0.2588190451025208,-0.9659258262890683,-0.5000000000000004,0.8660254037844384,0.43388373911755823,-0.900968867902419,1385.5624150958336,288.61905985707466,1811.595241,785.5889643,1539.609571,1343.569132,1945.049756,-78.28523300000006,117.75520599999982,1713.4329,1461.324338
11.6,79,0.93,1476.143765,0,1,78,90,2021-11-18 14:00:00,14,18,11,3,4,0,-0.4999999999999997,-0.8660254037844388,-0.5000000000000004,0.8660254037844384,0.43388373911755823,-0.900968867902419,1386.7800468041667,288.9506268906422,1811.595241,785.5889643,1461.324338,1446.920604,1961.963232,14.819427000000132,29.22316100000012,1618.4523,1476.1437650000003
11.7,81,0.93,1526.562032,0,1,79,92,2021-11-18 15:00:00,15,18,11,3,4,0,-0.7071067811865471,-0.7071067811865479,-0.5000000000000004,0.8660254037844384,0.43388373911755823,-0.900968867902419,1390.0984396375,290.12624876923906,1811.595241,785.5889643,1476.143765,1446.920604,1961.963232,50.418267000000014,79.64142800000013,1452.2126,1526.562032
11.7,81,0.93,1526.562032,0,1,79,92,2021-11-18 16:00:00,16,18,11,3,4,0,-0.8660254037844385,-0.5000000000000004,-0.5000000000000004,0.8660254037844384,0.43388373911755823,-0.900968867902419,1378.2220559291666,277.6893885570162,1778.331205,785.5889643,1526.562032,1811.595241,1771.565815,0.0,-285.03320899999994,1309.7976,1526.562032
11.6,81,0.93,1513.514493,0,1,79,92,2021-11-18 17:00:00,17,18,11,3,4,0,-0.9659258262890683,-0.25881904510252063,-0.5000000000000004,0.8660254037844384,0.43388373911755823,-0.900968867902419,1394.3206021375,273.671396121992,1778.331205,785.5889643,1526.562032,1127.149384,1884.644484,-13.047539000000143,386.36510899999985,1103.6302,1513.514493
11.5,61,0.93,1129.981287,0,1,75,88,2021-11-18 18:00:00,18,18,11,3,4,0,-1.0,-1.8369701987210297e-16,-0.5000000000000004,0.8660254037844384,0.43388373911755823,-0.900968867902419,1398.0455939291667,269.21945602600704,1778.331205,785.5889643,1513.514493,1040.581484,1130.78669,-383.53320599999984,89.39980300000002,937.14905,1129.981287
11.5,61,0.93,1129.981287,0,1,75,88,2021-11-18 19:00:00,19,18,11,3,4,0,-0.9659258262890684,0.2588190451025203,-0.5000000000000004,0.8660254037844384,0.43388373911755823,-0.900968867902419,1401.7215109291667,264.7077054308104,1778.331205,785.5889643,1129.981287,1041.759279,1074.247356,0.0,88.22200799999996,809.7731,1129.981287
11.5,57,0.93,1055.884153,0,1,75,88,2021-11-18 20:00:00,20,18,11,3,4,0,-0.8660254037844386,0.5000000000000001,-0.5000000000000004,0.8660254037844384,0.43388373911755823,-0.900968867902419,1403.7332157624999,261.74921880824195,1778.331205,785.5889643,1129.981287,1007.603237,904.6293522,-74.0971340000001,48.280915999999934,756.95013,1055.884153
11.5,52,0.93,963.2627361,0,1,75,88,2021-11-18 21:00:00,21,18,11,3,4,0,-0.7071067811865477,0.7071067811865474,-0.5000000000000004,0.8660254037844384,0.43388373911755823,-0.900968867902419,1404.0204475208332,261.24024500424906,1778.331205,785.5889643,1055.884153,956.3691739,848.0900177,-92.62141689999999,6.893562200000019,724.0026,963.2627360999999
11.6,45,0.93,840.841385,0,1,75,88,2021-11-18 22:00:00,22,18,11,3,4,0,-0.5000000000000004,0.8660254037844384,-0.5000000000000004,0.8660254037844384,0.43388373911755823,-0.900968867902419,1402.764710683333,263.9720348643824,1778.331205,785.5889643,963.2627361,870.9790691,848.0900177,-122.42135110000004,-30.1376841,754.15063,840.8413850000001
11.6,45,0.93,840.841385,0,1,75,88,2021-11-18 23:00:00,23,18,11,3,4,0,-0.25881904510252157,0.9659258262890681,-0.5000000000000004,0.8660254037844384,0.43388373911755823,-0.900968867902419,1405.0668948791665,258.5404795615151,1778.331205,840.841385,840.841385,785.5889643,848.0900177,0.0,55.2524206999999,805.39667,840.8413850000001
11.6,70,0.84,1181.397215,0,1,77,75,2021-11-19 00:00:00,0,19,11,4,4,0,0.0,1.0,-0.5000000000000004,0.8660254037844384,-0.433883739117558,-0.9009688679024191,1390.4501181291669,260.945676663193,1778.331205,840.841385,840.841385,1532.199857,1625.626678,340.55583,-350.8026420000001,961.65485,1181.397215
11.8,70,0.84,1201.766132,0,1,77,75,2021-11-19 01:00:00,1,19,11,4,4,0,0.25881904510252074,0.9659258262890683,-0.5000000000000004,0.8660254037844384,-0.433883739117558,-0.9009688679024191,1376.6820462541666,261.85708720662626,1778.331205,840.841385,1181.397215,1532.199857,1625.626678,20.36891700000001,-330.4337250000001,1086.1174,1201.7661319999997
11.6,70,0.84,1181.397215,0,1,77,75,2021-11-19 02:00:00,2,19,11,4,4,0,0.49999999999999994,0.8660254037844387,-0.5000000000000004,0.8660254037844384,-0.433883739117558,-0.9009688679024191,1362.0652695041667,262.58852393258525,1778.331205,840.841385,1201.766132,1532.199857,1625.626678,-20.36891700000001,-350.8026420000001,1107.3188,1181.397215
11.5,74,0.84,1238.139199,0,1,85,59,2021-11-19 03:00:00,3,19,11,4,4,0,0.7071067811865476,0.7071067811865476,-0.5000000000000004,0.8660254037844384,-0.433883739117558,-0.9009688679024191,1349.8127420875,261.16143296228967,1778.331205,840.841385,1181.397215,1532.199857,1611.612655,56.741984,-294.0606580000001,1092.6167,1238.1391989999997
11.5,75,0.84,1254.87081,0,1,85,59,2021-11-19 04:00:00,4,19,11,4,4,0,0.8660254037844386,0.5000000000000001,-0.5000000000000004,0.8660254037844384,-0.433883739117558,-0.9009688679024191,1339.3580834208333,259.6641588925263,1778.331205,840.841385,1238.139199,1505.782618,1611.612655,16.73161099999993,-250.91180800000006,1182.1805,1254.8708099999997
11.4,79,0.84,1310.303364,0,1,85,59,2021-11-19 05:00:00,5,19,11,4,4,0,0.9659258262890683,0.25881904510252074,-0.5000000000000004,0.8660254037844384,-0.433883739117558,-0.9009688679024191,1331.0050518791666,257.1221510047417,1778.331205,840.841385,1254.87081,1510.776121,1662.997406,55.43255400000021,-200.472757,1250.5917,1310.303364
11.4,78,0.84,1293.717246,0,1,86,53,2021-11-19 06:00:00,6,19,11,4,4,0,1.0,6.123233995736766e-17,-0.5000000000000004,0.8660254037844384,-0.433883739117558,-0.9009688679024191,1319.5111627541667,252.1108841224302,1778.331205,840.841385,1310.303364,1569.570585,1961.963232,-16.58611800000017,-275.853339,1346.9988,1293.7172459999997
11.4,86,0.84,1426.406194,0,1,86,53,2021-11-19 07:00:00,7,19,11,4,4,0,0.9659258262890683,-0.25881904510252063,-0.5000000000000004,0.8660254037844384,-0.433883739117558,-0.9009688679024191,1309.6531955875,242.53991975727865,1778.331205,840.841385,1293.717246,1662.997406,1965.829169,132.68894799999998,-236.59121200000004,1365.1189,1426.4061939999997
11.8,99,0.84,1699.640673,0,1,86,53,2021-11-19 08:00:00,8,19,11,4,4,0,0.8660254037844387,-0.4999999999999998,-0.5000000000000004,0.8660254037844384,-0.433883739117558,-0.9009688679024191,1306.3744234208332,236.38235783968693,1699.640673,840.841385,1426.406194,1778.331205,1983.225887,273.2344790000002,-78.69053199999985,1499.4856,1699.640673
11.6,79,0.84,1333.291142,0,1,84,61,2021-11-19 09:00:00,9,19,11,4,4,0,0.7071067811865476,-0.7071067811865475,-0.5000000000000004,0.8660254037844384,-0.433883739117558,-0.9009688679024191,1295.9656640875,229.05369920418434,1699.640673,840.841385,1699.640673,1583.101366,1964.862685,-366.34953100000007,-249.81022400000006,1745.0497,1333.2911419999998
11.7,77,0.84,1310.739841,0,1,84,61,2021-11-19 10:00:00,10,19,11,4,4,0,0.49999999999999994,-0.8660254037844387,-0.5000000000000004,0.8660254037844384,-0.433883739117558,-0.9009688679024191,1288.5436098791668,225.3878949070355,1699.640673,840.841385,1333.291142,1488.869142,2001.58909,-22.551300999999967,-178.12930099999994,1446.78,1310.739841
11.5,67,0.84,1121.017924,0,1,84,61,2021-11-19 11:00:00,11,19,11,4,4,0,0.258819045102521,-0.9659258262890682,-0.5000000000000004,0.8660254037844384,-0.433883739117558,-0.9009688679024191,1273.2164757958333,223.67383129994963,1699.640673,840.841385,1310.739841,1488.869142,1982.098322,-189.72191700000008,-367.851218,1493.8317,1121.017924
11.4,67,0.84,1111.269942,0,1,80,84,2021-11-19 12:00:00,12,19,11,4,4,0,1.2246467991473532e-16,-1.0,-0.5000000000000004,0.8660254037844384,-0.433883739117558,-0.9009688679024191,1255.3689912541668,218.52332661496573,1699.640673,840.841385,1121.017924,1539.609571,1963.574039,-9.747982000000093,-428.33962900000006,1310.4723,1111.269942
11.4,78,0.84,1293.717246,0,1,80,84,2021-11-19 13:00:00,13,19,11,4,4,0,-0.2588190451025208,-0.9659258262890683,-0.5000000000000004,0.8660254037844384,-0.433883739117558,-0.9009688679024191,1248.3853624208332,214.29243493215836,1699.640673,840.841385,1111.269942,1461.324338,1889.476905,182.44730400000003,-167.60709199999997,1296.5599,1293.7172459999997
11.5,77,0.84,1288.334032,0,1,80,84,2021-11-19 14:00:00,14,19,11,4,4,0,-0.4999999999999997,-0.8660254037844388,-0.5000000000000004,0.8660254037844384,-0.433883739117558,-0.9009688679024191,1240.5599568791667,208.97690899286314,1699.640673,840.841385,1293.717246,1476.143765,1815.379772,-5.383213999999953,-187.80973300000005,1402.316,1288.334032
11.5,67,0.84,1121.017924,0,1,78,88,2021-11-19 15:00:00,15,19,11,4,4,0,-0.7071067811865471,-0.7071067811865479,-0.5000000000000004,0.8660254037844384,-0.433883739117558,-0.9009688679024191,1223.6622857125,201.0928160124468,1699.640673,840.841385,1288.334032,1526.562032,1756.424227,-167.31610799999999,-405.54410800000005,1301.3436,1121.017924
11.4,67,0.84,1111.269942,0,1,78,88,2021-11-19 16:00:00,16,19,11,4,4,0,-0.8660254037844385,-0.5000000000000004,-0.5000000000000004,0.8660254037844384,-0.433883739117558,-0.9009688679024191,1206.3584486291666,191.53601216033886,1699.640673,840.841385,1121.017924,1526.562032,1700.368134,-9.747982000000093,-415.29209000000014,1110.237,1111.269942
11.6,79,0.84,1333.291142,0,1,78,88,2021-11-19 17:00:00,17,19,11,4,4,0,-0.9659258262890683,-0.25881904510252063,-0.5000000000000004,0.8660254037844384,-0.433883739117558,-0.9009688679024191,1198.8491423375,182.27937607322716,1699.640673,840.841385,1111.269942,1513.514493,1790.41226,222.02120000000014,-180.22335099999987,975.7042,1333.2911419999998
11.6,61,0.84,1029.503287,0,1,77,88,2021-11-19 18:00:00,18,19,11,4,4,0,-1.0,-1.8369701987210297e-16,-0.5000000000000004,0.8660254037844384,-0.433883739117558,-0.9009688679024191,1194.6625590041667,185.0625404698863,1699.640673,840.841385,1333.291142,1129.981287,1149.633135,-303.78785500000004,-100.47800000000007,943.8387,1029.503287
11.6,59,0.84,995.7490811,0,1,77,88,2021-11-19 19:00:00,19,19,11,4,4,0,-0.9659258262890684,0.2588190451025203,-0.5000000000000004,0.8660254037844384,-0.433883739117558,-0.9009688679024191,1189.069550425,189.08698851880285,1699.640673,840.841385,1029.503287,1129.981287,1130.78669,-33.75420589999999,-134.23220590000005,819.3545,995.7490811
11.6,57,0.84,961.9948749,0,1,77,88,2021-11-19 20:00:00,20,19,11,4,4,0,-0.8660254037844386,0.5000000000000001,-0.5000000000000004,0.8660254037844384,-0.433883739117558,-0.9009688679024191,1185.1574971708333,192.8951856122831,1699.640673,840.841385,995.7490811,1055.884153,1055.400911,-33.7542062,-93.88927809999996,743.3227,961.9948749
11.6,52,0.84,877.6093596,0,1,77,90,2021-11-19 21:00:00,21,19,11,4,4,0,-0.7071067811865477,0.7071067811865474,-0.5000000000000004,0.8660254037844384,-0.433883739117558,-0.9009688679024191,1181.5886064833333,197.90638926127338,1699.640673,840.841385,961.9948749,963.2627361,912.361227,-84.38551530000007,-85.65337650000004,791.22406,877.6093596
11.6,50,0.84,843.8551534,0,1,77,90,2021-11-19 22:00:00,22,19,11,4,4,0,-0.5000000000000004,0.8660254037844384,-0.5000000000000004,0.8660254037844384,-0.433883739117558,-0.9009688679024191,1181.7141801666667,197.6816097176576,1699.640673,840.841385,877.6093596,840.841385,874.3461759,-33.7542062,3.0137684000000036,842.50903,843.8551534
11.6,47,0.84,793.2238442,0,1,77,90,2021-11-19 23:00:00,23,19,11,4,4,0,-0.25881904510252157,0.9659258262890681,-0.5000000000000004,0.8660254037844384,-0.433883739117558,-0.9009688679024191,1179.7301159666665,201.45454069901155,1699.640673,793.2238442,843.8551534,840.841385,855.3386503,-50.63130919999992,-47.617540799999915,955.8239,793.2238442000001
11.6,70,0.86,1209.52572,0,1,80,81,2021-11-20 00:00:00,0,20,11,5,4,1,0.0,1.0,-0.5000000000000004,0.8660254037844384,-0.9749279121818236,-0.2225209339563146,1180.9021370083335,201.5464631802258,1699.640673,793.2238442,793.2238442,1181.397215,1323.245248,416.30187580000006,28.128505000000132,966.5062,1209.52572
11.6,70,0.86,1209.52572,0,1,80,81,2021-11-20 01:00:00,1,20,11,5,4,1,0.25881904510252074,0.9659258262890683,-0.5000000000000004,0.8660254037844384,-0.9749279121818236,-0.2225209339563146,1181.225453175,201.58760759083918,1699.640673,793.2238442,1209.52572,1201.766132,1323.245248,0.0,7.759588000000122,992.3036,1209.52572
11.6,70,0.86,1209.52572,0,1,80,81,2021-11-20 02:00:00,2,20,11,5,4,1,0.49999999999999994,0.8660254037844387,-0.5000000000000004,0.8660254037844384,-0.9749279121818236,-0.2225209339563146,1182.3974742166668,201.67040153666454,1699.640673,793.2238442,1209.52572,1181.397215,1323.245248,0.0,28.128505000000132,1066.0048,1209.52572
11.6,70,0.86,1209.52572,0,1,82,70,2021-11-20 03:00:00,3,20,11,5,4,1,0.7071067811865476,0.7071067811865476,-0.5000000000000004,0.8660254037844384,-0.9749279121818236,-0.2225209339563146,1181.2052459249999,201.41095321509923,1699.640673,793.2238442,1209.52572,1238.139199,1323.245248,0.0,-28.61347899999987,1121.2388,1209.52572
11.6,74,0.86,1278.641475,0,1,82,70,2021-11-20 04:00:00,4,20,11,5,4,1,0.8660254037844386,0.5000000000000001,-0.5000000000000004,0.8660254037844384,-0.9749279121818236,-0.2225209339563146,1182.1956903,201.8469305546603,1699.640673,793.2238442,1209.52572,1254.87081,1430.535403,69.11575499999981,23.770665000000008,1159.1893,1278.641475
11.5,74,0.86,1267.618704,0,1,82,70,2021-11-20 05:00:00,5,20,11,5,4,1,0.9659258262890683,0.25881904510252074,-0.5000000000000004,0.8660254037844384,-0.9749279121818236,-0.2225209339563146,1180.4171628,200.85467566906672,1699.640673,793.2238442,1278.641475,1310.303364,1511.311324,-11.02277099999992,-42.68466000000012,1298.646,1267.618704
11.4,84,0.86,1426.406194,0,1,84,60,2021-11-20 06:00:00,6,20,11,5,4,1,1.0,6.123233995736766e-17,-0.5000000000000004,0.8660254037844384,-0.9749279121818236,-0.2225209339563146,1185.9458689666665,205.87247143606288,1699.640673,793.2238442,1267.618704,1293.717246,1595.478601,158.78748999999993,132.68894799999998,1335.5299,1426.4061939999997
11.4,78,0.86,1324.520037,0,1,84,60,2021-11-20 07:00:00,7,20,11,5,4,1,0.9659258262890683,-0.25881904510252063,-0.5000000000000004,0.8660254037844384,-0.9749279121818236,-0.2225209339563146,1181.700612425,201.70674070410863,1699.640673,793.2238442,1426.406194,1426.406194,1609.352328,-101.88615699999991,-101.88615699999991,1469.689,1324.520037
11.7,74,0.86,1289.664247,0,1,84,60,2021-11-20 08:00:00,8,20,11,5,4,1,0.8660254037844387,-0.4999999999999998,-0.5000000000000004,0.8660254037844384,-0.9749279121818236,-0.2225209339563146,1164.6182613416668,170.9512886942669,1426.406194,793.2238442,1324.520037,1699.640673,1662.997406,-34.85579000000007,-409.9764260000002,1395.491,1289.664247
11.7,76,0.86,1324.520037,0,1,82,60,2021-11-20 09:00:00,9,20,11,5,4,1,0.7071067811865476,-0.7071067811865475,-0.5000000000000004,0.8660254037844384,-0.9749279121818236,-0.2225209339563146,1164.2527986333332,170.58399985123012,1426.406194,793.2238442,1289.664247,1333.291142,1843.664162,34.85579000000007,-8.771105000000034,1317.3683,1324.520037
11.7,74,0.86,1289.664247,0,1,82,60,2021-11-20 10:00:00,10,20,11,5,4,1,0.49999999999999994,-0.8660254037844387,-0.5000000000000004,0.8660254037844384,-0.9749279121818236,-0.2225209339563146,1163.3746488833333,169.8497793311224,1426.406194,793.2238442,1324.520037,1310.739841,1932.301862,-34.85579000000007,-21.075594000000137,1325.9142,1289.664247
11.5,74,0.86,1267.618704,0,1,82,60,2021-11-20 11:00:00,11,20,11,5,4,1,0.258819045102521,-0.9659258262890682,-0.5000000000000004,0.8660254037844384,-0.9749279121818236,-0.2225209339563146,1169.4830147166667,170.89318213201557,1426.406194,793.2238442,1289.664247,1121.017924,679.5043164,-22.045542999999952,146.60078,1257.2352,1267.618704
11.5,74,0.86,1267.618704,0,1,80,78,2021-11-20 12:00:00,12,20,11,5,4,1,1.2246467991473532e-16,-1.0,-0.5000000000000004,0.8660254037844384,-0.9749279121818236,-0.2225209339563146,1175.9975464666668,171.55634716168828,1426.406194,793.2238442,1267.618704,1111.269942,1782.619763,0.0,156.34876200000008,1352.7487,1267.618704
11.5,74,0.86,1267.618704,0,1,80,78,2021-11-20 13:00:00,13,20,11,5,4,1,-0.2588190451025208,-0.9659258262890683,-0.5000000000000004,0.8660254037844384,-0.9749279121818236,-0.2225209339563146,1174.9101072166668,170.85901562325674,1426.406194,793.2238442,1267.618704,1293.717246,1600.719787,0.0,-26.098541999999952,1280.2551,1267.618704
11.5,74,0.86,1267.618704,0,1,80,78,2021-11-20 14:00:00,14,20,11,5,4,1,-0.4999999999999997,-0.8660254037844388,-0.5000000000000004,0.8660254037844384,-0.9749279121818236,-0.2225209339563146,1174.04696855,170.31256317849972,1426.406194,793.2238442,1267.618704,1288.334032,1478.939295,0.0,-20.715328,1212.4674,1267.618704
11.5,74,0.86,1267.618704,0,1,78,86,2021-11-20 15:00:00,15,20,11,5,4,1,-0.7071067811865471,-0.7071067811865479,-0.5000000000000004,0.8660254037844384,-0.9749279121818236,-0.2225209339563146,1180.1553343833332,170.95570109794227,1426.406194,793.2238442,1267.618704,1121.017924,1515.010985,0.0,146.60078,1152.8535,1267.618704
11.7,74,0.86,1289.664247,0,1,78,86,2021-11-20 16:00:00,16,20,11,5,4,1,-0.8660254037844385,-0.5000000000000004,-0.5000000000000004,0.8660254037844384,-0.9749279121818236,-0.2225209339563146,1187.588430425,171.70697646404733,1426.406194,793.2238442,1267.618704,1111.269942,1370.724225,22.045542999999952,178.39430500000003,1077.8975,1289.664247
11.8,67,0.86,1177.649057,0,1,78,86,2021-11-20 17:00:00,17,20,11,5,4,1,-0.9659258262890683,-0.25881904510252063,-0.5000000000000004,0.8660254037844384,-0.9749279121818236,-0.2225209339563146,1181.1033435499999,168.8806796642705,1426.406194,793.2238442,1289.664247,1333.291142,1437.009809,-112.01518999999985,-155.64208499999995,994.7726,1177.649057
11.5,62,0.86,1062.058914,0,1,78,86,2021-11-20 18:00:00,18,20,11,5,4,1,-1.0,-1.8369701987210297e-16,-0.5000000000000004,0.8660254037844384,-0.9749279121818236,-0.2225209339563146,1182.4598280083333,167.73692770004868,1426.406194,793.2238442,1177.649057,1029.503287,1118.222394,-115.59014300000013,32.55562699999996,860.8624,1062.058914
11.6,59,0.86,1019.457393,0,1,76,93,2021-11-20 19:00:00,19,20,11,5,4,1,-0.9659258262890684,0.2588190451025203,-0.5000000000000004,0.8660254037844384,-0.9749279121818236,-0.2225209339563146,1183.4476743375,166.65585989599336,1426.406194,793.2238442,1062.058914,995.7490811,1118.222394,-42.601520999999934,23.708311900000012,802.55054,1019.4573929999999
11.6,57,0.86,984.8995148,0,1,76,93,2021-11-20 20:00:00,20,20,11,5,4,1,-0.8660254037844386,0.5000000000000001,-0.5000000000000004,0.8660254037844384,-0.9749279121818236,-0.2225209339563146,1184.4020343333334,165.39336636603545,1426.406194,793.2238442,1019.457393,961.9948749,937.8639431,-34.557878200000005,22.904639900000006,793.76056,984.8995148000001
11.6,54,0.86,933.0626982,0,1,76,93,2021-11-20 21:00:00,21,20,11,5,4,1,-0.7071067811865477,0.7071067811865474,-0.5000000000000004,0.8660254037844384,-0.9749279121818236,-0.2225209339563146,1186.7125901083334,161.2567219033901,1426.406194,793.2238442,984.8995148,877.6093596,927.6898766,-51.83681660000002,55.45333860000005,804.4066,933.0626982000001
11.6,49,0.86,846.668004,0,1,76,93,2021-11-20 22:00:00,22,20,11,5,4,1,-0.5000000000000004,0.8660254037844384,-0.5000000000000004,0.8660254037844384,-0.9749279121818236,-0.2225209339563146,1186.8297922166666,160.99751108270422,1426.406194,793.2238442,933.0626982,843.8551534,836.7398887,-86.3946942,2.812850600000047,875.85205,846.668004
11.7,47,0.86,819.1110756,0,1,76,93,2021-11-20 23:00:00,23,20,11,5,4,1,-0.25881904510252157,0.9659258262890681,-0.5000000000000004,0.8660254037844384,-0.9749279121818236,-0.2225209339563146,1187.9084268583333,158.31010522726126,1426.406194,819.1110756,846.668004,793.2238442,800.3598936,-27.556928399999947,25.88723140000002,987.6087,819.1110756
11.6,77,0.87,1345.94897,1,1,80,83,2021-11-21 00:00:00,0,21,11,6,4,1,0.0,1.0,-0.5000000000000004,0.8660254037844384,-0.7818314824680299,0.6234898018587334,1193.5927289416666,161.53638593236636,1426.406194,819.1110756,819.1110756,1209.52572,1085.798403,526.8378943999999,136.42324999999983,1113.5006,1345.9489699999997
11.6,77,0.87,1345.94897,1,1,80,83,2021-11-21 01:00:00,1,21,11,6,4,1,0.25881904510252074,0.9659258262890683,-0.5000000000000004,0.8660254037844384,-0.7818314824680299,0.6234898018587334,1199.277031025,164.49463907786972,1426.406194,819.1110756,1345.94897,1209.52572,1085.798403,0.0,136.42324999999983,1051.0494,1345.9489699999997
11.6,77,0.87,1345.94897,1,1,80,83,2021-11-21 02:00:00,2,21,11,6,4,1,0.49999999999999994,0.8660254037844387,-0.5000000000000004,0.8660254037844384,-0.7818314824680299,0.6234898018587334,1204.9613331083333,167.19909190205306,1426.406194,819.1110756,1345.94897,1209.52572,1076.518074,0.0,136.42324999999983,1145.67,1345.9489699999997
11.6,77,0.87,1345.94897,1,1,88,53,2021-11-21 03:00:00,3,21,11,6,4,1,0.7071067811865476,0.7071067811865476,-0.5000000000000004,0.8660254037844384,-0.7818314824680299,0.6234898018587334,1210.6456351916668,169.66188176083656,1426.406194,819.1110756,1345.94897,1209.52572,1095.404356,0.0,136.42324999999983,1243.2815,1345.9489699999997
11.6,77,0.87,1345.94897,1,1,88,53,2021-11-21 04:00:00,4,21,11,6,4,1,0.8660254037844386,0.5000000000000001,-0.5000000000000004,0.8660254037844384,-0.7818314824680299,0.6234898018587334,1213.45011415,171.38227554670001,1426.406194,819.1110756,1345.94897,1278.641475,1095.404356,0.0,67.30749500000002,1355.4867,1345.9489699999997
11.5,82,0.87,1420.991803,1,1,88,53,2021-11-21 05:00:00,5,21,11,6,4,1,0.9659258262890683,0.25881904510252074,-0.5000000000000004,0.8660254037844384,-0.7818314824680299,0.6234898018587334,1219.8406599416667,176.2794864903578,1426.406194,819.1110756,1345.94897,1267.618704,1246.494612,75.04283299999997,153.3730989999999,1415.6724,1420.9918029999997
11.5,82,0.87,1420.991803,1,1,88,50,2021-11-21 06:00:00,6,21,11,6,4,1,1.0,6.123233995736766e-17,-0.5000000000000004,0.8660254037844384,-0.7818314824680299,0.6234898018587334,1219.6150603166668,176.00688724497317,1420.991803,819.1110756,1420.991803,1426.406194,1605.33397,0.0,-5.414391000000023,1452.1715,1420.9918029999997
11.4,82,0.87,1408.635353,1,1,88,50,2021-11-21 07:00:00,7,21,11,6,4,1,0.9659258262890683,-0.25881904510252063,-0.5000000000000004,0.8660254037844384,-0.7818314824680299,0.6234898018587334,1223.11986515,178.99873322036277,1420.991803,819.1110756,1420.991803,1324.520037,1657.271246,-12.356449999999995,84.1153159999999,1426.0197,1408.6353529999997
11.6,88,0.87,1538.227394,1,1,88,50,2021-11-21 08:00:00,8,21,11,6,4,1,0.8660254037844387,-0.4999999999999998,-0.5000000000000004,0.8660254037844384,-0.7818314824680299,0.6234898018587334,1233.4766629416665,189.87671642222622,1538.227394,819.1110756,1408.635353,1289.664247,1923.958573,129.5920410000001,248.56314700000007,1404.1866,1538.227394
11.6,89,0.87,1555.707251,1,1,84,65,2021-11-21 09:00:00,9,21,11,6,4,1,0.7071067811865476,-0.7071067811865475,-0.5000000000000004,0.8660254037844384,-0.7818314824680299,0.6234898018587334,1243.109463525,200.27584528368817,1555.707251,819.1110756,1538.227394,1324.520037,1888.628201,17.479857000000038,231.18721400000004,1499.8438,1555.707251
11.7,93,0.87,1639.640701,1,1,84,65,2021-11-21 10:00:00,10,21,11,6,4,1,0.49999999999999994,-0.8660254037844387,-0.5000000000000004,0.8660254037844384,-0.7818314824680299,0.6234898018587334,1257.691815775,215.94138910843157,1639.640701,819.1110756,1555.707251,1289.664247,2020.832175,83.93345,349.9764540000001,1535.3496,1639.640701
11.7,93,0.87,1639.640701,1,1,84,65,2021-11-21 11:00:00,11,21,11,6,4,1,0.258819045102521,-0.9659258262890682,-0.5000000000000004,0.8660254037844384,-0.7818314824680299,0.6234898018587334,1273.1927323166667,229.60509075172143,1639.640701,819.1110756,1639.640701,1267.618704,2020.832175,0.0,372.02199700000006,1557.135,1639.640701
11.7,88,0.87,1551.487975,1,1,80,82,2021-11-21 12:00:00,12,21,11,6,4,1,1.2246467991473532e-16,-1.0,-0.5000000000000004,0.8660254037844384,-0.7818314824680299,0.6234898018587334,1285.0206186083333,236.51317142556002,1639.640701,819.1110756,1639.640701,1267.618704,1983.059611,-88.15272600000003,283.869271,1601.2808,1551.487975
11.8,86,0.87,1529.186089,1,1,80,82,2021-11-21 13:00:00,13,21,11,6,4,1,-0.2588190451025208,-0.9659258262890683,-0.5000000000000004,0.8660254037844384,-0.7818314824680299,0.6234898018587334,1295.91925965,241.64726963355352,1639.640701,819.1110756,1551.487975,1267.618704,1983.059611,-22.301885999999968,261.56738500000006,1540.6006,1529.186089
11.8,84,0.87,1493.623622,1,1,80,82,2021-11-21 14:00:00,14,21,11,6,4,1,-0.4999999999999997,-0.8660254037844388,-0.5000000000000004,0.8660254037844384,-0.7818314824680299,0.6234898018587334,1305.3361312333334,244.87850593119708,1639.640701,819.1110756,1529.186089,1267.618704,1983.059611,-35.56246699999997,226.0049180000001,1478.6235,1493.623622
11.8,84,0.87,1493.623622,1,1,80,85,2021-11-21 15:00:00,15,21,11,6,4,1,-0.7071067811865471,-0.7071067811865479,-0.5000000000000004,0.8660254037844384,-0.7818314824680299,0.6234898018587334,1314.7530028166668,247.69436083128994,1639.640701,819.1110756,1493.623622,1267.618704,2153.036149,0.0,226.0049180000001,1386.9052,1493.623622
11.7,86,0.87,1516.226885,1,1,80,85,2021-11-21 16:00:00,16,21,11,6,4,1,-0.8660254037844385,-0.5000000000000004,-0.5000000000000004,0.8660254037844384,-0.7818314824680299,0.6234898018587334,1324.1931127333335,250.99202483806332,1639.640701,819.1110756,1493.623622,1289.664247,1983.059611,22.60326299999997,226.5626380000001,1282.6868,1516.226885
11.4,89,0.87,1528.884712,1,1,80,85,2021-11-21 17:00:00,17,21,11,6,4,1,-0.9659258262890683,-0.25881904510252063,-0.5000000000000004,0.8660254037844384,-0.7818314824680299,0.6234898018587334,1338.8279316916667,252.31227550830266,1639.640701,819.1110756,1516.226885,1177.649057,2228.581277,12.657826999999997,351.23565499999995,1071.0459,1528.8847120000003
11.5,75,0.87,1299.687625,1,1,77,90,2021-11-21 18:00:00,18,21,11,6,4,1,-1.0,-1.8369701987210297e-16,-0.5000000000000004,0.8660254037844384,-0.7818314824680299,0.6234898018587334,1348.7291279833332,245.55104016510938,1639.640701,819.1110756,1528.884712,1062.058914,1161.994782,-229.197087,237.62871100000007,1076.2549,1299.687625
11.6,75,0.87,1310.989256,1,1,77,90,2021-11-21 19:00:00,19,21,11,6,4,1,-0.9659258262890684,0.2588190451025203,-0.5000000000000004,0.8660254037844384,-0.7818314824680299,0.6234898018587334,1360.8762889416666,235.56180251695818,1639.640701,819.1110756,1299.687625,1019.457393,1142.945687,11.301631000000043,291.53186300000004,1017.75574,1310.9892559999998
11.6,74,0.87,1293.509399,1,1,77,90,2021-11-21 20:00:00,20,21,11,6,4,1,-0.8660254037844386,0.5000000000000001,-0.5000000000000004,0.8660254037844384,-0.7818314824680299,0.6234898018587334,1373.7350341166666,222.1893798408002,1639.640701,819.1110756,1310.989256,984.8995148,1047.700213,-17.479857000000038,308.6098842,994.0486,1293.5093989999998
11.6,79,0.87,1380.908683,1,1,77,90,2021-11-21 21:00:00,21,21,11,6,4,1,-0.7071067811865477,0.7071067811865474,-0.5000000000000004,0.8660254037844384,-0.7818314824680299,0.6234898018587334,1392.3952834833335,201.40476308696984,1639.640701,819.1110756,1293.509399,933.0626982,952.4547391,87.39928400000008,447.8459848000001,1013.8009,1380.9086829999999
11.6,71,0.87,1241.069829,1,1,77,90,2021-11-21 22:00:00,22,21,11,6,4,1,-0.5000000000000004,0.8660254037844384,-0.5000000000000004,0.8660254037844384,-0.7818314824680299,0.6234898018587334,1408.8286928583336,168.31246441980366,1639.640701,819.1110756,1380.908683,846.668004,838.1601704,-139.83885400000008,394.40182500000003,1120.3594,1241.0698289999998
11.8,70,0.87,1244.686351,1,1,77,90,2021-11-21 23:00:00,23,21,11,6,4,1,-0.25881904510252157,0.9659258262890681,-0.5000000000000004,0.8660254037844384,-0.7818314824680299,0.6234898018587334,1426.560996,118.54156877055819,1639.640701,1241.069829,1241.069829,819.1110756,838.1601704,3.6165220000000318,425.5752754,1150.6265,1244.686351
11.5,70,0.93,1296.699837,0,1,78,91,2021-11-22 00:00:00,0,22,11,0,4,0,0.0,1.0,-0.5000000000000004,0.8660254037844384,0.0,1.0,1424.5089487916666,120.40925528607188,1639.640701,1241.069829,1244.686351,1345.94897,1631.051461,52.01348599999983,-49.24913300000003,1548.2843,1296.699837
11.5,70,0.93,1296.699837,0,1,78,91,2021-11-22 01:00:00,1,22,11,0,4,0,0.25881904510252074,0.9659258262890683,-0.5000000000000004,0.8660254037844384,0.0,1.0,1422.4569015833333,122.21246266234924,1639.640701,1241.069829,1296.699837,1345.94897,1631.051461,0.0,-49.24913300000003,1119.4246,1296.699837
11.5,70,0.93,1296.699837,0,1,78,91,2021-11-22 02:00:00,2,22,11,0,4,0,0.49999999999999994,0.8660254037844387,-0.5000000000000004,0.8660254037844384,0.0,1.0,1420.4048543750002,123.95400494108287,1639.640701,1241.069829,1296.699837,1345.94897,1332.688389,0.0,-49.24913300000003,1184.6029,1296.699837
11.5,70,0.93,1296.699837,0,1,84,73,2021-11-22 03:00:00,3,22,11,0,4,0,0.7071067811865476,0.7071067811865476,-0.5000000000000004,0.8660254037844384,0.0,1.0,1418.3528071666667,125.63644650880616,1639.640701,1241.069829,1296.699837,1345.94897,1332.688389,0.0,-49.24913300000003,1250.4,1296.699837
11.4,70,0.93,1285.424186,0,1,84,73,2021-11-22 04:00:00,4,22,11,0,4,0,0.8660254037844386,0.5000000000000001,-0.5000000000000004,0.8660254037844384,0.0,1.0,1415.8309411666667,127.74276992986812,1639.640701,1241.069829,1296.699837,1345.94897,1332.688389,-11.275650999999925,-60.524783999999954,1338.4988,1285.424186
11.4,71,0.93,1303.787389,0,1,84,73,2021-11-22 05:00:00,5,22,11,0,4,0,0.9659258262890683,0.25881904510252074,-0.5000000000000004,0.8660254037844384,0.0,1.0,1410.9474239166666,129.76126984731005,1639.640701,1241.069829,1285.424186,1420.991803,1340.919094,18.363203000000112,-117.20441399999982,1433.2928,1303.787389
11.6,72,0.93,1345.346216,0,1,89,56,2021-11-22 06:00:00,6,22,11,0,4,0,1.0,6.123233995736766e-17,-0.5000000000000004,0.8660254037844384,0.0,1.0,1407.7955244583334,130.4237085257714,1639.640701,1241.069829,1303.787389,1420.991803,1971.939844,41.55882699999984,-75.64558699999998,1499.5548,1345.3462159999997
11.6,94,0.93,1756.424227,0,1,89,56,2021-11-22 07:00:00,7,22,11,0,4,0,0.9659258262890683,-0.25881904510252063,-0.5000000000000004,0.8660254037844384,0.0,1.0,1422.2867275416668,148.57867098813335,1756.424227,1241.069829,1345.346216,1408.635353,2031.09804,411.07801100000006,347.7888740000001,1566.8751,1756.4242269999997
11.6,96,0.93,1793.794955,0,1,89,56,2021-11-22 08:00:00,8,22,11,0,4,0,0.8660254037844387,-0.4999999999999998,-0.5000000000000004,0.8660254037844384,0.0,1.0,1432.9353759166668,165.4498439311131,1793.794955,1241.069829,1756.424227,1538.227394,1538.113079,37.3707280000001,255.56756100000007,1828.7852,1793.7949550000003
11.6,84,0.93,1569.570585,0,1,85,60,2021-11-22 09:00:00,9,22,11,0,4,0,0.7071067811865476,-0.7071067811865475,-0.5000000000000004,0.8660254037844384,0.0,1.0,1433.5130148333335,165.92064745005143,1793.794955,1241.069829,1793.794955,1555.707251,1971.939844,-224.22437000000014,13.863333999999895,1826.8193,1569.570585
11.6,74,0.93,1382.716944,0,1,85,60,2021-11-22 10:00:00,10,22,11,0,4,0,0.49999999999999994,-0.8660254037844387,-0.5000000000000004,0.8660254037844384,0.0,1.0,1422.8078582916667,160.2339888935991,1793.794955,1241.069829,1569.570585,1639.640701,2148.214119,-186.85364099999993,-256.923757,1715.7946,1382.716944
11.6,70,0.93,1307.975488,0,1,85,60,2021-11-22 11:00:00,11,22,11,0,4,0,0.258819045102521,-0.9659258262890682,-0.5000000000000004,0.8660254037844384,0.0,1.0,1408.9884744166666,154.93476891326264,1793.794955,1241.069829,1382.716944,1639.640701,1949.305404,-74.74145599999997,-331.665213,1624.8176,1307.975488
11.6,68,0.93,1270.60476,0,1,80,82,2021-11-22 12:00:00,12,22,11,0,4,0,1.2246467991473532e-16,-1.0,-0.5000000000000004,0.8660254037844384,0.0,1.0,1397.2850071249998,154.31005454130974,1793.794955,1241.069829,1307.975488,1551.487975,1949.305404,-37.3707280000001,-280.88321500000006,1603.2086,1270.60476
11.6,68,0.93,1270.60476,0,1,80,82,2021-11-22 13:00:00,13,22,11,0,4,0,-0.2588190451025208,-0.9659258262890683,-0.5000000000000004,0.8660254037844384,0.0,1.0,1386.5107850833335,153.72626920514435,1793.794955,1241.069829,1270.60476,1529.186089,1810.069304,0.0,-258.5813290000001,1602.6339,1270.60476
11.6,70,0.93,1307.975488,0,1,80,82,2021-11-22 14:00:00,14,22,11,0,4,0,-0.4999999999999997,-0.8660254037844388,-0.5000000000000004,0.8660254037844384,0.0,1.0,1378.7754461666666,152.76996008858256,1793.794955,1241.069829,1270.60476,1493.623622,1730.505818,37.3707280000001,-185.64813400000003,1574.6602,1307.975488
11.4,76,0.93,1395.603402,0,1,79,90,2021-11-22 15:00:00,15,22,11,0,4,0,-0.7071067811865471,-0.7071067811865479,-0.5000000000000004,0.8660254037844384,0.0,1.0,1374.6912703333335,150.8644570203919,1793.794955,1241.069829,1307.975488,1493.623622,1745.423972,87.62791399999992,-98.02022000000011,1529.1981,1395.603402
11.4,76,0.93,1395.603402,0,1,79,90,2021-11-22 16:00:00,16,22,11,0,4,0,-0.8660254037844385,-0.5000000000000004,-0.5000000000000004,0.8660254037844384,0.0,1.0,1369.6652918749999,147.92487473772877,1793.794955,1241.069829,1395.603402,1516.226885,1670.833204,0.0,-120.62348300000008,1469.5778,1395.603402
11.5,84,0.93,1556.039805,0,1,79,90,2021-11-22 17:00:00,17,22,11,0,4,0,-0.9659258262890683,-0.25881904510252063,-0.5000000000000004,0.8660254037844384,0.0,1.0,1370.7967540833333,149.29320253871592,1793.794955,1241.069829,1395.603402,1528.884712,1459.235485,160.43640299999993,27.15509299999985,1345.7708,1556.039805
11.5,63,0.93,1167.029853,0,1,77,88,2021-11-22 18:00:00,18,22,11,0,4,0,-1.0,-1.8369701987210297e-16,-0.5000000000000004,0.8660254037844384,0.0,1.0,1365.2693469166668,154.40851740369544,1793.794955,1167.029853,1556.039805,1299.687625,1243.865359,-389.0099519999999,-132.65777200000002,1264.1381,1167.029853
11.6,60,0.93,1121.121847,0,1,77,88,2021-11-22 19:00:00,19,22,11,0,4,0,-0.9659258262890684,0.2588190451025203,-0.5000000000000004,0.8660254037844384,0.0,1.0,1357.358204875,161.98837600279475,1793.794955,1121.121847,1167.029853,1310.989256,1243.865359,-45.908006000000114,-189.86740900000018,1069.7816,1121.121847
11.6,58,0.93,1083.751118,0,1,77,88,2021-11-22 20:00:00,20,22,11,0,4,0,-0.8660254037844386,0.5000000000000001,-0.5000000000000004,0.8660254037844384,0.0,1.0,1348.6182765,170.99151729596866,1793.794955,1083.751118,1121.121847,1293.509399,1083.366603,-37.37072899999998,-209.75828100000012,1015.7477,1083.751118
11.6,55,0.93,1027.695026,0,1,77,91,2021-11-22 21:00:00,21,22,11,0,4,0,-0.7071067811865477,0.7071067811865474,-0.5000000000000004,0.8660254037844384,0.0,1.0,1333.9010407916667,182.8787921737243,1793.794955,1027.695026,1083.751118,1380.908683,1043.241914,-56.05609199999981,-353.213657,993.43945,1027.695026
11.6,50,0.93,934.2682056,0,1,77,91,2021-11-22 22:00:00,22,22,11,0,4,0,-0.5000000000000004,0.8660254037844384,-0.5000000000000004,0.8660254037844384,0.0,1.0,1321.1176398166665,199.60763810079416,1793.794955,934.2682056,1027.695026,1241.069829,971.2232416,-93.42682040000011,-306.80162340000004,953.5988,934.2682056000001
11.7,46,0.93,866.9364625,0,1,77,91,2021-11-22 23:00:00,23,22,11,0,4,0,-0.25881904510252157,0.9659258262890681,-0.5000000000000004,0.8660254037844384,0.0,1.0,1305.3780611291666,219.7713225696621,1793.794955,866.9364625,934.2682056,1244.686351,930.7556066,-67.33174310000004,-377.7498885000001,898.97437,866.9364624999998
11.6,70,0.94,1322.03974,0,1,79,90,2021-11-23 00:00:00,0,23,11,1,4,0,0.0,1.0,-0.5000000000000004,0.8660254037844384,0.7818314824680298,0.6234898018587336,1306.4338904208332,219.78868631219672,1793.794955,866.9364625,866.9364625,1296.699837,686.5780119,455.1032775,25.33990300000005,869.469,1322.0397399999997
11.6,70,0.94,1322.03974,0,1,79,90,2021-11-23 01:00:00,1,23,11,1,4,0,0.25881904510252074,0.9659258262890683,-0.5000000000000004,0.8660254037844384,0.7818314824680298,0.6234898018587336,1307.4897197125,219.80075648113288,1793.794955,866.9364625,1322.03974,1296.699837,686.5780119,0.0,25.33990300000005,844.7009,1322.0397399999997
11.5,70,0.94,1310.642846,0,1,79,90,2021-11-23 02:00:00,2,23,11,1,4,0,0.49999999999999994,0.8660254037844387,-0.5000000000000004,0.8660254037844384,0.7818314824680298,0.6234898018587336,1308.0706784208332,219.78942382342245,1793.794955,866.9364625,1322.03974,1296.699837,686.5780119,-11.396893999999975,13.943009000000075,884.47595,1310.6428459999997
11.5,70,0.94,1310.642846,0,1,79,88,2021-11-23 03:00:00,3,23,11,1,4,0,0.7071067811865476,0.7071067811865476,-0.5000000000000004,0.8660254037844384,0.7818314824680298,0.6234898018587336,1308.6516371291666,219.7764881068625,1793.794955,866.9364625,1310.642846,1296.699837,686.5780119,0.0,13.943009000000075,931.73645,1310.6428459999997
11.5,68,0.94,1273.195908,0,1,79,88,2021-11-23 04:00:00,4,23,11,1,4,0,0.8660254037844386,0.5000000000000001,-0.5000000000000004,0.8660254037844384,0.7818314824680298,0.6234898018587336,1308.1421255458333,219.84684119892202,1793.794955,866.9364625,1310.642846,1285.424186,959.1820244,-37.446938000000046,-12.228278000000046,1005.0864,1273.195908
11.4,79,0.94,1466.29186,0,1,79,88,2021-11-23 05:00:00,5,23,11,1,4,0,0.9659258262890683,0.25881904510252074,-0.5000000000000004,0.8660254037844384,0.7818314824680298,0.6234898018587336,1314.9131451708333,222.1968013577897,1793.794955,866.9364625,1273.195908,1303.787389,1082.947447,193.09595200000012,162.50447099999997,1089.4186,1466.2918599999998
11.5,87,0.94,1628.941823,0,1,83,59,2021-11-23 06:00:00,6,23,11,1,4,0,1.0,6.123233995736766e-17,-0.5000000000000004,0.8660254037844384,0.7818314824680298,0.6234898018587336,1326.7296287958334,231.2423312125711,1793.794955,866.9364625,1466.29186,1345.346216,1134.960933,162.64996300000007,283.5956070000002,1232.284,1628.941823
11.5,87,0.94,1628.941823,0,1,83,59,2021-11-23 07:00:00,7,23,11,1,4,0,0.9659258262890683,-0.25881904510252063,-0.5000000000000004,0.8660254037844384,0.7818314824680298,0.6234898018587336,1321.4178619625,222.231466476306,1793.794955,866.9364625,1628.941823,1756.424227,1104.286313,0.0,-127.48240399999986,1391.7029,1628.941823
11.6,81,0.94,1529.788842,0,1,83,59,2021-11-23 08:00:00,8,23,11,1,4,0,0.8660254037844387,-0.4999999999999998,-0.5000000000000004,0.8660254037844384,0.7818314824680298,0.6234898018587336,1310.4176072541666,203.5843144133454,1628.941823,866.9364625,1628.941823,1793.794955,1094.683823,-99.15298100000018,-264.00611300000014,1358.7114,1529.788842
11.6,80,0.94,1510.90256,0,1,83,67,2021-11-23 09:00:00,9,23,11,1,4,0,0.7071067811865476,-0.7071067811865475,-0.5000000000000004,0.8660254037844384,0.7818314824680298,0.6234898018587336,1307.9731062125,200.66863417771438,1628.941823,866.9364625,1529.788842,1569.570585,1094.683823,-18.886281999999937,-58.66802499999994,1337.2388,1510.9025599999998
11.5,105,0.94,1965.964269,0,1,83,67,2021-11-23 10:00:00,10,23,11,1,4,0,0.49999999999999994,-0.8660254037844387,-0.5000000000000004,0.8660254037844384,0.7818314824680298,0.6234898018587336,1332.2750780875,241.31464090199515,1965.964269,866.9364625,1510.90256,1382.716944,1064.275939,455.06170900000006,583.247325,1448.0077,1965.9642689999998
11.5,105,0.94,1965.964269,0,1,83,67,2021-11-23 11:00:00,11,23,11,1,4,0,0.258819045102521,-0.9659258262890682,-0.5000000000000004,0.8660254037844384,0.7818314824680298,0.6234898018587336,1359.6912772958333,273.64570517672337,1965.964269,866.9364625,1965.964269,1307.975488,1033.868055,0.0,657.988781,1732.1097,1965.9642689999998
11.5,105,0.94,1965.964269,0,1,79,90,2021-11-23 12:00:00,12,23,11,1,4,0,1.2246467991473532e-16,-1.0,-0.5000000000000004,0.8660254037844384,0.7818314824680298,0.6234898018587336,1388.6645901708334,299.4029580326033,1965.964269,866.9364625,1965.964269,1270.60476,1012.262453,0.0,695.3595090000001,1908.4722,1965.9642689999998
11.6,105,0.94,1983.059611,0,1,79,90,2021-11-23 13:00:00,13,23,11,1,4,0,-0.2588190451025208,-0.9659258262890683,-0.5000000000000004,0.8660254037844384,0.7818314824680298,0.6234898018587336,1418.3502089625,321.67947006317985,1983.059611,866.9364625,1965.964269,1270.60476,1042.937073,17.095341999999846,712.454851,1948.1649,1983.059611
11.6,105,0.94,1983.059611,0,1,79,90,2021-11-23 14:00:00,14,23,11,1,4,0,-0.4999999999999997,-0.8660254037844388,-0.5000000000000004,0.8660254037844384,0.7818314824680298,0.6234898018587336,1446.4787140874998,340.56932487740187,1983.059611,866.9364625,1983.059611,1307.975488,1101.618955,0.0,675.0841229999999,1975.9922,1983.059611
11.5,107,0.94,2003.411208,0,1,77,90,2021-11-23 15:00:00,15,23,11,1,4,0,-0.7071067811865471,-0.7071067811865479,-0.5000000000000004,0.8660254037844384,0.7818314824680298,0.6234898018587336,1471.8040393375002,358.73596146508925,2003.411208,866.9364625,1983.059611,1395.603402,1012.262453,20.351597000000083,607.807806,1945.5065,2003.411208
11.5,107,0.94,2003.411208,0,1,77,90,2021-11-23 16:00:00,16,23,11,1,4,0,-0.8660254037844385,-0.5000000000000004,-0.5000000000000004,0.8660254037844384,0.7818314824680298,0.6234898018587336,1497.1293645875,374.24189953051354,2003.411208,866.9364625,2003.411208,1395.603402,1319.008651,0.0,607.807806,1828.209,2003.411208
11.6,95,0.94,1794.196791,0,1,77,90,2021-11-23 17:00:00,17,23,11,1,4,0,-0.9659258262890683,-0.25881904510252063,-0.5000000000000004,0.8660254037844384,0.7818314824680298,0.6234898018587336,1507.0525723375001,378.99904324608616,2003.411208,866.9364625,2003.411208,1556.039805,1392.361003,-209.2144169999999,238.1569860000002,1494.235,1794.196791
11.6,63,0.94,1189.835766,0,1,79,90,2021-11-23 18:00:00,18,23,11,1,4,0,-1.0,-1.8369701987210297e-16,-0.5000000000000004,0.8660254037844384,0.7818314824680298,0.6234898018587336,1508.0028187125,378.1370640213883,2003.411208,866.9364625,1794.196791,1167.029853,959.1820244,-604.3610250000002,22.80591299999992,1173.8196,1189.8357659999997
11.6,60,0.94,1133.17692,0,1,79,90,2021-11-23 19:00:00,19,23,11,1,4,0,-0.9659258262890684,0.2588190451025203,-0.5000000000000004,0.8660254037844384,0.7818314824680298,0.6234898018587336,1508.5051134208331,377.6084476629373,2003.411208,866.9364625,1189.835766,1121.121847,943.7113466,-56.65884599999981,12.05507300000022,1039.9138,1133.17692
11.6,57,0.94,1076.518074,0,1,79,90,2021-11-23 20:00:00,20,23,11,1,4,0,-0.8660254037844386,0.5000000000000001,-0.5000000000000004,0.8660254037844384,0.7818314824680298,0.6234898018587336,1508.2037365875,377.9649097985285,2003.411208,866.9364625,1133.17692,1083.751118,912.769991,-56.65884600000004,-7.233043999999836,941.7472,1076.518074
11.6,55,0.94,1038.74551,0,1,75,93,2021-11-23 21:00:00,21,23,11,1,4,0,-0.7071067811865477,0.7071067811865474,-0.5000000000000004,0.8660254037844384,0.7818314824680298,0.6234898018587336,1508.6641734208333,377.36035121604243,2003.411208,866.9364625,1076.518074,1027.695026,873.8265606,-37.7725640000001,11.05048399999987,938.06055,1038.74551
11.6,51,0.94,963.2003823,0,1,75,93,2021-11-23 22:00:00,22,23,11,1,4,0,-0.5000000000000004,0.8660254037844384,-0.5000000000000004,0.8660254037844384,0.7818314824680298,0.6234898018587336,1509.8696807833333,375.4871814537944,2003.411208,866.9364625,1038.74551,934.2682056,811.4103777,-75.54512769999997,28.932176700000014,935.28265,963.2003823
11.6,46,0.94,868.7689723,0,1,75,93,2021-11-23 23:00:00,23,23,11,1,4,0,-0.25881904510252157,0.9659258262890681,-0.5000000000000004,0.8660254037844384,0.7818314824680298,0.6234898018587336,1509.9460353583336,375.35091953807466,2003.411208,868.7689723,963.2003823,866.9364625,733.3901491,-94.43141000000003,1.8325098000000253,956.8787,868.7689723
11.6,82,0.94,1548.675124,0,1,77,90,2021-11-24 00:00:00,0,24,11,2,4,0,0.0,1.0,-0.5000000000000004,0.8660254037844384,0.9749279121818236,-0.22252093395631434,1519.3891763583335,373.2630620878068,2003.411208,868.7689723,868.7689723,1322.03974,1240.21766,679.9061517000001,226.63538400000016,964.6058,1548.675124
11.6,82,0.94,1548.675124,0,1,77,90,2021-11-24 01:00:00,1,24,11,2,4,0,0.25881904510252074,0.9659258262890683,-0.5000000000000004,0.8660254037844384,0.9749279121818236,-0.22252093395631434,1528.8323173583333,370.91267739200526,2003.411208,868.7689723,1548.675124,1322.03974,1240.21766,0.0,226.63538400000016,1038.5415,1548.675124
11.6,82,0.94,1548.675124,0,1,77,90,2021-11-24 02:00:00,2,24,11,2,4,0,0.49999999999999994,0.8660254037844387,-0.5000000000000004,0.8660254037844384,0.9749279121818236,-0.22252093395631434,1538.7503289416666,367.99570014181046,2003.411208,868.7689723,1548.675124,1310.642846,1240.21766,0.0,238.03227800000013,1065.5879,1548.675124
11.6,82,0.94,1548.675124,0,1,84,64,2021-11-24 03:00:00,3,24,11,2,4,0,0.7071067811865476,0.7071067811865476,-0.5000000000000004,0.8660254037844384,0.9749279121818236,-0.22252093395631434,1548.6683405249998,364.7741340061392,2003.411208,868.7689723,1548.675124,1310.642846,1240.21766,0.0,238.03227800000013,1118.3928,1548.675124
11.5,82,0.94,1535.324477,0,1,84,64,2021-11-24 04:00:00,4,24,11,2,4,0,0.8660254037844386,0.5000000000000001,-0.5000000000000004,0.8660254037844384,0.9749279121818236,-0.22252093395631434,1559.5903642333333,360.0612210314798,2003.411208,868.7689723,1548.675124,1273.195908,1229.617509,-13.350647000000208,262.12856899999997,1230.4583,1535.324477
11.5,85,0.94,1591.494885,0,1,84,64,2021-11-24 05:00:00,5,24,11,2,4,0,0.9659258262890683,0.25881904510252074,-0.5000000000000004,0.8660254037844384,0.9749279121818236,-0.22252093395631434,1564.8071569416668,359.55733870673083,2003.411208,868.7689723,1535.324477,1466.29186,1286.740545,56.17040800000018,125.20302500000003,1377.7776,1591.494885
11.5,74,0.94,1385.536723,0,1,87,42,2021-11-24 06:00:00,6,24,11,2,4,0,1.0,6.123233995736766e-17,-0.5000000000000004,0.8660254037844384,0.9749279121818236,-0.22252093395631434,1554.6652777749998,361.0991724427567,2003.411208,868.7689723,1591.494885,1628.941823,1309.118641,-205.95816200000013,-243.40510000000017,1530.3313,1385.5367229999997
11.5,99,0.94,1853.623454,0,1,87,42,2021-11-24 07:00:00,7,24,11,2,4,0,0.9659258262890683,-0.25881904510252063,-0.5000000000000004,0.8660254037844384,0.9749279121818236,-0.22252093395631434,1564.0270123999999,365.98798150557553,2003.411208,868.7689723,1385.536723,1628.941823,1409.820075,468.0867310000001,224.68163099999992,1423.4401,1853.623454
11.6,100,0.94,1888.628201,0,1,87,42,2021-11-24 08:00:00,8,24,11,2,4,0,0.8660254037844387,-0.4999999999999998,-0.5000000000000004,0.8660254037844384,0.9749279121818236,-0.22252093395631434,1578.9786523583334,371.81190326267125,2003.411208,868.7689723,1853.623454,1529.788842,1320.602138,35.00474699999995,358.83935900000006,1816.8601,1888.6282009999998
11.5,95,0.94,1778.729577,0,1,85,55,2021-11-24 09:00:00,9,24,11,2,4,0,0.7071067811865476,-0.7071067811865475,-0.5000000000000004,0.8660254037844384,0.9749279121818236,-0.22252093395631434,1590.1381113999998,373.6943284288578,2003.411208,868.7689723,1888.628201,1510.90256,1510.521509,-109.89862399999993,267.82701700000007,1917.102,1778.7295770000003
11.6,88,0.94,1661.992817,0,1,85,55,2021-11-24 10:00:00,10,24,11,2,4,0,0.49999999999999994,-0.8660254037844387,-0.5000000000000004,0.8660254037844384,0.9749279121818236,-0.22252093395631434,1577.4726342333333,365.46332890404756,2003.411208,868.7689723,1778.729577,1965.964269,1510.521509,-116.73676,-303.971452,1940.0463,1661.992817
11.6,96,0.94,1813.083073,0,1,85,55,2021-11-24 11:00:00,11,24,11,2,4,0,0.258819045102521,-0.9659258262890682,-0.5000000000000004,0.8660254037844384,0.9749279121818236,-0.22252093395631434,1571.1025843999998,359.68415477595187,2003.411208,868.7689723,1661.992817,1965.964269,1320.602138,151.09025599999995,-152.88119600000005,1773.3624,1813.083073
11.6,96,0.94,1813.083073,0,1,78,80,2021-11-24 12:00:00,12,24,11,2,4,0,1.2246467991473532e-16,-1.0,-0.5000000000000004,0.8660254037844384,0.9749279121818236,-0.22252093395631434,1564.7325345666666,353.6909018749304,2003.411208,868.7689723,1813.083073,1965.964269,1343.569132,0.0,-152.88119600000005,1857.8342,1813.083073
11.6,88,0.94,1661.992817,0,1,78,80,2021-11-24 13:00:00,13,24,11,2,4,0,-0.2588190451025208,-0.9659258262890683,-0.5000000000000004,0.8660254037844384,0.9749279121818236,-0.22252093395631434,1551.3547514833333,343.09357966226236,2003.411208,868.7689723,1813.083073,1983.059611,1343.569132,-151.09025599999995,-321.06679399999985,1861.0841,1661.992817
11.6,87,0.94,1643.106534,0,1,78,80,2021-11-24 14:00:00,14,24,11,2,4,0,-0.4999999999999997,-0.8660254037844388,-0.5000000000000004,0.8660254037844384,0.9749279121818236,-0.22252093395631434,1537.190039941667,331.3108134770506,2003.411208,868.7689723,1661.992817,1983.059611,1446.920604,-18.88628300000005,-339.9530769999999,1673.8604,1643.1065339999998
11.6,84,0.94,1586.447688,0,1,75,91,2021-11-24 15:00:00,15,24,11,2,4,0,-0.7071067811865471,-0.7071067811865479,-0.5000000000000004,0.8660254037844384,0.9749279121818236,-0.22252093395631434,1519.8165599416668,316.39667582545053,2003.411208,868.7689723,1643.106534,2003.411208,1446.920604,-56.65884600000004,-416.96352,1521.3251,1586.4476880000002
11.5,89,0.94,1666.388761,0,1,75,91,2021-11-24 16:00:00,16,24,11,2,4,0,-0.8660254037844385,-0.5000000000000004,-0.5000000000000004,0.8660254037844384,0.9749279121818236,-0.22252093395631434,1505.7739579833333,301.1098783490888,1888.628201,868.7689723,1586.447688,2003.411208,1811.595241,79.94107299999996,-337.02244700000006,1271.2374,1666.388761
11.6,87,0.94,1643.106534,0,1,75,91,2021-11-24 17:00:00,17,24,11,2,4,0,-0.9659258262890683,-0.25881904510252063,-0.5000000000000004,0.8660254037844384,0.9749279121818236,-0.22252093395631434,1499.4785306083331,296.3595041716755,1888.628201,868.7689723,1666.388761,1794.196791,1127.149384,-23.28222699999992,-151.09025700000007,1125.1985,1643.1065339999998
11.6,61,0.94,1152.063202,0,1,76,93,2021-11-24 18:00:00,18,24,11,2,4,0,-1.0,-1.8369701987210297e-16,-0.5000000000000004,0.8660254037844384,0.9749279121818236,-0.22252093395631434,1497.9046737750002,298.170166010156,1888.628201,868.7689723,1643.106534,1189.835766,1040.581484,-491.04333199999996,-37.772563999999875,1003.0497,1152.063202
11.7,61,0.94,1161.994782,0,1,76,93,2021-11-24 19:00:00,19,24,11,2,4,0,-0.9659258262890684,0.2588190451025203,-0.5000000000000004,0.8660254037844384,0.9749279121818236,-0.22252093395631434,1499.1054180250003,296.69189257855953,1888.628201,868.7689723,1152.063202,1133.17692,1041.759279,9.93157999999994,28.817861999999877,892.7241,1161.994782
11.7,56,0.94,1066.749308,0,1,76,93,2021-11-24 20:00:00,20,24,11,2,4,0,-0.8660254037844386,0.5000000000000001,-0.5000000000000004,0.8660254037844384,0.9749279121818236,-0.22252093395631434,1498.6983861083334,297.30291872891195,1888.628201,868.7689723,1161.994782,1076.518074,1007.603237,-95.24547400000006,-9.768766000000142,873.8769,1066.749308
11.7,52,0.94,990.5529286,0,1,72,92,2021-11-24 21:00:00,21,24,11,2,4,0,-0.7071067811865477,0.7071067811865474,-0.5000000000000004,0.8660254037844384,0.9749279121818236,-0.22252093395631434,1496.6903618833337,300.68804953219194,1888.628201,868.7689723,1066.749308,1038.74551,956.3691739,-76.19637939999996,-48.192581399999995,864.25085,990.5529286
11.7,44,0.94,838.1601704,0,1,72,92,2021-11-24 22:00:00,22,24,11,2,4,0,-0.5000000000000004,0.8660254037844384,-0.5000000000000004,0.8660254037844384,0.9749279121818236,-0.22252093395631434,1491.4803530541667,311.23212127419094,1888.628201,838.1601704,990.5529286,963.2003823,870.9790691,-152.3927582,-125.04021190000003,857.8674,838.1601704
11.7,44,0.94,838.1601704,0,1,72,92,2021-11-24 23:00:00,23,24,11,2,4,0,-0.25881904510252157,0.9659258262890681,-0.5000000000000004,0.8660254037844384,0.9749279121818236,-0.22252093395631434,1490.2049863083332,313.9456977477635,1888.628201,838.1601704,838.1601704,868.7689723,785.5889643,0.0,-30.608801900000003,862.8816,838.1601704
11.6,58,0.93,1083.751118,0,1,74,91,2021-11-25 00:00:00,0,25,11,3,4,0,0.0,1.0,-0.5000000000000004,0.8660254037844384,0.43388373911755823,-0.900968867902419,1470.833152725,324.3524174129653,1888.628201,838.1601704,838.1601704,1548.675124,1532.199857,245.59094759999994,-464.9240060000002,906.3633,1083.751118
11.6,58,0.93,1083.751118,0,1,74,91,2021-11-25 01:00:00,1,25,11,3,4,0,0.25881904510252074,0.9659258262890683,-0.5000000000000004,0.8660254037844384,0.43388373911755823,-0.900968867902419,1451.4613191416668,333.2625276890732,1888.628201,838.1601704,1083.751118,1548.675124,1532.199857,0.0,-464.9240060000002,953.3953,1083.751118
11.6,58,0.93,1083.751118,0,1,74,91,2021-11-25 02:00:00,2,25,11,3,4,0,0.49999999999999994,0.8660254037844387,-0.5000000000000004,0.8660254037844384,0.43388373911755823,-0.900968867902419,1432.0894855583335,340.79343622575465,1888.628201,838.1601704,1083.751118,1548.675124,1532.199857,0.0,-464.9240060000002,1015.96497,1083.751118
11.6,58,0.93,1083.751118,0,1,84,40,2021-11-25 03:00:00,3,25,11,3,4,0,0.7071067811865476,0.7071067811865476,-0.5000000000000004,0.8660254037844384,0.43388373911755823,-0.900968867902419,1412.717651975,347.0349436586698,1888.628201,838.1601704,1083.751118,1548.675124,1532.199857,0.0,-464.9240060000002,1044.3627,1083.751118
11.5,64,0.93,1185.554137,0,1,84,40,2021-11-25 04:00:00,4,25,11,3,4,0,0.8660254037844386,0.5000000000000001,-0.5000000000000004,0.8660254037844384,0.43388373911755823,-0.900968867902419,1398.1438878083334,349.00094414407516,1888.628201,838.1601704,1083.751118,1535.324477,1505.782618,101.80301900000018,-349.7703399999998,1077.896,1185.554137
11.5,66,0.93,1222.602704,0,1,84,40,2021-11-25 05:00:00,5,25,11,3,4,0,0.9659258262890683,0.25881904510252074,-0.5000000000000004,0.8660254037844384,0.43388373911755823,-0.900968867902419,1382.7733802666664,348.2376872168469,1888.628201,838.1601704,1185.554137,1591.494885,1510.776121,37.04856699999982,-368.89218100000016,1116.6686,1222.602704
11.5,91,0.93,1685.709788,0,1,87,30,2021-11-25 06:00:00,6,25,11,3,4,0,1.0,6.123233995736766e-17,-0.5000000000000004,0.8660254037844384,0.43388373911755823,-0.900968867902419,1395.2805913083332,353.6890491077744,1888.628201,838.1601704,1222.602704,1385.536723,1569.570585,463.107084,300.17306499999995,1156.766,1685.7097880000001
11.5,102,0.93,1889.476905,0,1,87,30,2021-11-25 07:00:00,7,25,11,3,4,0,0.9659258262890683,-0.25881904510252063,-0.5000000000000004,0.8660254037844384,0.43388373911755823,-0.900968867902419,1396.7744851,355.77869006434315,1889.476905,838.1601704,1685.709788,1853.623454,1662.997406,203.7671170000001,35.85345099999995,1589.1824,1889.4769050000002
11.6,91,0.93,1700.368134,0,1,87,30,2021-11-25 08:00:00,8,25,11,3,4,0,0.8660254037844387,-0.4999999999999998,-0.5000000000000004,0.8660254037844384,0.43388373911755823,-0.900968867902419,1388.9303156416665,346.4150085192297,1889.476905,838.1601704,1889.476905,1888.628201,1778.331205,-189.10877099999993,-188.26006699999994,1690.7222,1700.368134
11.5,91,0.93,1685.709788,0,1,83,42,2021-11-25 09:00:00,9,25,11,3,4,0,0.7071067811865476,-0.7071067811865475,-0.5000000000000004,0.8660254037844384,0.43388373911755823,-0.900968867902419,1385.0544911,342.3608126959687,1889.476905,838.1601704,1700.368134,1778.729577,1583.101366,-14.658346000000165,-93.01978900000017,1566.3169,1685.7097880000001
11.4,89,0.93,1634.325037,0,1,83,42,2021-11-25 10:00:00,10,25,11,3,4,0,0.49999999999999994,-0.8660254037844387,-0.5000000000000004,0.8660254037844384,0.43388373911755823,-0.900968867902419,1383.9016669333332,341.43306506941434,1889.476905,838.1601704,1685.709788,1661.992817,1488.869142,-51.384750999999824,-27.667779999999993,1577.8303,1634.325037
11.4,87,0.93,1597.598632,0,1,83,42,2021-11-25 11:00:00,11,25,11,3,4,0,0.258819045102521,-0.9659258262890682,-0.5000000000000004,0.8660254037844384,0.43388373911755823,-0.900968867902419,1374.9231485583332,332.3693175536151,1889.476905,838.1601704,1634.325037,1813.083073,1488.869142,-36.72640500000011,-215.48444100000006,1601.59,1597.598632
11.4,82,0.93,1505.782618,0,1,75,78,2021-11-25 12:00:00,12,25,11,3,4,0,1.2246467991473532e-16,-1.0,-0.5000000000000004,0.8660254037844384,0.43388373911755823,-0.900968867902419,1362.1189629333333,320.4616713201268,1889.476905,838.1601704,1597.598632,1813.083073,1539.609571,-91.816014,-307.30045500000006,1574.6232,1505.7826179999997
11.4,80,0.93,1469.056213,0,1,75,78,2021-11-25 13:00:00,13,25,11,3,4,0,-0.2588190451025208,-0.9659258262890683,-0.5000000000000004,0.8660254037844384,0.43388373911755823,-0.900968867902419,1354.0799377666665,314.9852259437731,1889.476905,838.1601704,1505.782618,1661.992817,1461.324338,-36.726404999999886,-192.936604,1497.9828,1469.0562129999998
11.5,80,0.93,1481.942671,0,1,75,78,2021-11-25 14:00:00,14,25,11,3,4,0,-0.4999999999999997,-0.8660254037844388,-0.5000000000000004,0.8660254037844384,0.43388373911755823,-0.900968867902419,1347.3647768083333,310.23772041596044,1889.476905,838.1601704,1469.056213,1643.106534,1476.143765,12.886457999999948,-161.163863,1469.9049,1481.9426709999998
11.6,76,0.93,1420.087673,0,1,73,89,2021-11-25 15:00:00,15,25,11,3,4,0,-0.7071067811865471,-0.7071067811865479,-0.5000000000000004,0.8660254037844384,0.43388373911755823,-0.900968867902419,1340.4331095166667,306.4995937167684,1889.476905,838.1601704,1481.942671,1586.447688,1526.562032,-61.85499800000002,-166.36001499999998,1432.1619,1420.0876729999998
11.5,67,0.93,1241.126987,0,1,73,89,2021-11-25 16:00:00,16,25,11,3,4,0,-0.8660254037844385,-0.5000000000000004,-0.5000000000000004,0.8660254037844384,0.43388373911755823,-0.900968867902419,1322.7138689333333,299.0379738404245,1889.476905,838.1601704,1420.087673,1666.388761,1526.562032,-178.9606859999999,-425.26177399999983,1283.2319,1241.1269869999999
11.5,80,0.93,1481.942671,0,1,73,89,2021-11-25 17:00:00,17,25,11,3,4,0,-0.9659258262890683,-0.25881904510252063,-0.5000000000000004,0.8660254037844384,0.43388373911755823,-0.900968867902419,1315.9987079750001,293.2846544011645,1889.476905,838.1601704,1241.126987,1643.106534,1513.514493,240.81568399999992,-161.163863,1017.70605,1481.9426709999998
11.6,62,0.93,1158.492575,0,1,73,92,2021-11-25 18:00:00,18,25,11,3,4,0,-1.0,-1.8369701987210297e-16,-0.5000000000000004,0.8660254037844384,0.43388373911755823,-0.900968867902419,1316.2665985166666,293.1312990500039,1889.476905,838.1601704,1481.942671,1152.063202,1129.981287,-323.45009600000003,6.429372999999941,966.5666,1158.4925749999998
11.6,61,0.93,1139.807211,0,1,73,92,2021-11-25 19:00:00,19,25,11,3,4,0,-0.9659258262890684,0.2588190451025203,-0.5000000000000004,0.8660254037844384,0.43388373911755823,-0.900968867902419,1315.3421163916667,293.6734844037051,1889.476905,838.1601704,1158.492575,1161.994782,1129.981287,-18.685363999999936,-22.187570999999934,797.617,1139.807211
11.6,59,0.93,1102.436483,0,1,73,92,2021-11-25 20:00:00,20,25,11,3,4,0,-0.8660254037844386,0.5000000000000001,-0.5000000000000004,0.8660254037844384,0.43388373911755823,-0.900968867902419,1316.8290820166665,292.4478410503372,1889.476905,838.1601704,1139.807211,1066.749308,1055.884153,-37.3707280000001,35.687175000000025,747.5879,1102.436483
11.7,56,0.93,1055.400911,0,1,71,93,2021-11-25 21:00:00,21,25,11,3,4,0,-0.7071067811865477,0.7071067811865474,-0.5000000000000004,0.8660254037844384,0.43388373911755823,-0.900968867902419,1319.5310812833334,289.5878146470262,1889.476905,838.1601704,1102.436483,990.5529286,963.2627361,-47.035572,64.84798239999998,767.5548,1055.400911
11.7,48,0.93,904.6293522,0,1,71,93,2021-11-25 22:00:00,22,25,11,3,4,0,-0.5000000000000004,0.8660254037844384,-0.5000000000000004,0.8660254037844384,0.43388373911755823,-0.900968867902419,1322.300630525,285.0664877667611,1889.476905,838.1601704,1055.400911,838.1601704,840.841385,-150.77155879999998,66.4691818,832.03503,904.6293522
11.7,44,0.93,829.2435728,0,1,71,93,2021-11-25 23:00:00,23,25,11,3,4,0,-0.25881904510252157,0.9659258262890681,-0.5000000000000004,0.8660254037844384,0.43388373911755823,-0.900968867902419,1321.929105625,285.72993638725774,1889.476905,829.2435728,904.6293522,838.1601704,840.841385,-75.38577939999993,-8.916597599999932,916.10596,829.2435728
11.5,58,0.94,1085.961215,0,1,74,89,2021-11-26 00:00:00,0,26,11,4,4,0,0.0,1.0,-0.5000000000000004,0.8660254037844384,-0.433883739117558,-0.9009688679024191,1322.0211929999998,285.65018197969925,1889.476905,829.2435728,829.2435728,1083.751118,1181.397215,256.7176422,2.2100970000001325,964.0397,1085.961215
11.5,58,0.94,1085.961215,0,1,74,89,2021-11-26 01:00:00,1,26,11,4,4,0,0.25881904510252074,0.9659258262890683,-0.5000000000000004,0.8660254037844384,-0.433883739117558,-0.9009688679024191,1322.113280375,285.5703743118959,1889.476905,829.2435728,1085.961215,1083.751118,1201.766132,0.0,2.2100970000001325,1100.7179,1085.961215
11.5,58,0.94,1085.961215,0,1,74,89,2021-11-26 02:00:00,2,26,11,4,4,0,0.49999999999999994,0.8660254037844387,-0.5000000000000004,0.8660254037844384,-0.433883739117558,-0.9009688679024191,1322.20536775,285.4905133391816,1889.476905,829.2435728,1085.961215,1083.751118,1181.397215,0.0,2.2100970000001325,1080.1266,1085.961215
11.5,58,0.94,1085.961215,0,1,84,51,2021-11-26 03:00:00,3,26,11,4,4,0,0.7071067811865476,0.7071067811865476,-0.5000000000000004,0.8660254037844384,-0.433883739117558,-0.9009688679024191,1322.297455125,285.41059901681047,1889.476905,829.2435728,1085.961215,1083.751118,1238.139199,0.0,2.2100970000001325,1120.526,1085.961215
11.4,60,0.94,1113.639387,0,1,84,51,2021-11-26 04:00:00,4,26,11,4,4,0,0.8660254037844386,0.5000000000000001,-0.5000000000000004,0.8660254037844384,-0.433883739117558,-0.9009688679024191,1319.3010072083332,287.28003277026187,1889.476905,829.2435728,1085.961215,1185.554137,1254.87081,27.678171999999904,-71.91475000000014,1177.8136,1113.639387
11.6,66,0.94,1246.494612,0,1,84,51,2021-11-26 05:00:00,5,26,11,4,4,0,0.9659258262890683,0.25881904510252074,-0.5000000000000004,0.8660254037844384,-0.433883739117558,-0.9009688679024191,1320.296503375,286.9716105707516,1889.476905,829.2435728,1113.639387,1222.602704,1310.303364,132.85522500000002,23.891908000000058,1247.7397,1246.494612
11.6,78,0.94,1473.129996,0,1,87,35,2021-11-26 06:00:00,6,26,11,4,4,0,1.0,6.123233995736766e-17,-0.5000000000000004,0.8660254037844384,-0.433883739117558,-0.9009688679024191,1311.4390120416667,278.353896225836,1889.476905,829.2435728,1246.494612,1685.709788,1293.717246,226.63538399999993,-212.579792,1419.972,1473.129996
11.4,91,0.94,1689.019737,0,1,87,35,2021-11-26 07:00:00,7,26,11,4,4,0,0.9659258262890683,-0.25881904510252063,-0.5000000000000004,0.8660254037844384,-0.433883739117558,-0.9009688679024191,1303.0866300416667,262.82955369832194,1700.368134,829.2435728,1473.129996,1889.476905,1426.406194,215.88974100000019,-200.4571679999999,1594.322,1689.019737
11.6,96,0.94,1813.083073,0,1,87,35,2021-11-26 08:00:00,8,26,11,4,4,0,0.8660254037844387,-0.4999999999999998,-0.5000000000000004,0.8660254037844384,-0.433883739117558,-0.9009688679024191,1307.7830858333334,271.11364748029814,1813.083073,829.2435728,1689.019737,1700.368134,1699.640673,124.06333599999994,112.71493899999996,1728.4156,1813.083073
11.4,110,0.94,2041.67221,0,1,81,47,2021-11-26 09:00:00,9,26,11,4,4,0,0.7071067811865476,-0.7071067811865475,-0.5000000000000004,0.8660254037844384,-0.433883739117558,-0.9009688679024191,1322.6148534166666,300.7993068475824,2041.67221,829.2435728,1813.083073,1685.709788,1333.291142,228.58913699999994,355.96242200000006,1804.7773,2041.67221
11.4,110,0.94,2041.67221,0,1,81,47,2021-11-26 10:00:00,10,26,11,4,4,0,0.49999999999999994,-0.8660254037844387,-0.5000000000000004,0.8660254037844384,-0.433883739117558,-0.9009688679024191,1339.5876522916667,329.29513330796243,2041.67221,829.2435728,2041.67221,1634.325037,1310.739841,0.0,407.3471729999999,1928.7814,2041.67221
11.4,110,0.94,2041.67221,0,1,81,47,2021-11-26 11:00:00,11,26,11,4,4,0,0.258819045102521,-0.9659258262890682,-0.5000000000000004,0.8660254037844384,-0.433883739117558,-0.9009688679024191,1358.0907180416666,355.83019208471126,2041.67221,829.2435728,2041.67221,1597.598632,1121.017924,0.0,444.073578,2005.6017,2041.67221
11.6,108,0.94,2039.718457,0,1,74,78,2021-11-26 12:00:00,12,26,11,4,4,0,1.2246467991473532e-16,-1.0,-0.5000000000000004,0.8660254037844384,-0.433883739117558,-0.9009688679024191,1380.3380446666667,381.2492463841501,2041.67221,829.2435728,2041.67221,1505.782618,1111.269942,-1.953753000000006,533.935839,2026.9578,2039.718457
11.6,108,0.94,2039.718457,0,1,74,78,2021-11-26 13:00:00,13,26,11,4,4,0,-0.2588190451025208,-0.9659258262890683,-0.5000000000000004,0.8660254037844384,-0.433883739117558,-0.9009688679024191,1404.1156381666667,404.1316703688623,2041.67221,829.2435728,2039.718457,1469.056213,1293.717246,0.0,570.6622439999999,2075.5574,2039.718457
11.4,110,0.94,2041.67221,0,1,74,78,2021-11-26 14:00:00,14,26,11,4,4,0,-0.4999999999999997,-0.8660254037844388,-0.5000000000000004,0.8660254037844384,-0.433883739117558,-0.9009688679024191,1427.4377022916667,424.4578459089813,2041.67221,829.2435728,2039.718457,1481.942671,1288.334032,1.953753000000006,559.7295389999999,2105.3208,2041.67221
11.4,110,0.94,2041.67221,0,1,73,93,2021-11-26 15:00:00,15,26,11,4,4,0,-0.7071067811865471,-0.7071067811865479,-0.5000000000000004,0.8660254037844384,-0.433883739117558,-0.9009688679024191,1453.337058,442.5673133000551,2041.67221,829.2435728,2041.67221,1420.087673,1121.017924,0.0,621.584537,2063.1506,2041.67221
11.4,102,0.94,1893.186958,0,1,73,93,2021-11-26 16:00:00,16,26,11,4,4,0,-0.8660254037844385,-0.5000000000000004,-0.5000000000000004,0.8660254037844384,-0.433883739117558,-0.9009688679024191,1480.5062234583336,448.94237605891675,2041.67221,829.2435728,2041.67221,1241.126987,1111.269942,-148.48525199999995,652.0599709999999,1958.8048,1893.186958
11.7,102,0.94,1943.007668,0,1,73,93,2021-11-26 17:00:00,17,26,11,4,4,0,-0.9659258262890683,-0.25881904510252063,-0.5000000000000004,0.8660254037844384,-0.433883739117558,-0.9009688679024191,1499.717265,458.7639771832857,2041.67221,829.2435728,1893.186958,1481.942671,1333.291142,49.82070999999996,461.06499699999995,1684.2914,1943.007668
11.6,62,0.94,1170.949484,0,1,72,91,2021-11-26 18:00:00,18,26,11,4,4,0,-1.0,-1.8369701987210297e-16,-0.5000000000000004,0.8660254037844384,-0.433883739117558,-0.9009688679024191,1500.2363028749999,458.36801213673067,2041.67221,829.2435728,1943.007668,1158.492575,1029.503287,-772.058184,12.456908999999996,1357.1823,1170.949484
11.6,61,0.94,1152.063202,0,1,72,91,2021-11-26 19:00:00,19,26,11,4,4,0,-0.9659258262890684,0.2588190451025203,-0.5000000000000004,0.8660254037844384,-0.433883739117558,-0.9009688679024191,1500.7469691666668,457.9556421388096,2041.67221,829.2435728,1170.949484,1139.807211,995.7490811,-18.886281999999937,12.255990999999995,1092.7089,1152.063202
11.6,59,0.94,1114.290638,0,1,72,91,2021-11-26 20:00:00,20,26,11,4,4,0,-0.8660254037844386,0.5000000000000001,-0.5000000000000004,0.8660254037844384,-0.433883739117558,-0.9009688679024191,1501.2408922916666,457.5135498731343,2041.67221,829.2435728,1152.063202,1102.436483,961.9948749,-37.7725640000001,11.854154999999992,876.0079,1114.290638
11.7,54,0.94,1028.651118,0,1,70,93,2021-11-26 21:00:00,21,26,11,4,4,0,-0.7071067811865477,0.7071067811865474,-0.5000000000000004,0.8660254037844384,-0.433883739117558,-0.9009688679024191,1500.1263175833335,458.67801070065116,2041.67221,829.2435728,1114.290638,1055.400911,877.6093596,-85.63951999999995,-26.749792999999954,887.0348,1028.651118
11.7,48,0.94,914.3565495,0,1,70,93,2021-11-26 22:00:00,22,26,11,4,4,0,-0.5000000000000004,0.8660254037844384,-0.5000000000000004,0.8660254037844384,-0.433883739117558,-0.9009688679024191,1500.5316174708335,458.13290958803293,2041.67221,829.2435728,1028.651118,904.6293522,843.8551534,-114.29456849999997,9.727197300000057,928.2286,914.3565495
11.7,44,0.94,838.1601704,0,1,70,93,2021-11-26 23:00:00,23,26,11,4,4,0,-0.25881904510252157,0.9659258262890681,-0.5000000000000004,0.8660254037844384,-0.433883739117558,-0.9009688679024191,1500.9031423708332,457.56812406714073,2041.67221,838.1601704,914.3565495,829.2435728,793.2238442,-76.19637910000006,8.916597599999932,999.56537,838.1601704
11.6,82,0.93,1532.199857,0,1,73,91,2021-11-27 00:00:00,0,27,11,5,4,1,0.0,1.0,-0.5000000000000004,0.8660254037844384,-0.9749279121818236,-0.2225209339563146,1519.4964191208335,448.9593363218368,2041.67221,838.1601704,838.1601704,1085.961215,1209.52572,694.0396866000001,446.238642,1058.563,1532.1998570000003
11.6,82,0.93,1532.199857,0,1,73,91,2021-11-27 01:00:00,1,27,11,5,4,1,0.25881904510252074,0.9659258262890683,-0.5000000000000004,0.8660254037844384,-0.9749279121818236,-0.2225209339563146,1538.0896958708333,439.36192548310623,2041.67221,838.1601704,1532.199857,1085.961215,1209.52572,0.0,446.238642,1194.276,1532.1998570000003
11.6,82,0.93,1532.199857,0,1,73,91,2021-11-27 02:00:00,2,27,11,5,4,1,0.49999999999999994,0.8660254037844387,-0.5000000000000004,0.8660254037844384,-0.9749279121818236,-0.2225209339563146,1556.6829726208334,428.70950052845524,2041.67221,838.1601704,1532.199857,1085.961215,1209.52572,0.0,446.238642,1279.3633,1532.1998570000003
11.6,82,0.93,1532.199857,0,1,81,42,2021-11-27 03:00:00,3,27,11,5,4,1,0.7071067811865476,0.7071067811865476,-0.5000000000000004,0.8660254037844384,-0.9749279121818236,-0.2225209339563146,1575.2762493708333,416.92120179711293,2041.67221,838.1601704,1532.199857,1085.961215,1209.52572,0.0,446.238642,1429.5397,1532.1998570000003
11.4,84,0.93,1542.509024,0,1,81,42,2021-11-27 04:00:00,4,27,11,5,4,1,0.8660254037844386,0.5000000000000001,-0.5000000000000004,0.8660254037844384,-0.9749279121818236,-0.2225209339563146,1593.1458175791665,405.3038054730155,2041.67221,838.1601704,1532.199857,1113.639387,1278.641475,10.309166999999889,428.869637,1595.6389,1542.5090239999997
11.4,84,0.93,1542.509024,0,1,81,42,2021-11-27 05:00:00,5,27,11,5,4,1,0.9659258262890683,0.25881904510252074,-0.5000000000000004,0.8660254037844384,-0.9749279121818236,-0.2225209339563146,1605.4797514125,398.74711519600066,2041.67221,838.1601704,1542.509024,1246.494612,1267.618704,0.0,296.014412,1747.5487,1542.5090239999997
11.5,97,0.93,1796.855489,0,1,84,28,2021-11-27 06:00:00,6,27,11,5,4,1,1.0,6.123233995736766e-17,-0.5000000000000004,0.8660254037844384,-0.9749279121818236,-0.2225209339563146,1618.9683136208332,399.54999942341135,2041.67221,838.1601704,1542.509024,1473.129996,1426.406194,254.34646500000008,323.72549300000014,1801.751,1796.8554890000003
11.4,115,0.93,2111.768306,0,1,84,28,2021-11-27 07:00:00,7,27,11,5,4,1,0.9659258262890683,-0.25881904510252063,-0.5000000000000004,0.8660254037844384,-0.9749279121818236,-0.2225209339563146,1636.5828373291668,411.90030256292374,2111.768306,838.1601704,1796.855489,1689.019737,1324.520037,314.9128169999999,422.74856899999986,1970.2739,2111.768306
11.4,115,0.93,2111.768306,0,1,84,28,2021-11-27 08:00:00,8,27,11,5,4,1,0.8660254037844387,-0.4999999999999998,-0.5000000000000004,0.8660254037844384,-0.9749279121818236,-0.2225209339563146,1649.0280553708335,421.85689188841775,2111.768306,838.1601704,2111.768306,1813.083073,1289.664247,0.0,298.6852329999999,2088.3196,2111.768306
11.4,112,0.93,2056.678698,0,1,81,44,2021-11-27 09:00:00,9,27,11,5,4,1,0.7071067811865476,-0.7071067811865475,-0.5000000000000004,0.8660254037844384,-0.9749279121818236,-0.2225209339563146,1649.6533257041665,422.4748352442019,2111.768306,838.1601704,2111.768306,2041.67221,1324.520037,-55.08960799999977,15.006488000000218,2092.1938,2056.678698
11.6,112,0.93,2092.760781,0,1,81,44,2021-11-27 10:00:00,10,27,11,5,4,1,0.49999999999999994,-0.8660254037844387,-0.5000000000000004,0.8660254037844384,-0.9749279121818236,-0.2225209339563146,1651.7820161625002,424.6590113960355,2111.768306,838.1601704,2056.678698,2041.67221,1289.664247,36.082082999999784,51.088571,2069.2954,2092.760781
11.4,106,0.93,1946.499482,0,1,81,44,2021-11-27 11:00:00,11,27,11,5,4,1,0.258819045102521,-0.9659258262890682,-0.5000000000000004,0.8660254037844384,-0.9749279121818236,-0.2225209339563146,1647.8164858291668,421.2908712287687,2111.768306,838.1601704,2092.760781,2041.67221,1267.618704,-146.261299,-95.172728,2049.9988,1946.499482
11.5,108,0.93,2000.622606,0,1,72,77,2021-11-27 12:00:00,12,27,11,5,4,1,1.2246467991473532e-16,-1.0,-0.5000000000000004,0.8660254037844384,-0.9749279121818236,-0.2225209339563146,1646.1874920375,419.7825148439232,2111.768306,838.1601704,1946.499482,2039.718457,1267.618704,54.12312399999996,-39.09585100000004,1927.427,2000.622606
11.5,108,0.93,2000.622606,0,1,72,77,2021-11-27 13:00:00,13,27,11,5,4,1,-0.2588190451025208,-0.9659258262890683,-0.5000000000000004,0.8660254037844384,-0.9749279121818236,-0.2225209339563146,1644.558498245833,418.2620988871729,2111.768306,838.1601704,2000.622606,2039.718457,1267.618704,0.0,-39.09585100000004,1894.9093,2000.622606
11.5,108,0.93,2000.622606,0,1,72,77,2021-11-27 14:00:00,14,27,11,5,4,1,-0.4999999999999997,-0.8660254037844388,-0.5000000000000004,0.8660254037844384,-0.9749279121818236,-0.2225209339563146,1642.8480980791667,416.6483949287743,2111.768306,838.1601704,2000.622606,2041.67221,1267.618704,0.0,-41.049604000000045,1828.5153,2000.622606
11.4,102,0.93,1873.046672,0,1,70,81,2021-11-27 15:00:00,15,27,11,5,4,1,-0.7071067811865471,-0.7071067811865479,-0.5000000000000004,0.8660254037844384,-0.9749279121818236,-0.2225209339563146,1635.8220339958332,411.01419060841704,2111.768306,838.1601704,2000.622606,2041.67221,1267.618704,-127.57593399999996,-168.625538,1688.0709,1873.0466720000002
11.5,100,0.93,1852.428339,0,1,70,81,2021-11-27 16:00:00,16,27,11,5,4,1,-0.8660254037844385,-0.5000000000000004,-0.5000000000000004,0.8660254037844384,-0.9749279121818236,-0.2225209339563146,1634.1237582041665,409.98746853374297,2111.768306,838.1601704,1873.046672,1893.186958,1289.664247,-20.618332999999893,-40.75861899999995,1406.5073,1852.428339
11.5,104,0.93,1926.525472,0,1,70,81,2021-11-27 17:00:00,17,27,11,5,4,1,-0.9659258262890683,-0.25881904510252063,-0.5000000000000004,0.8660254037844384,-0.9749279121818236,-0.2225209339563146,1633.4370000375,409.46103670745623,2111.768306,838.1601704,1852.428339,1943.007668,1177.649057,74.09713299999999,-16.48219599999993,1112.0825,1926.525472
11.6,62,0.93,1158.492575,0,1,71,93,2021-11-27 18:00:00,18,27,11,5,4,1,-1.0,-1.8369701987210297e-16,-0.5000000000000004,0.8660254037844384,-0.9749279121818236,-0.2225209339563146,1632.9179621625,410.08020806919023,2111.768306,838.1601704,1926.525472,1170.949484,1062.058914,-768.032897,-12.456908999999996,1002.8785,1158.4925749999998
11.6,61,0.93,1139.807211,0,1,71,93,2021-11-27 19:00:00,19,27,11,5,4,1,-0.9659258262890684,0.2588190451025203,-0.5000000000000004,0.8660254037844384,-0.9749279121818236,-0.2225209339563146,1632.4072958708332,410.7121877047051,2111.768306,838.1601704,1158.492575,1152.063202,1019.457393,-18.685363999999936,-12.255990999999995,1017.68744,1139.807211
11.6,57,0.93,1065.065754,0,1,71,93,2021-11-27 20:00:00,20,27,11,5,4,1,-0.8660254037844386,0.5000000000000001,-0.5000000000000004,0.8660254037844384,-0.9749279121818236,-0.2225209339563146,1630.3562590374997,413.52535897688864,2111.768306,838.1601704,1139.807211,1114.290638,984.8995148,-74.74145700000008,-49.224883999999975,875.4165,1065.065754
11.7,52,0.93,980.0151315,0,1,68,92,2021-11-27 21:00:00,21,27,11,5,4,1,-0.7071067811865477,0.7071067811865474,-0.5000000000000004,0.8660254037844384,-0.9749279121818236,-0.2225209339563146,1628.3297596,416.709160514636,2111.768306,838.1601704,1065.065754,1028.651118,933.0626982,-85.05062249999992,-48.635986499999944,894.60944,980.0151314999999
11.7,44,0.93,829.2435728,0,1,68,92,2021-11-27 22:00:00,22,27,11,5,4,1,-0.5000000000000004,0.8660254037844384,-0.5000000000000004,0.8660254037844384,-0.9749279121818236,-0.2225209339563146,1624.7833855708332,423.3586828154649,2111.768306,829.2435728,980.0151315,914.3565495,846.668004,-150.7715587,-85.11297669999999,971.55865,829.2435728
11.7,44,0.93,829.2435728,0,1,68,92,2021-11-27 23:00:00,23,27,11,5,4,1,-0.25881904510252157,0.9659258262890681,-0.5000000000000004,0.8660254037844384,-0.9749279121818236,-0.2225209339563146,1624.4118606708332,424.08230372080646,2111.768306,829.2435728,829.2435728,838.1601704,819.1110756,0.0,-8.916597599999932,1028.0505,829.2435728
11.6,72,0.95,1374.278393,1,1,69,79,2021-11-28 00:00:00,0,28,11,6,4,1,0.0,1.0,-0.5000000000000004,0.8660254037844384,-0.7818314824680299,0.6234898018587334,1617.831799670833,426.7917714831704,2111.768306,829.2435728,829.2435728,1532.199857,1345.94897,545.0348202,-157.92146400000001,1122.2578,1374.2783929999998
11.6,72,0.95,1374.278393,1,1,69,79,2021-11-28 01:00:00,1,28,11,6,4,1,0.25881904510252074,0.9659258262890683,-0.5000000000000004,0.8660254037844384,-0.7818314824680299,0.6234898018587334,1611.2517386708332,429.3789383547573,2111.768306,829.2435728,1374.278393,1532.199857,1345.94897,0.0,-157.92146400000001,1217.0767,1374.2783929999998
11.6,72,0.95,1374.278393,1,1,69,79,2021-11-28 02:00:00,2,28,11,6,4,1,0.49999999999999994,0.8660254037844387,-0.5000000000000004,0.8660254037844384,-0.7818314824680299,0.6234898018587334,1604.6716776708333,431.84600243592996,2111.768306,829.2435728,1374.278393,1532.199857,1345.94897,0.0,-157.92146400000001,1180.275,1374.2783929999998
11.5,72,0.95,1362.431165,1,1,81,38,2021-11-28 03:00:00,3,28,11,6,4,1,0.7071067811865476,0.7071067811865476,-0.5000000000000004,0.8660254037844384,-0.7818314824680299,0.6234898018587334,1597.5979821708333,434.4671756757669,2111.768306,829.2435728,1374.278393,1532.199857,1345.94897,-11.847228000000086,-169.7686920000001,1247.9363,1362.431165
11.5,72,0.95,1362.431165,1,1,81,38,2021-11-28 04:00:00,4,28,11,6,4,1,0.8660254037844386,0.5000000000000001,-0.5000000000000004,0.8660254037844384,-0.7818314824680299,0.6234898018587334,1590.0947380458335,437.00747110621415,2111.768306,829.2435728,1362.431165,1542.509024,1345.94897,0.0,-180.077859,1329.8652,1362.431165
11.5,74,0.95,1400.276475,1,1,81,38,2021-11-28 05:00:00,5,28,11,6,4,1,0.9659258262890683,0.25881904510252074,-0.5000000000000004,0.8660254037844384,-0.7818314824680299,0.6234898018587334,1584.1683818375002,438.6422151770863,2111.768306,829.2435728,1362.431165,1542.509024,1420.991803,37.84530999999993,-142.23254900000006,1465.8442,1400.2764749999997
11.4,96,0.95,1800.778584,1,1,85,28,2021-11-28 06:00:00,6,28,11,6,4,1,1.0,6.123233995736766e-17,-0.5000000000000004,0.8660254037844384,-0.7818314824680299,0.6234898018587334,1584.3318441291667,438.72564321666897,2111.768306,829.2435728,1400.276475,1796.855489,1420.991803,400.502109,3.9230949999998757,1600.0682,1800.778584
11.4,104,0.95,1950.843466,1,1,85,28,2021-11-28 07:00:00,7,28,11,6,4,1,0.9659258262890683,-0.25881904510252063,-0.5000000000000004,0.8660254037844384,-0.7818314824680299,0.6234898018587334,1577.6266424625,431.48413666822444,2111.768306,829.2435728,1800.778584,2111.768306,1408.635353,150.06488200000013,-160.9248399999999,1850.4795,1950.843466
11.6,116,0.95,2214.115188,1,1,85,28,2021-11-28 08:00:00,8,28,11,6,4,1,0.8660254037844387,-0.4999999999999998,-0.5000000000000004,0.8660254037844384,-0.7818314824680299,0.6234898018587334,1581.8910958791666,437.45711754453754,2214.115188,829.2435728,1950.843466,2111.768306,1538.227394,263.2717220000002,102.34688200000028,1859.0366,2214.115188
11.4,122,0.95,2288.48945,1,1,81,44,2021-11-28 09:00:00,9,28,11,6,4,1,0.7071067811865476,-0.7071067811865475,-0.5000000000000004,0.8660254037844384,-0.7818314824680299,0.6234898018587334,1591.5498772125002,450.7529806712786,2288.48945,829.2435728,2214.115188,2056.678698,1555.707251,74.37426199999982,231.81075199999987,2021.1215,2288.48945
11.5,116,0.95,2195.027988,1,1,81,44,2021-11-28 10:00:00,10,28,11,6,4,1,0.49999999999999994,-0.8660254037844387,-0.5000000000000004,0.8660254037844384,-0.7818314824680299,0.6234898018587334,1595.8110108374997,456.14821324741683,2288.48945,829.2435728,2288.48945,2092.760781,1639.640701,-93.46146200000021,102.26720699999987,2022.2107,2195.027988
11.5,113,0.95,2138.260023,1,1,81,44,2021-11-28 11:00:00,11,28,11,6,4,1,0.258819045102521,-0.9659258262890682,-0.5000000000000004,0.8660254037844384,-0.7818314824680299,0.6234898018587334,1603.8010333791665,464.1670324480391,2288.48945,829.2435728,2195.027988,1946.499482,1639.640701,-56.767965000000004,191.76054099999988,1973.0958,2138.260023
11.5,107,0.95,2024.724093,1,1,73,72,2021-11-28 12:00:00,12,28,11,6,4,1,1.2246467991473532e-16,-1.0,-0.5000000000000004,0.8660254037844384,-0.7818314824680299,0.6234898018587334,1604.8052620041665,465.0880440484818,2288.48945,829.2435728,2138.260023,2000.622606,1551.487975,-113.53592999999978,24.101487000000134,1937.6444,2024.7240929999998
11.5,107,0.95,2024.724093,1,1,73,72,2021-11-28 13:00:00,13,28,11,6,4,1,-0.2588190451025208,-0.9659258262890683,-0.5000000000000004,0.8660254037844384,-0.7818314824680299,0.6234898018587334,1605.809490629167,466.0049772033705,2288.48945,829.2435728,2024.724093,2000.622606,1529.186089,0.0,24.101487000000134,1832.0891,2024.7240929999998
11.5,107,0.95,2024.724093,1,1,73,72,2021-11-28 14:00:00,14,28,11,6,4,1,-0.4999999999999997,-0.8660254037844388,-0.5000000000000004,0.8660254037844384,-0.7818314824680299,0.6234898018587334,1606.8137192541665,466.9178559404566,2288.48945,829.2435728,2024.724093,2000.622606,1493.623622,0.0,24.101487000000134,1743.8771,2024.7240929999998
11.5,110,0.95,2081.492058,1,1,73,76,2021-11-28 15:00:00,15,28,11,6,4,1,-0.7071067811865471,-0.7071067811865479,-0.5000000000000004,0.8660254037844384,-0.7818314824680299,0.6234898018587334,1615.4989436708336,473.9708155434608,2288.48945,829.2435728,2024.724093,1873.046672,1493.623622,56.767964999999776,208.44538599999987,1660.4631,2081.492058
11.5,113,0.95,2138.260023,1,1,73,76,2021-11-28 16:00:00,16,28,11,6,4,1,-0.8660254037844385,-0.5000000000000004,-0.5000000000000004,0.8660254037844384,-0.7818314824680299,0.6234898018587334,1627.4085971708334,483.67484285614375,2288.48945,829.2435728,2081.492058,1852.428339,1516.226885,56.767965000000004,285.83168399999977,1582.2524,2138.260023
11.5,83,0.95,1570.580371,1,1,73,76,2021-11-28 17:00:00,17,28,11,6,4,1,-0.9659258262890683,-0.25881904510252063,-0.5000000000000004,0.8660254037844384,-0.7818314824680299,0.6234898018587334,1612.5775512958335,479.54374318468405,2288.48945,829.2435728,2138.260023,1926.525472,1528.884712,-567.6796519999998,-355.945101,1431.5925,1570.580371
11.6,82,0.95,1565.150392,1,1,68,92,2021-11-28 18:00:00,18,28,11,6,4,1,-1.0,-1.8369701987210297e-16,-0.5000000000000004,0.8660254037844384,-0.7818314824680299,0.6234898018587334,1629.5216270041665,469.8888104526037,2288.48945,829.2435728,1570.580371,1158.492575,1299.687625,-5.429979000000003,406.657817,960.89594,1565.1503919999998
11.6,60,0.95,1145.231994,1,1,68,92,2021-11-28 19:00:00,19,28,11,6,4,1,-0.9659258262890684,0.2588190451025203,-0.5000000000000004,0.8660254037844384,-0.7818314824680299,0.6234898018587334,1629.7476596291665,469.64423998856347,2288.48945,829.2435728,1565.150392,1139.807211,1310.989256,-419.918398,5.424782999999934,1011.6937,1145.231994
11.6,58,0.95,1107.057594,1,1,68,92,2021-11-28 20:00:00,20,28,11,6,4,1,-0.8660254037844386,0.5000000000000001,-0.5000000000000004,0.8660254037844384,-0.7818314824680299,0.6234898018587334,1631.4973196291667,467.52247833761146,2288.48945,829.2435728,1145.231994,1065.065754,1293.509399,-38.17439999999988,41.99184000000014,989.4603,1107.057594
11.6,54,0.95,1030.708795,1,1,71,82,2021-11-28 21:00:00,21,28,11,6,4,1,-0.7071067811865477,0.7071067811865474,-0.5000000000000004,0.8660254037844384,-0.7818314824680299,0.6234898018587334,1633.6095556083335,464.55625817258635,2288.48945,829.2435728,1107.057594,980.0151315,1380.908683,-76.3487990000001,50.69366349999996,982.40845,1030.708795
11.6,48,0.95,916.1855952,1,1,71,82,2021-11-28 22:00:00,22,28,11,6,4,1,-0.5000000000000004,0.8660254037844384,-0.5000000000000004,0.8660254037844384,-0.7818314824680299,0.6234898018587334,1637.232139875,458.30810981613763,2288.48945,829.2435728,1030.708795,829.2435728,1241.069829,-114.52319980000004,86.94202239999993,1022.51025,916.1855952
11.7,44,0.95,847.0767679,1,1,71,82,2021-11-28 23:00:00,23,28,11,6,4,1,-0.25881904510252157,0.9659258262890681,-0.5000000000000004,0.8660254037844384,-0.7818314824680299,0.6234898018587334,1637.9751896708333,456.95362610394926,2288.48945,847.0767679,916.1855952,829.2435728,1244.686351,-69.10882729999992,17.83319510000001,1079.4387,847.0767679
11.6,72,0.91,1316.414039,0,1,73,59,2021-11-29 00:00:00,0,29,11,0,4,0,0.0,1.0,-0.5000000000000004,0.8660254037844384,0.0,1.0,1635.5641749208335,458.5553040779696,2288.48945,847.0767679,847.0767679,1374.278393,1296.699837,469.33727109999995,-57.86435400000005,1129.4832,1316.414039
11.6,72,0.91,1316.414039,0,1,73,59,2021-11-29 01:00:00,1,29,11,0,4,0,0.25881904510252074,0.9659258262890683,-0.5000000000000004,0.8660254037844384,0.0,1.0,1633.1531601708336,460.1382248028356,2288.48945,847.0767679,1316.414039,1374.278393,1296.699837,0.0,-57.86435400000005,1107.6313,1316.414039
11.5,72,0.91,1305.065642,0,1,73,59,2021-11-29 02:00:00,2,29,11,0,4,0,0.49999999999999994,0.8660254037844387,-0.5000000000000004,0.8660254037844384,0.0,1.0,1630.2692955458333,462.0441796383126,2288.48945,847.0767679,1316.414039,1374.278393,1296.699837,-11.348396999999977,-69.21275100000003,1201.5609,1305.065642
11.5,72,0.91,1305.065642,0,1,79,47,2021-11-29 03:00:00,3,29,11,0,4,0,0.7071067811865476,0.7071067811865476,-0.5000000000000004,0.8660254037844384,0.0,1.0,1627.8790654208333,463.6356321354561,2288.48945,847.0767679,1305.065642,1362.431165,1296.699837,0.0,-57.36552299999994,1267.2427,1305.065642
11.4,74,0.91,1329.653836,0,1,79,47,2021-11-29 04:00:00,4,29,11,0,4,0,0.8660254037844386,0.5000000000000001,-0.5000000000000004,0.8660254037844384,0.0,1.0,1626.5133433791664,464.49902516743356,2288.48945,847.0767679,1305.065642,1362.431165,1285.424186,24.58819399999993,-32.77732900000001,1400.2725,1329.653836
11.4,74,0.91,1329.653836,0,1,79,47,2021-11-29 05:00:00,5,29,11,0,4,0,0.9659258262890683,0.25881904510252074,-0.5000000000000004,0.8660254037844384,0.0,1.0,1623.5707334208334,466.21508156461874,2288.48945,847.0767679,1329.653836,1400.276475,1303.787389,0.0,-70.62263899999994,1571.4753,1329.653836
11.3,93,0.91,1656.393096,0,1,82,36,2021-11-29 06:00:00,6,29,11,0,4,0,1.0,6.123233995736766e-17,-0.5000000000000004,0.8660254037844384,0.0,1.0,1617.5546714208333,464.7582637444638,2288.48945,847.0767679,1329.653836,1800.778584,1345.346216,326.73926000000006,-144.3854879999999,1686.7336,1656.393096
11.3,97,0.91,1727.63581,0,1,82,36,2021-11-29 07:00:00,7,29,11,0,4,0,0.9659258262890683,-0.25881904510252063,-0.5000000000000004,0.8660254037844384,0.0,1.0,1608.2543524208334,460.0078515212015,2288.48945,847.0767679,1656.393096,1950.843466,1756.424227,71.24271399999998,-223.20765600000004,1871.1786,1727.63581
11.4,105,0.91,1886.670983,0,1,82,36,2021-11-29 08:00:00,8,29,11,0,4,0,0.8660254037844387,-0.4999999999999998,-0.5000000000000004,0.8660254037844384,0.0,1.0,1594.6108438791664,445.8966111347292,2288.48945,847.0767679,1727.63581,2214.115188,1793.794955,159.035173,-327.44420500000024,1919.9858,1886.670983
11.4,105,0.91,1886.670983,0,1,80,47,2021-11-29 09:00:00,9,29,11,0,4,0,0.7071067811865476,-0.7071067811865475,-0.5000000000000004,0.8660254037844384,0.0,1.0,1577.8684077541666,425.8011020012761,2195.027988,847.0767679,1886.670983,2288.48945,1569.570585,0.0,-401.81846700000006,2029.2867,1886.670983
11.5,99,0.91,1794.465258,0,1,80,47,2021-11-29 10:00:00,10,29,11,0,4,0,0.49999999999999994,-0.8660254037844387,-0.5000000000000004,0.8660254037844384,0.0,1.0,1561.1782940041667,408.0384740611783,2138.260023,847.0767679,1886.670983,2195.027988,1382.716944,-92.20572500000003,-400.5627299999999,2080.8174,1794.465258
11.5,99,0.91,1794.465258,0,1,80,47,2021-11-29 11:00:00,11,29,11,0,4,0,0.258819045102521,-0.9659258262890682,-0.5000000000000004,0.8660254037844384,0.0,1.0,1546.8535121291668,392.6425975161461,2138.260023,847.0767679,1794.465258,2138.260023,1307.975488,0.0,-343.79476499999987,2049.691,1794.465258
11.5,99,0.91,1794.465258,0,1,75,67,2021-11-29 12:00:00,12,29,11,0,4,0,1.2246467991473532e-16,-1.0,-0.5000000000000004,0.8660254037844384,0.0,1.0,1537.2593940041668,383.1568511836479,2138.260023,847.0767679,1794.465258,2024.724093,1270.60476,0.0,-230.2588350000001,2016.0792,1794.465258
11.5,99,0.91,1794.465258,0,1,75,67,2021-11-29 13:00:00,13,29,11,0,4,0,-0.2588190451025208,-0.9659258262890683,-0.5000000000000004,0.8660254037844384,0.0,1.0,1527.6652758791668,373.17293247586844,2138.260023,847.0767679,1794.465258,2024.724093,1270.60476,0.0,-230.2588350000001,1993.9208,1794.465258
11.5,103,0.91,1866.968905,0,1,75,67,2021-11-29 14:00:00,14,29,11,0,4,0,-0.4999999999999997,-0.8660254037844388,-0.5000000000000004,0.8660254037844384,0.0,1.0,1521.0921430458336,365.3442332984436,2138.260023,847.0767679,1794.465258,2024.724093,1307.975488,72.503647,-157.7551880000001,1903.5011,1866.968905
11.5,103,0.91,1866.968905,0,1,72,74,2021-11-29 15:00:00,15,29,11,0,4,0,-0.7071067811865471,-0.7071067811865479,-0.5000000000000004,0.8660254037844384,0.0,1.0,1512.1536783374997,353.46868532654116,2138.260023,847.0767679,1866.968905,2081.492058,1395.603402,0.0,-214.52315299999987,1863.3276,1866.968905
11.5,97,0.91,1758.213435,0,1,72,74,2021-11-29 16:00:00,16,29,11,0,4,0,-0.8660254037844385,-0.5000000000000004,-0.5000000000000004,0.8660254037844384,0.0,1.0,1496.3184038375002,332.06473122408806,1886.670983,847.0767679,1866.968905,2138.260023,1395.603402,-108.75547000000006,-380.04658799999993,1734.9619,1758.213435
11.6,96,0.91,1755.218719,0,1,72,74,2021-11-29 17:00:00,17,29,11,0,4,0,-0.9659258262890683,-0.25881904510252063,-0.5000000000000004,0.8660254037844384,0.0,1.0,1504.0116683375,335.97584886052664,1886.670983,847.0767679,1758.213435,1570.580371,1556.039805,-2.9947159999999258,184.63834799999995,1497.0388,1755.218719
11.6,62,0.91,1133.578756,0,1,72,80,2021-11-29 18:00:00,18,29,11,0,4,0,-1.0,-1.8369701987210297e-16,-0.5000000000000004,0.8660254037844384,0.0,1.0,1486.0295168375003,344.01445532531574,1886.670983,847.0767679,1755.218719,1565.150392,1167.029853,-621.6399629999999,-431.5716359999999,1306.8658,1133.578756
11.6,60,0.91,1097.011699,0,1,72,80,2021-11-29 19:00:00,19,29,11,0,4,0,-0.9659258262890684,0.2588190451025203,-0.5000000000000004,0.8660254037844384,0.0,1.0,1484.0203378791666,346.2250947686936,1886.670983,847.0767679,1133.578756,1145.231994,1121.121847,-36.567057000000204,-48.22029500000008,1139.5608,1097.011699
11.6,58,0.91,1060.444643,0,1,72,80,2021-11-29 20:00:00,20,29,11,0,4,0,-0.8660254037844386,0.5000000000000001,-0.5000000000000004,0.8660254037844384,0.0,1.0,1482.0781315875001,348.55457440240406,1886.670983,847.0767679,1097.011699,1107.057594,1083.751118,-36.567055999999866,-46.612951000000066,1041.4924,1060.444643
11.6,54,0.91,987.3105295,0,1,72,89,2021-11-29 21:00:00,21,29,11,0,4,0,-0.7071067811865477,0.7071067811865474,-0.5000000000000004,0.8660254037844384,0.0,1.0,1480.2698705249998,351.10130629068817,1886.670983,847.0767679,1060.444643,1030.708795,1027.695026,-73.13411350000001,-43.39826549999998,1017.8341,987.3105294999999
11.6,48,0.91,877.6093596,0,1,72,89,2021-11-29 22:00:00,22,29,11,0,4,0,-0.5000000000000004,0.8660254037844384,-0.5000000000000004,0.8660254037844384,0.0,1.0,1478.6625273749999,353.8733219626974,1886.670983,847.0767679,987.3105295,916.1855952,934.2682056,-109.70116990000008,-38.57623560000002,1008.61536,877.6093596
11.7,44,0.91,811.4103777,0,1,72,89,2021-11-29 23:00:00,23,29,11,0,4,0,-0.25881904510252157,0.9659258262890681,-0.5000000000000004,0.8660254037844384,0.0,1.0,1477.1764277833336,356.70456657743034,1886.670983,811.4103777,877.6093596,847.0767679,866.9364625,-66.19898189999992,-35.66639020000002,989.32825,811.4103777000001
11.5,84,0.93,1556.039805,0,1,74,51,2021-11-30 00:00:00,0,30,11,1,4,0,0.0,1.0,-0.5000000000000004,0.8660254037844384,0.7818314824680298,0.6234898018587336,1487.1608347,355.3601825740639,1886.670983,811.4103777,811.4103777,1316.414039,1322.03974,744.6294272999999,239.62576599999989,960.7041,1556.039805
11.5,84,0.93,1556.039805,0,1,74,51,2021-11-30 01:00:00,1,30,11,1,4,0,0.25881904510252074,0.9659258262890683,-0.5000000000000004,0.8660254037844384,0.7818314824680298,0.6234898018587336,1497.1452416166665,353.7167307084659,1886.670983,811.4103777,1556.039805,1316.414039,1322.03974,0.0,239.62576599999989,1016.5675,1556.039805
11.5,84,0.93,1556.039805,0,1,74,51,2021-11-30 02:00:00,2,30,11,1,4,0,0.49999999999999994,0.8660254037844387,-0.5000000000000004,0.8660254037844384,0.7818314824680298,0.6234898018587336,1507.6024984083333,351.4941142526344,1886.670983,811.4103777,1556.039805,1305.065642,1310.642846,0.0,250.97416299999986,1196.9618,1556.039805
11.5,84,0.93,1556.039805,0,1,83,35,2021-11-30 03:00:00,3,30,11,1,4,0,0.7071067811865476,0.7071067811865476,-0.5000000000000004,0.8660254037844384,0.7818314824680298,0.6234898018587336,1518.0597552,348.9304825084996,1886.670983,811.4103777,1556.039805,1305.065642,1310.642846,0.0,250.97416299999986,1267.6328,1556.039805
11.4,84,0.93,1542.509024,0,1,83,35,2021-11-30 04:00:00,4,30,11,1,4,0,0.8660254037844386,0.5000000000000001,-0.5000000000000004,0.8660254037844384,0.7818314824680298,0.6234898018587336,1526.9287213666667,346.63100592878396,1886.670983,811.4103777,1556.039805,1329.653836,1273.195908,-13.530780999999934,212.855188,1370.2505,1542.5090239999997
11.3,84,0.93,1528.978243,0,1,83,35,2021-11-30 05:00:00,5,30,11,1,4,0,0.9659258262890683,0.25881904510252074,-0.5000000000000004,0.8660254037844384,0.7818314824680298,0.6234898018587336,1535.2339049916666,344.07731958276776,1886.670983,811.4103777,1542.509024,1329.653836,1466.29186,-13.530780999999934,199.32440700000006,1473.7135,1528.978243
11.4,101,0.93,1854.683469,0,1,85,30,2021-11-30 06:00:00,6,30,11,1,4,0,1.0,6.123233995736766e-17,-0.5000000000000004,0.8660254037844384,0.7818314824680298,0.6234898018587336,1543.4960038666666,349.4518578705215,1886.670983,811.4103777,1528.978243,1656.393096,1628.941823,325.70522600000004,198.29037300000005,1553.3558,1854.6834689999998
11.3,111,0.93,2020.435535,0,1,85,30,2021-11-30 07:00:00,7,30,11,1,4,0,0.9659258262890683,-0.25881904510252063,-0.5000000000000004,0.8660254037844384,0.7818314824680298,0.6234898018587336,1555.6959924083333,361.077705544865,2020.435535,811.4103777,1854.683469,1727.63581,1628.941823,165.752066,292.7997250000001,1771.204,2020.4355349999998
11.4,112,0.93,2056.678698,0,1,85,30,2021-11-30 08:00:00,8,30,11,1,4,0,0.8660254037844387,-0.4999999999999998,-0.5000000000000004,0.8660254037844384,0.7818314824680298,0.6234898018587336,1562.7796472,369.424256406555,2056.678698,811.4103777,2020.435535,1886.670983,1529.788842,36.243163000000095,170.0077150000002,1914.6057,2056.678698
11.4,112,0.93,2056.678698,0,1,80,35,2021-11-30 09:00:00,9,30,11,1,4,0,0.7071067811865476,-0.7071067811865475,-0.5000000000000004,0.8660254037844384,0.7818314824680298,0.6234898018587336,1569.8633019916667,377.4476564404648,2056.678698,811.4103777,2056.678698,1886.670983,1510.90256,0.0,170.0077150000002,1979.746,2056.678698
11.4,112,0.93,2056.678698,0,1,80,35,2021-11-30 10:00:00,10,30,11,1,4,0,0.49999999999999994,-0.8660254037844387,-0.5000000000000004,0.8660254037844384,0.7818314824680298,0.6234898018587336,1580.7888619916666,387.8823908251636,2056.678698,811.4103777,2056.678698,1794.465258,1965.964269,0.0,262.2134400000002,2045.646,2056.678698
11.5,116,0.93,2148.816873,0,1,80,35,2021-11-30 11:00:00,11,30,11,1,4,0,0.258819045102521,-0.9659258262890682,-0.5000000000000004,0.8660254037844384,0.7818314824680298,0.6234898018587336,1595.5535126166667,402.8258643560583,2148.816873,811.4103777,2056.678698,1794.465258,1965.964269,92.13817500000005,354.35161500000027,2119.3286,2148.816873
11.5,107,0.93,1982.098322,0,1,73,71,2021-11-30 12:00:00,12,30,11,1,4,0,1.2246467991473532e-16,-1.0,-0.5000000000000004,0.8660254037844384,0.7818314824680298,0.6234898018587336,1603.37155695,408.63312207277653,2148.816873,811.4103777,2148.816873,1794.465258,1965.964269,-166.71855100000016,187.6330640000001,2192.261,1982.098322
11.4,106,0.93,1946.499482,0,1,73,71,2021-11-30 13:00:00,13,30,11,1,4,0,-0.2588190451025208,-0.9659258262890683,-0.5000000000000004,0.8660254037844384,0.7818314824680298,0.6234898018587336,1609.706316283333,412.8806820279231,2148.816873,811.4103777,1982.098322,1794.465258,1983.059611,-35.59884000000011,152.034224,2149.591,1946.499482
11.4,112,0.93,2056.678698,0,1,73,71,2021-11-30 14:00:00,14,30,11,1,4,0,-0.4999999999999997,-0.8660254037844388,-0.5000000000000004,0.8660254037844384,0.7818314824680298,0.6234898018587336,1617.6108909916668,419.77847262599914,2148.816873,811.4103777,1946.499482,1866.968905,1983.059611,110.17921600000022,189.70979300000022,2107.9392,2056.678698
11.5,117,0.93,2167.341156,0,1,70,74,2021-11-30 15:00:00,15,30,11,1,4,0,-0.7071067811865471,-0.7071067811865479,-0.5000000000000004,0.8660254037844384,0.7818314824680298,0.6234898018587336,1630.1264014500002,431.84064356075044,2167.341156,811.4103777,2056.678698,1866.968905,2003.411208,110.66245799999979,300.372251,2111.3174,2167.341156
11.4,107,0.93,1964.862685,0,1,70,74,2021-11-30 16:00:00,16,30,11,1,4,0,-0.8660254037844385,-0.5000000000000004,-0.5000000000000004,0.8660254037844384,0.7818314824680298,0.6234898018587336,1638.7367868666668,436.5401826509272,2167.341156,811.4103777,2167.341156,1758.213435,2003.411208,-202.4784709999999,206.64925000000017,2007.0569,1964.862685
11.6,102,0.93,1905.907139,0,1,70,74,2021-11-30 17:00:00,17,30,11,1,4,0,-0.9659258262890683,-0.25881904510252063,-0.5000000000000004,0.8660254037844384,0.7818314824680298,0.6234898018587336,1645.0154710333334,439.3629007182417,2167.341156,811.4103777,1964.862685,1755.218719,1794.196791,-58.95554600000014,150.68841999999995,1602.5015,1905.907139
11.6,62,0.93,1158.492575,0,1,71,80,2021-11-30 18:00:00,18,30,11,1,4,0,-1.0,-1.8369701987210297e-16,-0.5000000000000004,0.8660254037844384,0.7818314824680298,0.6234898018587336,1646.053546825,438.129700797546,2167.341156,811.4103777,1905.907139,1133.578756,1189.835766,-747.4145639999999,24.913818999999876,1288.4209,1158.4925749999998
11.8,61,0.93,1159.459059,0,1,71,80,2021-11-30 19:00:00,19,30,11,1,4,0,-0.9659258262890684,0.2588190451025203,-0.5000000000000004,0.8660254037844384,0.7818314824680298,0.6234898018587336,1648.6555201583335,434.90080613834084,2167.341156,811.4103777,1158.492575,1097.011699,1133.17692,0.9664840000000368,62.44736000000012,1088.9633,1159.4590589999998
11.6,57,0.93,1065.065754,0,1,71,80,2021-11-30 20:00:00,20,30,11,1,4,0,-0.8660254037844386,0.5000000000000001,-0.5000000000000004,0.8660254037844384,0.7818314824680298,0.6234898018587336,1648.84806645,434.62999989068595,2167.341156,811.4103777,1159.459059,1060.444643,1076.518074,-94.39330500000005,4.621110999999928,1024.8767,1065.065754
11.6,50,0.93,934.2682056,0,1,67,88,2021-11-30 21:00:00,21,30,11,1,4,0,-0.7071067811865477,0.7071067811865474,-0.5000000000000004,0.8660254037844384,0.7818314824680298,0.6234898018587336,1646.6379696208332,438.25988332223096,2167.341156,811.4103777,1065.065754,987.3105295,1038.74551,-130.79754839999998,-53.04232390000004,989.5163,934.2682056000001
11.7,44,0.93,829.2435728,0,1,67,88,2021-11-30 22:00:00,22,30,11,1,4,0,-0.5000000000000004,0.8660254037844384,-0.5000000000000004,0.8660254037844384,0.7818314824680298,0.6234898018587336,1644.6227285041668,442.044696283398,2167.341156,811.4103777,934.2682056,877.6093596,963.2003823,-105.02463279999995,-48.36578679999991,962.73376,829.2435728
11.7,44,0.93,829.2435728,0,1,67,88,2021-11-30 23:00:00,23,30,11,1,4,0,-0.25881904510252157,0.9659258262890681,-0.5000000000000004,0.8660254037844384,0.7818314824680298,0.6234898018587336,1645.3657782999999,440.5958369740929,2167.341156,829.2435728,829.2435728,811.4103777,868.7689723,0.0,17.83319510000001,940.036,829.2435728
11.8,74,0.94,1421.681159,0,1,71,76,2021-12-01 00:00:00,0,1,12,2,4,0,0.0,1.0,-2.4492935982947064e-16,1.0,0.9749279121818236,-0.22252093395631434,1639.7675013833334,442.6290727182038,2167.341156,829.2435728,829.2435728,1556.039805,1548.675124,592.4375861999999,-134.3586459999999,944.4369,1421.681159
11.8,74,0.94,1421.681159,0,1,71,76,2021-12-01 01:00:00,1,1,12,2,4,0,0.25881904510252074,0.9659258262890683,-2.4492935982947064e-16,1.0,0.9749279121818236,-0.22252093395631434,1634.1692244666667,444.57945722259217,2167.341156,829.2435728,1421.681159,1556.039805,1548.675124,0.0,-134.3586459999999,976.68555,1421.681159
11.8,74,0.94,1421.681159,0,1,71,76,2021-12-01 02:00:00,2,1,12,2,4,0,0.49999999999999994,0.8660254037844387,-2.4492935982947064e-16,1.0,0.9749279121818236,-0.22252093395631434,1628.57094755,446.4480763378585,2167.341156,829.2435728,1421.681159,1556.039805,1548.675124,0.0,-134.3586459999999,1039.6294,1421.681159
11.8,74,0.94,1421.681159,0,1,82,40,2021-12-01 03:00:00,3,1,12,2,4,0,0.7071067811865476,0.7071067811865476,-2.4492935982947064e-16,1.0,0.9749279121818236,-0.22252093395631434,1622.9726706333333,448.23595266298764,2167.341156,829.2435728,1421.681159,1556.039805,1548.675124,0.0,-134.3586459999999,1059.3638,1421.681159
11.8,74,0.94,1421.681159,0,1,82,40,2021-12-01 04:00:00,4,1,12,2,4,0,0.8660254037844386,0.5000000000000001,-2.4492935982947064e-16,1.0,0.9749279121818236,-0.22252093395631434,1617.9381762583334,449.8546315921266,2167.341156,829.2435728,1421.681159,1542.509024,1535.324477,0.0,-120.82786499999997,1138.8412,1421.681159
11.8,81,0.94,1556.164512,0,1,82,40,2021-12-01 05:00:00,5,1,12,2,4,0,0.9659258262890683,0.25881904510252074,-2.4492935982947064e-16,1.0,0.9749279121818236,-0.22252093395631434,1619.0709374666667,449.6550697509135,2167.341156,829.2435728,1421.681159,1528.978243,1591.494885,134.48335300000008,27.18626900000004,1253.8042,1556.164512
11.8,102,0.94,1959.614571,0,1,85,30,2021-12-01 06:00:00,6,1,12,2,4,0,1.0,6.123233995736766e-17,-2.4492935982947064e-16,1.0,0.9749279121818236,-0.22252093395631434,1623.4430667166669,452.54644773847224,2167.341156,829.2435728,1556.164512,1854.683469,1385.536723,403.450059,104.93110200000001,1392.9827,1959.6145709999998
11.8,112,0.94,2151.733646,0,1,85,30,2021-12-01 07:00:00,7,1,12,2,4,0,0.9659258262890683,-0.25881904510252063,-2.4492935982947064e-16,1.0,0.9749279121818236,-0.22252093395631434,1628.9138213416666,458.3111827717696,2167.341156,829.2435728,1959.614571,2020.435535,1853.623454,192.11907500000007,131.29811100000006,1619.5935,2151.733646
11.4,120,0.94,2227.278774,0,1,85,30,2021-12-01 08:00:00,8,1,12,2,4,0,0.8660254037844387,-0.4999999999999998,-2.4492935982947064e-16,1.0,0.9749279121818236,-0.22252093395631434,1636.0221578416667,466.4843242603353,2227.278774,829.2435728,2151.733646,2056.678698,1888.628201,75.54512799999975,170.60007599999972,1734.8262,2227.278774
11.4,126,0.94,2338.642713,0,1,81,40,2021-12-01 09:00:00,9,1,12,2,4,0,0.7071067811865476,-0.7071067811865475,-2.4492935982947064e-16,1.0,0.9749279121818236,-0.22252093395631434,1647.7706584666666,480.86816575769296,2338.642713,829.2435728,2227.278774,2056.678698,1778.729577,111.3639390000003,281.964015,1764.1134,2338.642713
11.4,133,0.94,2468.567308,0,1,81,40,2021-12-01 10:00:00,10,1,12,2,4,0,0.49999999999999994,-0.8660254037844387,-2.4492935982947064e-16,1.0,0.9749279121818236,-0.22252093395631434,1664.9326838833333,502.94000625873593,2468.567308,829.2435728,2338.642713,2056.678698,1661.992817,129.92459499999995,411.88860999999997,1814.4125,2468.567308
11.4,126,0.94,2338.642713,0,1,81,40,2021-12-01 11:00:00,11,1,12,2,4,0,0.258819045102521,-0.9659258262890682,-2.4492935982947064e-16,1.0,0.9749279121818236,-0.22252093395631434,1672.8420938833333,512.2863852613611,2468.567308,829.2435728,2468.567308,2148.816873,1813.083073,-129.92459499999995,189.82583999999997,1900.5433,2338.642713
11.5,112,0.94,2097.028554,0,1,73,76,2021-12-01 12:00:00,12,1,12,2,4,0,1.2246467991473532e-16,-1.0,-2.4492935982947064e-16,1.0,0.9749279121818236,-0.22252093395631434,1677.6308535500002,515.8278781478316,2468.567308,829.2435728,2338.642713,1982.098322,1813.083073,-241.6141590000002,114.93023199999993,1972.3624,2097.028554
11.5,124,0.94,2321.710184,0,1,73,76,2021-12-01 13:00:00,13,1,12,2,4,0,-0.2588190451025208,-0.9659258262890683,-2.4492935982947064e-16,1.0,0.9749279121818236,-0.22252093395631434,1693.2646328,529.8270874775786,2468.567308,829.2435728,2097.028554,1946.499482,1661.992817,224.68163000000004,375.2107020000001,1889.063,2321.710184
11.4,119,0.94,2208.718118,0,1,73,76,2021-12-01 14:00:00,14,1,12,2,4,0,-0.4999999999999997,-0.8660254037844388,-2.4492935982947064e-16,1.0,0.9749279121818236,-0.22252093395631434,1699.5996086333332,535.2425060679064,2468.567308,829.2435728,2321.710184,2056.678698,1643.106534,-112.99206600000025,152.0394199999996,1940.524,2208.718118
11.4,112,0.94,2078.793523,0,1,71,87,2021-12-01 15:00:00,15,1,12,2,4,0,-0.7071067811865471,-0.7071067811865479,-2.4492935982947064e-16,1.0,0.9749279121818236,-0.22252093395631434,1695.9101239249997,532.1745219366055,2468.567308,829.2435728,2208.718118,2167.341156,1586.447688,-129.92459499999995,-88.54763300000013,1835.2418,2078.793523
11.5,98,0.94,1834.899985,0,1,71,87,2021-12-01 16:00:00,16,1,12,2,4,0,-0.8660254037844385,-0.5000000000000004,-2.4492935982947064e-16,1.0,0.9749279121818236,-0.22252093395631434,1690.4950114249998,529.9754932847694,2468.567308,829.2435728,2078.793523,1964.862685,1666.388761,-243.8935379999998,-129.96270000000004,1692.1111,1834.8999850000002
11.6,62,0.94,1170.949484,0,1,71,87,2021-12-01 17:00:00,17,1,12,2,4,0,-0.9659258262890683,-0.25881904510252063,-2.4492935982947064e-16,1.0,0.9749279121818236,-0.22252093395631434,1659.8717758,538.1579261103273,2468.567308,829.2435728,1834.899985,1905.907139,1643.106534,-663.950501,-734.9576549999999,1250.0349,1170.949484
11.6,63,0.94,1189.835766,0,1,68,84,2021-12-01 18:00:00,18,1,12,2,4,0,-1.0,-1.8369701987210297e-16,-2.4492935982947064e-16,1.0,0.9749279121818236,-0.22252093395631434,1661.1777420916667,536.9249297125257,2468.567308,829.2435728,1170.949484,1158.492575,1152.063202,18.886281999999937,31.343190999999933,820.498,1189.8357659999997
11.6,61,0.94,1152.063202,0,1,68,84,2021-12-01 19:00:00,19,1,12,2,4,0,-0.9659258262890684,0.2588190451025203,-2.4492935982947064e-16,1.0,0.9749279121818236,-0.22252093395631434,1660.869581383333,537.227441197269,2468.567308,829.2435728,1189.835766,1159.459059,1161.994782,-37.772563999999875,-7.395856999999978,751.36584,1152.063202
11.6,54,0.94,1019.859228,0,1,68,84,2021-12-01 20:00:00,20,1,12,2,4,0,-0.8660254037844386,0.5000000000000001,-2.4492935982947064e-16,1.0,0.9749279121818236,-0.22252093395631434,1658.9859761333335,539.4817707926297,2468.567308,829.2435728,1152.063202,1065.065754,1066.749308,-132.20397400000002,-45.20652599999994,682.39636,1019.8592279999999
11.6,53,0.94,1000.972946,0,1,67,94,2021-12-01 21:00:00,21,1,12,2,4,0,-0.7071067811865477,0.7071067811865474,-2.4492935982947064e-16,1.0,0.9749279121818236,-0.22252093395631434,1661.7653403166669,535.744636911857,2468.567308,829.2435728,1019.859228,934.2682056,990.5529286,-18.88628200000005,66.70474039999999,600.20197,1000.972946
11.6,46,0.94,868.7689723,0,1,67,94,2021-12-01 22:00:00,22,1,12,2,4,0,-0.5000000000000004,0.8660254037844384,-2.4492935982947064e-16,1.0,0.9749279121818236,-0.22252093395631434,1663.4122319625,533.1285398387653,2468.567308,829.2435728,1000.972946,829.2435728,838.1601704,-132.2039737,39.525399499999935,620.04364,868.7689723
11.6,44,0.94,830.9964083,0,1,67,94,2021-12-01 23:00:00,23,1,12,2,4,0,-0.25881904510252157,0.9659258262890681,-2.4492935982947064e-16,1.0,0.9749279121818236,-0.22252093395631434,1663.4852667750001,533.009402940179,2468.567308,830.9964083,868.7689723,829.2435728,838.1601704,-37.77256399999999,1.7528354999999465,632.94006,830.9964083
11.6,74,0.95,1412.452793,0,1,69,91,2021-12-02 00:00:00,0,2,12,3,4,0,0.0,1.0,-2.4492935982947064e-16,1.0,0.43388373911755823,-0.900968867902419,1663.100751525,533.1947222098514,2468.567308,830.9964083,830.9964083,1421.681159,1083.751118,581.4563847,-9.228366000000051,791.5952,1412.4527929999997
11.6,74,0.95,1412.452793,0,1,69,91,2021-12-02 01:00:00,1,2,12,3,4,0,0.25881904510252074,0.9659258262890683,-2.4492935982947064e-16,1.0,0.43388373911755823,-0.900968867902419,1662.7162362749998,533.3796878412098,2468.567308,830.9964083,1412.452793,1421.681159,1083.751118,0.0,-9.228366000000051,1303.1206,1412.4527929999997
11.6,74,0.95,1412.452793,0,1,69,91,2021-12-02 02:00:00,2,2,12,3,4,0,0.49999999999999994,0.8660254037844387,-2.4492935982947064e-16,1.0,0.43388373911755823,-0.900968867902419,1662.331721025,533.5643002020315,2468.567308,830.9964083,1412.452793,1421.681159,1083.751118,0.0,-9.228366000000051,1388.8984,1412.4527929999997
11.5,78,0.95,1475.967096,0,1,78,61,2021-12-02 03:00:00,3,2,12,3,4,0,0.7071067811865476,0.7071067811865476,-2.4492935982947064e-16,1.0,0.43388373911755823,-0.900968867902419,1664.5936350666668,532.613985623756,2468.567308,830.9964083,1412.452793,1421.681159,1083.751118,63.514303000000154,54.285937000000104,1453.6759,1475.9670960000003
11.5,78,0.95,1475.967096,0,1,78,61,2021-12-02 04:00:00,4,2,12,3,4,0,0.8660254037844386,0.5000000000000001,-2.4492935982947064e-16,1.0,0.43388373911755823,-0.900968867902419,1666.8555491083334,531.6519307892589,2468.567308,830.9964083,1475.967096,1421.681159,1185.554137,0.0,54.285937000000104,1590.1215,1475.9670960000003
11.4,90,0.95,1688.229922,0,1,78,61,2021-12-02 05:00:00,5,2,12,3,4,0,0.9659258262890683,0.25881904510252074,-2.4492935982947064e-16,1.0,0.43388373911755823,-0.900968867902419,1672.3582745249998,531.1396473706288,2468.567308,830.9964083,1475.967096,1556.164512,1222.602704,212.2628259999999,132.06540999999993,1670.024,1688.229922
11.2,104,0.95,1916.618142,0,1,84,40,2021-12-02 06:00:00,6,2,12,3,4,0,1.0,6.123233995736766e-17,-2.4492935982947064e-16,1.0,0.43388373911755823,-0.900968867902419,1670.56675665,530.2002964151403,2468.567308,830.9964083,1688.229922,1959.614571,1685.709788,228.38822000000005,-42.996429000000035,1891.8475,1916.618142
11.5,121,0.95,2289.641264,0,1,84,40,2021-12-02 07:00:00,7,2,12,3,4,0,0.9659258262890683,-0.25881904510252063,-2.4492935982947064e-16,1.0,0.43388373911755823,-0.900968867902419,1676.3129073999999,536.3533626586864,2468.567308,830.9964083,1916.618142,2151.733646,1889.476905,373.02312199999983,137.90761799999973,2063.3176,2289.641264
11.5,117,0.95,2213.950644,0,1,84,40,2021-12-02 08:00:00,8,2,12,3,4,0,0.8660254037844387,-0.4999999999999998,-2.4492935982947064e-16,1.0,0.43388373911755823,-0.900968867902419,1675.7575686500002,535.7646680676814,2468.567308,830.9964083,2289.641264,2227.278774,1700.368134,-75.69061999999985,-13.328129999999874,2252.3496,2213.950644
11.5,113,0.95,2138.260023,0,1,81,45,2021-12-02 09:00:00,9,2,12,3,4,0,0.7071067811865476,-0.7071067811865475,-2.4492935982947064e-16,1.0,0.43388373911755823,-0.900968867902419,1667.4082898999998,526.465890731561,2468.567308,830.9964083,2213.950644,2338.642713,1685.709788,-75.69062100000019,-200.38269000000037,2172.1216,2138.260023
11.5,115,0.95,2176.105333,0,1,81,45,2021-12-02 10:00:00,10,2,12,3,4,0,0.49999999999999994,-0.8660254037844387,-2.4492935982947064e-16,1.0,0.43388373911755823,-0.900968867902419,1655.222374275,510.2505214539101,2338.642713,830.9964083,2138.260023,2468.567308,1634.325037,37.845310000000154,-292.46197500000017,2140.391,2176.105333
11.6,122,0.95,2328.638388,0,1,81,45,2021-12-02 11:00:00,11,2,12,3,4,0,0.258819045102521,-0.9659258262890682,-2.4492935982947064e-16,1.0,0.43388373911755823,-0.900968867902419,1654.8055273999998,509.6716877900043,2328.638388,830.9964083,2176.105333,2338.642713,1597.598632,152.53305499999988,-10.004325000000335,2147.4243,2328.638388
11.3,122,0.95,2268.414981,0,1,76,67,2021-12-02 12:00:00,12,2,12,3,4,0,1.2246467991473532e-16,-1.0,-2.4492935982947064e-16,1.0,0.43388373911755823,-0.900968867902419,1661.9466285249998,517.2810077781595,2328.638388,830.9964083,2328.638388,2097.028554,1505.782618,-60.22340699999995,171.3864269999999,2203.5938,2268.414981
11.3,120,0.95,2231.22785,0,1,76,67,2021-12-02 13:00:00,13,2,12,3,4,0,-0.2588190451025208,-0.9659258262890683,-2.4492935982947064e-16,1.0,0.43388373911755823,-0.900968867902419,1658.1765312750001,512.571682197007,2328.638388,830.9964083,2268.414981,2321.710184,1469.056213,-37.18713099999968,-90.48233399999981,2167.4656,2231.22785
11.3,118,0.95,2194.040719,0,1,76,67,2021-12-02 14:00:00,14,2,12,3,4,0,-0.4999999999999997,-0.8660254037844388,-2.4492935982947064e-16,1.0,0.43388373911755823,-0.900968867902419,1657.564972983333,511.8945708734596,2328.638388,830.9964083,2231.22785,2208.718118,1481.942671,-37.187131000000136,-14.677398999999696,2137.6726,2194.040719
11.3,118,0.95,2194.040719,0,1,73,83,2021-12-02 15:00:00,15,2,12,3,4,0,-0.7071067811865471,-0.7071067811865479,-2.4492935982947064e-16,1.0,0.43388373911755823,-0.900968867902419,1662.3669394833335,516.5373217882552,2328.638388,830.9964083,2194.040719,2078.793523,1420.087673,0.0,115.24719600000026,2029.6256,2194.040719
11.3,115,0.95,2138.260023,0,1,73,83,2021-12-02 16:00:00,16,2,12,3,4,0,-0.8660254037844385,-0.5000000000000004,-2.4492935982947064e-16,1.0,0.43388373911755823,-0.900968867902419,1675.0069410666665,524.5917921993511,2328.638388,830.9964083,2194.040719,1834.899985,1241.126987,-55.78069600000026,303.3600379999998,1806.5304,2138.260023
11.3,105,0.95,1952.324369,0,1,73,83,2021-12-02 17:00:00,17,2,12,3,4,0,-0.9659258262890683,-0.25881904510252063,-2.4492935982947064e-16,1.0,0.43388373911755823,-0.900968867902419,1707.5642279416668,516.1273942718483,2328.638388,830.9964083,2138.260023,1170.949484,1481.942671,-185.9356539999999,781.374885,1438.0585,1952.324369
11.6,63,0.95,1202.493594,0,1,69,95,2021-12-02 18:00:00,18,2,12,3,4,0,-1.0,-1.8369701987210297e-16,-2.4492935982947064e-16,1.0,0.43388373911755823,-0.900968867902419,1708.0916374416665,515.5815253215882,2328.638388,830.9964083,1952.324369,1189.835766,1158.492575,-749.8307749999999,12.657828000000109,963.9198,1202.493594
11.6,60,0.95,1145.231994,0,1,69,95,2021-12-02 19:00:00,19,2,12,3,4,0,-0.9659258262890684,0.2588190451025203,-2.4492935982947064e-16,1.0,0.43388373911755823,-0.900968867902419,1707.807003775,515.9036194796764,2328.638388,830.9964083,1202.493594,1152.063202,1139.807211,-57.261600000000044,-6.831208000000061,658.7588,1145.231994
11.6,54,0.95,1030.708795,0,1,69,95,2021-12-02 20:00:00,20,2,12,3,4,0,-0.8660254037844386,0.5000000000000001,-2.4492935982947064e-16,1.0,0.43388373911755823,-0.900968867902419,1708.2590690666666,515.2789646750323,2328.638388,830.9964083,1145.231994,1019.859228,1102.436483,-114.52319899999998,10.849566999999979,634.67633,1030.708795
11.6,51,0.95,973.4471949,0,1,70,93,2021-12-02 21:00:00,21,2,12,3,4,0,-0.7071067811865477,0.7071067811865474,-2.4492935982947064e-16,1.0,0.43388373911755823,-0.900968867902419,1707.1121627708333,516.9496117114234,2328.638388,830.9964083,1030.708795,1000.972946,1055.400911,-57.26160010000001,-27.52575109999998,646.5666,973.4471949
11.6,46,0.95,878.0111954,0,1,70,93,2021-12-02 22:00:00,22,2,12,3,4,0,-0.5000000000000004,0.8660254037844384,-2.4492935982947064e-16,1.0,0.43388373911755823,-0.900968867902419,1707.4972553999999,516.3009854428126,2328.638388,830.9964083,973.4471949,868.7689723,904.6293522,-95.43599949999998,9.242223100000047,724.95874,878.0111954
11.6,44,0.95,839.8367956,0,1,70,93,2021-12-02 23:00:00,23,2,12,3,4,0,-0.25881904510252157,0.9659258262890681,-2.4492935982947064e-16,1.0,0.43388373911755823,-0.900968867902419,1707.8656048708333,515.6512115877229,2328.638388,839.8367956,878.0111954,830.9964083,829.2435728,-38.17439980000006,8.840387299999975,757.59576,839.8367956
11.6,79,0.94,1492.016278,0,1,73,81,2021-12-03 00:00:00,0,3,12,4,4,0,0.0,1.0,-2.4492935982947064e-16,1.0,-0.433883739117558,-0.9009688679024191,1711.1807500791665,513.9222743745229,2328.638388,839.8367956,839.8367956,1412.452793,1085.961215,652.1794824000001,79.56348500000013,962.45856,1492.016278
11.6,79,0.94,1492.016278,0,1,73,81,2021-12-03 01:00:00,1,3,12,4,4,0,0.25881904510252074,0.9659258262890683,-2.4492935982947064e-16,1.0,-0.433883739117558,-0.9009688679024191,1714.4958952875002,512.1651102336757,2328.638388,839.8367956,1492.016278,1412.452793,1085.961215,0.0,79.56348500000013,1537.988,1492.016278
11.6,79,0.94,1492.016278,0,1,73,81,2021-12-03 02:00:00,2,3,12,4,4,0,0.49999999999999994,0.8660254037844387,-2.4492935982947064e-16,1.0,-0.433883739117558,-0.9009688679024191,1717.8110404958334,510.37942762131314,2328.638388,839.8367956,1492.016278,1412.452793,1085.961215,0.0,79.56348500000013,1534.3098,1492.016278
11.6,79,0.94,1492.016278,0,1,80,59,2021-12-03 03:00:00,3,3,12,4,4,0,0.7071067811865476,0.7071067811865476,-2.4492935982947064e-16,1.0,-0.433883739117558,-0.9009688679024191,1718.4797564125,510.05919230820035,2328.638388,839.8367956,1492.016278,1475.967096,1085.961215,0.0,16.049181999999973,1636.5023,1492.016278
11.5,86,0.94,1610.218354,0,1,80,59,2021-12-03 04:00:00,4,3,12,4,4,0,0.8660254037844386,0.5000000000000001,-2.4492935982947064e-16,1.0,-0.433883739117558,-0.9009688679024191,1724.0735588291666,508.01600017239645,2328.638388,839.8367956,1492.016278,1475.967096,1113.639387,118.20207600000003,134.251258,1777.9935,1610.218354
11.3,93,0.94,1710.999462,0,1,80,59,2021-12-03 05:00:00,5,3,12,4,4,0,0.9659258262890683,0.25881904510252074,-2.4492935982947064e-16,1.0,-0.433883739117558,-0.9009688679024191,1725.0222896625,507.9674100064322,2328.638388,839.8367956,1610.218354,1688.229922,1246.494612,100.7811079999999,22.769540000000006,2006.9388,1710.9994620000002
11.3,105,0.94,1931.773586,0,1,86,41,2021-12-03 06:00:00,6,3,12,4,4,0,1.0,6.123233995736766e-17,-2.4492935982947064e-16,1.0,-0.433883739117558,-0.9009688679024191,1725.6537664958332,508.2253017609972,2328.638388,839.8367956,1710.999462,1916.618142,1473.129996,220.77412400000003,15.155443999999989,2127.1555,1931.773586
11.4,119,0.94,2208.718118,0,1,86,41,2021-12-03 07:00:00,7,3,12,4,4,0,0.9659258262890683,-0.25881904510252063,-2.4492935982947064e-16,1.0,-0.433883739117558,-0.9009688679024191,1722.2819687458334,504.57620758168355,2328.638388,839.8367956,1931.773586,2289.641264,1689.019737,276.94453199999975,-80.92314600000009,2280.7031,2208.718118
11.4,126,0.94,2338.642713,0,1,86,41,2021-12-03 08:00:00,8,3,12,4,4,0,0.8660254037844387,-0.4999999999999998,-2.4492935982947064e-16,1.0,-0.433883739117558,-0.9009688679024191,1727.4774716208333,510.46649916697936,2338.642713,839.8367956,2208.718118,2213.950644,1813.083073,129.9245950000004,124.69206900000017,2396.2332,2338.642713
11.4,121,0.94,2245.839431,0,1,80,56,2021-12-03 09:00:00,9,3,12,4,4,0,0.7071067811865476,-0.7071067811865475,-2.4492935982947064e-16,1.0,-0.433883739117558,-0.9009688679024191,1731.959946954167,514.6853690710009,2338.642713,839.8367956,2338.642713,2138.260023,2041.67221,-92.80328200000031,107.57940800000006,2358.8416,2245.839431
11.5,128,0.94,2396.604061,0,1,80,56,2021-12-03 10:00:00,10,3,12,4,4,0,0.49999999999999994,-0.8660254037844387,-2.4492935982947064e-16,1.0,-0.433883739117558,-0.9009688679024191,1741.1473939541668,524.8264526461894,2396.604061,839.8367956,2245.839431,2176.105333,2041.67221,150.76463000000012,220.49872800000003,2312.0518,2396.604061
11.4,124,0.94,2301.5214,0,1,80,56,2021-12-03 11:00:00,11,3,12,4,4,0,0.258819045102521,-0.9659258262890682,-2.4492935982947064e-16,1.0,-0.433883739117558,-0.9009688679024191,1740.0175194541669,523.5342787626373,2396.604061,839.8367956,2396.604061,2328.638388,2041.67221,-95.08266099999992,-27.116987999999765,2441.0283,2301.5214
11.5,126,0.94,2359.157123,0,1,73,79,2021-12-03 12:00:00,12,3,12,4,4,0,1.2246467991473532e-16,-1.0,-2.4492935982947064e-16,1.0,-0.433883739117558,-0.9009688679024191,1743.7984420375003,527.8263106201289,2396.604061,839.8367956,2301.5214,2268.414981,2039.718457,57.63572299999987,90.74214200000006,2476.016,2359.157123
11.5,124,0.94,2321.710184,0,1,73,79,2021-12-03 13:00:00,13,3,12,4,4,0,-0.2588190451025208,-0.9659258262890683,-2.4492935982947064e-16,1.0,-0.433883739117558,-0.9009688679024191,1747.5685392875,531.7676655457137,2396.604061,839.8367956,2359.157123,2231.22785,2039.718457,-37.44693899999993,90.48233399999981,2500.8604,2321.710184
11.5,122,0.94,2284.263246,0,1,73,79,2021-12-03 14:00:00,14,3,12,4,4,0,-0.4999999999999997,-0.8660254037844388,-2.4492935982947064e-16,1.0,-0.433883739117558,-0.9009688679024191,1751.3278112458336,535.3679020562605,2396.604061,839.8367956,2321.710184,2194.040719,2041.67221,-37.446938000000046,90.2225269999999,2416.754,2284.263246
11.4,126,0.94,2338.642713,0,1,70,85,2021-12-03 15:00:00,15,3,12,4,4,0,-0.7071067811865471,-0.7071067811865479,-2.4492935982947064e-16,1.0,-0.433883739117558,-0.9009688679024191,1757.3528943291667,541.3471528953322,2396.604061,839.8367956,2284.263246,2194.040719,2041.67221,54.379467000000204,144.6019940000001,2335.053,2338.642713
11.5,120,0.94,2246.816308,0,1,70,85,2021-12-03 16:00:00,16,3,12,4,4,0,-0.8660254037844385,-0.5000000000000004,-2.4492935982947064e-16,1.0,-0.433883739117558,-0.9009688679024191,1761.8760728708332,545.108612711124,2396.604061,839.8367956,2338.642713,2138.260023,1893.186958,-91.82640500000025,108.55628500000012,2141.2825,2246.816308
11.7,112,0.94,2133.498616,0,1,70,85,2021-12-03 17:00:00,17,3,12,4,4,0,-0.9659258262890683,-0.25881904510252063,-2.4492935982947064e-16,1.0,-0.433883739117558,-0.9009688679024191,1769.4249998291668,549.1005800753278,2396.604061,839.8367956,2246.816308,1952.324369,1943.007668,-113.31769200000008,181.17424699999992,1763.3795,2133.498616
11.6,62,0.94,1170.949484,0,1,72,86,2021-12-03 18:00:00,18,3,12,4,4,0,-1.0,-1.8369701987210297e-16,-2.4492935982947064e-16,1.0,-0.433883739117558,-0.9009688679024191,1768.1106619125,550.552431906991,2396.604061,839.8367956,2133.498616,1202.493594,1170.949484,-962.5491319999999,-31.544110000000046,1289.6875,1170.949484
11.6,62,0.94,1170.949484,0,1,72,86,2021-12-03 19:00:00,19,3,12,4,4,0,-0.9659258262890684,0.2588190451025203,-2.4492935982947064e-16,1.0,-0.433883739117558,-0.9009688679024191,1769.1822239958335,549.311016123177,2396.604061,839.8367956,1170.949484,1145.231994,1152.063202,0.0,25.717489999999998,675.6592,1170.949484
11.6,54,0.94,1019.859228,0,1,72,86,2021-12-03 20:00:00,20,3,12,4,4,0,-0.8660254037844386,0.5000000000000001,-2.4492935982947064e-16,1.0,-0.433883739117558,-0.9009688679024191,1768.7301587041666,549.949273086441,2396.604061,839.8367956,1170.949484,1030.708795,1114.290638,-151.09025599999995,-10.849566999999979,681.9299,1019.8592279999999
11.7,48,0.94,914.3565495,0,1,67,92,2021-12-03 21:00:00,21,3,12,4,4,0,-0.7071067811865477,0.7071067811865474,-2.4492935982947064e-16,1.0,-0.433883739117558,-0.9009688679024191,1766.2680484791665,553.7834474019209,2396.604061,839.8367956,1019.859228,973.4471949,1028.651118,-105.5026785,-59.09064539999997,656.5067,914.3565495
11.7,44,0.94,838.1601704,0,1,67,92,2021-12-03 22:00:00,22,3,12,4,4,0,-0.5000000000000004,0.8660254037844384,-2.4492935982947064e-16,1.0,-0.433883739117558,-0.9009688679024191,1764.6075891041667,556.6150913246742,2396.604061,838.1601704,914.3565495,878.0111954,914.3565495,-76.19637910000006,-39.85102500000005,717.43353,838.1601704
11.7,44,0.94,838.1601704,0,1,67,92,2021-12-03 23:00:00,23,3,12,4,4,0,-0.25881904510252157,0.9659258262890681,-2.4492935982947064e-16,1.0,-0.433883739117558,-0.9009688679024191,1764.5377297208333,556.7362953724501,2396.604061,838.1601704,838.1601704,839.8367956,838.1601704,0.0,-1.6766251999999895,846.8408,838.1601704
11.6,74,0.94,1397.584868,0,1,71,82,2021-12-04 00:00:00,0,4,12,5,4,1,0.0,1.0,-2.4492935982947064e-16,1.0,-0.9749279121818236,-0.2225209339563146,1760.6030876375,559.0748128647053,2396.604061,838.1601704,838.1601704,1492.016278,1532.199857,559.4246976,-94.43141000000014,1073.5762,1397.5848679999997
11.6,74,0.94,1397.584868,0,1,71,82,2021-12-04 01:00:00,1,4,12,5,4,1,0.25881904510252074,0.9659258262890683,-2.4492935982947064e-16,1.0,-0.9749279121818236,-0.2225209339563146,1756.6684455541665,561.3748134253116,2396.604061,838.1601704,1397.584868,1492.016278,1532.199857,0.0,-94.43141000000014,1350.4425,1397.5848679999997
11.6,74,0.94,1397.584868,0,1,71,82,2021-12-04 02:00:00,2,4,12,5,4,1,0.49999999999999994,0.8660254037844387,-2.4492935982947064e-16,1.0,-0.9749279121818236,-0.2225209339563146,1752.7338034708334,563.6367685760343,2396.604061,838.1601704,1397.584868,1492.016278,1532.199857,0.0,-94.43141000000014,1507.8394,1397.5848679999997
11.6,74,0.94,1397.584868,0,1,71,82,2021-12-04 03:00:00,3,4,12,5,4,1,0.7071067811865476,0.7071067811865476,-2.4492935982947064e-16,1.0,-0.9749279121818236,-0.2225209339563146,1748.7991613875001,565.8611345615614,2396.604061,838.1601704,1397.584868,1492.016278,1532.199857,0.0,-94.43141000000014,1601.6091,1397.5848679999997
11.5,78,0.94,1460.4306,0,1,71,82,2021-12-04 04:00:00,4,4,12,5,4,1,0.8660254037844386,0.5000000000000001,-2.4492935982947064e-16,1.0,-0.9749279121818236,-0.2225209339563146,1742.5580049708333,568.2769487550619,2396.604061,838.1601704,1397.584868,1610.218354,1542.509024,62.845732,-149.78775400000018,1708.1149,1460.4306
11.6,96,0.94,1813.083073,0,1,84,31,2021-12-04 05:00:00,5,4,12,5,4,1,0.9659258262890683,0.25881904510252074,-2.4492935982947064e-16,1.0,-0.9749279121818236,-0.2225209339563146,1746.8114887625,568.4124923583472,2396.604061,838.1601704,1460.4306,1710.999462,1542.509024,352.6524730000001,102.08361100000002,1852.4867,1813.083073
11.4,116,0.94,2153.036149,0,1,84,31,2021-12-04 06:00:00,6,4,12,5,4,1,1.0,6.123233995736766e-17,-2.4492935982947064e-16,1.0,-0.9749279121818236,-0.2225209339563146,1756.0307622208336,573.3161026141586,2396.604061,838.1601704,1813.083073,1931.773586,1796.855489,339.953076,221.262563,2115.705,2153.036149
11.4,124,0.94,2301.5214,0,1,84,31,2021-12-04 07:00:00,7,4,12,5,4,1,0.9659258262890683,-0.25881904510252063,-2.4492935982947064e-16,1.0,-0.9749279121818236,-0.2225209339563146,1759.8975656374998,576.8044078352619,2396.604061,838.1601704,2153.036149,2208.718118,2111.768306,148.48525100000006,92.80328200000031,2286.9316,2301.5214
11.5,129,0.94,2415.327531,0,1,84,31,2021-12-04 08:00:00,8,4,12,5,4,1,0.8660254037844387,-0.4999999999999998,-2.4492935982947064e-16,1.0,-0.9749279121818236,-0.2225209339563146,1763.0927663875,580.3512408417092,2415.327531,838.1601704,2301.5214,2338.642713,2111.768306,113.80613099999982,76.68481799999972,2283.477,2415.327531
11.5,124,0.94,2321.710184,0,1,81,40,2021-12-04 09:00:00,9,4,12,5,4,1,0.7071067811865476,-0.7071067811865475,-2.4492935982947064e-16,1.0,-0.9749279121818236,-0.2225209339563146,1766.2540477624998,583.2943611947634,2415.327531,838.1601704,2415.327531,2245.839431,2056.678698,-93.61734699999988,75.87075300000015,2337.2341,2321.710184
11.4,124,0.94,2301.5214,0,1,81,40,2021-12-04 10:00:00,10,4,12,5,4,1,0.49999999999999994,-0.8660254037844387,-2.4492935982947064e-16,1.0,-0.9749279121818236,-0.2225209339563146,1762.2922702208332,579.1349048466071,2415.327531,838.1601704,2321.710184,2396.604061,2092.760781,-20.18878399999994,-95.08266099999992,2291.8308,2301.5214
11.5,126,0.94,2359.157123,0,1,81,40,2021-12-04 11:00:00,11,4,12,5,4,1,0.258819045102521,-0.9659258262890682,-2.4492935982947064e-16,1.0,-0.9749279121818236,-0.2225209339563146,1764.6937586791666,581.5824611921738,2415.327531,838.1601704,2301.5214,2301.5214,1946.499482,57.63572299999987,57.63572299999987,2284.9111,2359.157123
11.5,131,0.94,2452.774469,0,1,72,76,2021-12-04 12:00:00,12,4,12,5,4,1,1.2246467991473532e-16,-1.0,-2.4492935982947064e-16,1.0,-0.9749279121818236,-0.2225209339563146,1768.5944814291663,586.0397989864796,2452.774469,838.1601704,2359.157123,2359.157123,2000.622606,93.617346,93.617346,2363.4146,2452.774469
11.5,130,0.94,2434.051,0,1,72,76,2021-12-04 13:00:00,13,4,12,5,4,1,-0.2588190451025208,-0.9659258262890683,-2.4492935982947064e-16,1.0,-0.9749279121818236,-0.2225209339563146,1773.2753487624998,591.0767772954263,2452.774469,838.1601704,2452.774469,2321.710184,2000.622606,-18.723469000000023,112.3408159999999,2363.4424,2434.051
11.4,131,0.94,2431.445995,0,1,72,76,2021-12-04 14:00:00,14,4,12,5,4,1,-0.4999999999999997,-0.8660254037844388,-2.4492935982947064e-16,1.0,-0.9749279121818236,-0.2225209339563146,1779.4079633041665,597.339309172858,2452.774469,838.1601704,2434.051,2284.263246,2000.622606,-2.605004999999892,147.18274900000006,2335.98,2431.445995
11.4,134,0.94,2487.127965,0,1,69,85,2021-12-04 15:00:00,15,4,12,5,4,1,-0.7071067811865471,-0.7071067811865479,-2.4492935982947064e-16,1.0,-0.9749279121818236,-0.2225209339563146,1785.5948488041665,604.1139106087128,2487.127965,838.1601704,2431.445995,2338.642713,1873.046672,55.68197000000009,148.48525199999995,2337.9094,2487.127965
11.5,122,0.94,2284.263246,0,1,69,85,2021-12-04 16:00:00,16,4,12,5,4,1,-0.8660254037844385,-0.5000000000000004,-2.4492935982947064e-16,1.0,-0.9749279121818236,-0.2225209339563146,1787.1551378875001,605.4039147071279,2487.127965,838.1601704,2487.127965,2246.816308,1852.428339,-202.86471900000015,37.446938000000046,2277.0054,2284.263246
11.7,115,0.94,2190.6459,0,1,69,85,2021-12-04 17:00:00,17,4,12,5,4,1,-0.9659258262890683,-0.25881904510252063,-2.4492935982947064e-16,1.0,-0.9749279121818236,-0.2225209339563146,1789.5362747208335,606.935803977963,2487.127965,838.1601704,2284.263246,2133.498616,1926.525472,-93.617346,57.14728400000013,1687.9286,2190.6459
11.7,62,0.94,1181.043876,0,1,68,88,2021-12-04 18:00:00,18,4,12,5,4,1,-1.0,-1.8369701987210297e-16,-2.4492935982947064e-16,1.0,-0.9749279121818236,-0.2225209339563146,1789.9568743875,606.4918275877756,2487.127965,838.1601704,2190.6459,1170.949484,1158.492575,-1009.602024,10.09439199999997,1150.492,1181.043876
11.7,50,0.94,952.4547391,0,1,68,88,2021-12-04 19:00:00,19,4,12,5,4,1,-0.9659258262890684,0.2588190451025203,-2.4492935982947064e-16,1.0,-0.9749279121818236,-0.2225209339563146,1780.8529266833332,617.7235297562177,2487.127965,838.1601704,1181.043876,1170.949484,1139.807211,-228.58913689999997,-218.4947449,788.3012,952.4547391000001
11.7,55,0.94,1047.700213,0,1,68,88,2021-12-04 20:00:00,20,4,12,5,4,1,-0.8660254037844386,0.5000000000000001,-2.4492935982947064e-16,1.0,-0.9749279121818236,-0.2225209339563146,1782.012967725,616.2567031963968,2487.127965,838.1601704,952.4547391,1019.859228,1065.065754,95.24547390000009,27.840985000000046,781.0297,1047.700213
11.7,50,0.94,952.4547391,0,1,68,88,2021-12-04 21:00:00,21,4,12,5,4,1,-0.7071067811865477,0.7071067811865474,-2.4492935982947064e-16,1.0,-0.9749279121818236,-0.2225209339563146,1783.6003922916668,613.9693440153112,2487.127965,838.1601704,1047.700213,914.3565495,980.0151315,-95.24547390000009,38.098189599999955,825.7963,952.4547391000001
11.7,44,0.94,838.1601704,0,1,68,88,2021-12-04 22:00:00,22,4,12,5,4,1,-0.5000000000000004,0.8660254037844384,-2.4492935982947064e-16,1.0,-0.9749279121818236,-0.2225209339563146,1783.6003922916664,613.9693440153112,2487.127965,838.1601704,952.4547391,838.1601704,829.2435728,-114.29456870000001,0.0,910.4996,838.1601704
11.7,44,0.94,838.1601704,0,1,71,89,2021-12-04 23:00:00,23,4,12,5,4,1,-0.25881904510252157,0.9659258262890681,-2.4492935982947064e-16,1.0,-0.9749279121818236,-0.2225209339563146,1783.6003922916664,613.9693440153112,2487.127965,838.1601704,838.1601704,838.1601704,829.2435728,0.0,0.0,1049.4725,838.1601704
11.6,74,0.94,1397.584868,1,1,71,89,2021-12-05 00:00:00,0,5,12,6,4,1,0.0,1.0,-2.4492935982947064e-16,1.0,-0.7818314824680299,0.6234898018587334,1783.6003922916668,613.9693440153112,2487.127965,838.1601704,838.1601704,1397.584868,1374.278393,559.4246976,0.0,1282.1962,1397.5848679999997
11.6,74,0.94,1397.584868,1,1,71,89,2021-12-05 01:00:00,1,5,12,6,4,1,0.25881904510252074,0.9659258262890683,-2.4492935982947064e-16,1.0,-0.7818314824680299,0.6234898018587334,1783.6003922916668,613.9693440153112,2487.127965,838.1601704,1397.584868,1397.584868,1374.278393,0.0,0.0,1399.9203,1397.5848679999997
11.6,74,0.94,1397.584868,1,1,71,89,2021-12-05 02:00:00,2,5,12,6,4,1,0.49999999999999994,0.8660254037844387,-2.4492935982947064e-16,1.0,-0.7818314824680299,0.6234898018587334,1783.6003922916664,613.9693440153112,2487.127965,838.1601704,1397.584868,1397.584868,1374.278393,0.0,0.0,1505.5198,1397.5848679999997
11.5,74,0.94,1385.536723,1,1,81,48,2021-12-05 03:00:00,3,5,12,6,4,1,0.7071067811865476,0.7071067811865476,-2.4492935982947064e-16,1.0,-0.7818314824680299,0.6234898018587334,1783.09838625,614.3035231076842,2487.127965,838.1601704,1397.584868,1397.584868,1362.431165,-12.048144999999977,-12.048144999999977,1554.4042,1385.5367229999997
11.4,80,0.94,1484.852516,1,1,81,48,2021-12-05 04:00:00,4,5,12,6,4,1,0.8660254037844386,0.5000000000000001,-2.4492935982947064e-16,1.0,-0.7818314824680299,0.6234898018587334,1784.1159660833334,613.765784288178,2487.127965,838.1601704,1385.536723,1460.4306,1362.431165,99.31579299999999,24.42191600000001,1641.9764,1484.852516
11.3,93,0.94,1710.999462,1,1,81,48,2021-12-05 05:00:00,5,5,12,6,4,1,0.9659258262890683,0.25881904510252074,-2.4492935982947064e-16,1.0,-0.7818314824680299,0.6234898018587334,1779.8624822916665,613.9100200336599,2487.127965,838.1601704,1484.852516,1813.083073,1400.276475,226.14694600000007,-102.08361100000002,1786.9841,1710.9994620000002
11.2,104,0.94,1896.443214,1,1,85,32,2021-12-05 06:00:00,6,5,12,6,4,1,1.0,6.123233995736766e-17,-2.4492935982947064e-16,1.0,-0.7818314824680299,0.6234898018587334,1769.17111,609.3459052963685,2487.127965,838.1601704,1710.999462,2153.036149,1800.778584,185.4437519999999,-256.5929350000001,1952.2484,1896.4432140000001
11.4,112,0.94,2078.793523,1,1,85,32,2021-12-05 07:00:00,7,5,12,6,4,1,0.9659258262890683,-0.25881904510252063,-2.4492935982947064e-16,1.0,-0.7818314824680299,0.6234898018587334,1759.8907817916668,602.5438162852458,2487.127965,838.1601704,1896.443214,2301.5214,1950.843466,182.35030899999992,-222.72787700000026,2091.6934,2078.793523
11.4,139,0.94,2579.931247,1,1,85,32,2021-12-05 08:00:00,8,5,12,6,4,1,0.8660254037844387,-0.4999999999999998,-2.4492935982947064e-16,1.0,-0.7818314824680299,0.6234898018587334,1766.7492699583333,611.2033128691254,2579.931247,838.1601704,2078.793523,2415.327531,2214.115188,501.13772400000016,164.60371600000008,2105.2373,2579.931247
11.3,147,0.94,2704.483021,1,1,82,44,2021-12-05 09:00:00,9,5,12,6,4,1,0.7071067811865476,-0.7071067811865475,-2.4492935982947064e-16,1.0,-0.7818314824680299,0.6234898018587334,1782.6981381666667,630.9880602614659,2704.483021,838.1601704,2579.931247,2321.710184,2288.48945,124.55177400000002,382.772837,2295.4893,2704.483021
11.3,151,0.94,2778.074395,1,1,82,44,2021-12-05 10:00:00,10,5,12,6,4,1,0.49999999999999994,-0.8660254037844387,-2.4492935982947064e-16,1.0,-0.7818314824680299,0.6234898018587334,1802.5545129583331,655.063559518214,2778.074395,838.1601704,2704.483021,2301.5214,2195.027988,73.59137400000009,476.552995,2357.016,2778.074395
11.3,151,0.94,2778.074395,1,1,82,44,2021-12-05 11:00:00,11,5,12,6,4,1,0.258819045102521,-0.9659258262890682,-2.4492935982947064e-16,1.0,-0.7818314824680299,0.6234898018587334,1820.0093992916666,675.7929501088536,2778.074395,838.1601704,2778.074395,2359.157123,2138.260023,0.0,418.91727200000014,2330.76,2778.074395
11.4,146,0.94,2709.855842,1,1,73,81,2021-12-05 12:00:00,12,5,12,6,4,1,1.2246467991473532e-16,-1.0,-2.4492935982947064e-16,1.0,-0.7818314824680299,0.6234898018587334,1830.7211231666668,688.1826045608551,2778.074395,838.1601704,2778.074395,2452.774469,2024.724093,-68.21855300000016,257.081373,2305.2097,2709.855842
11.5,138,0.94,2583.838754,1,1,73,81,2021-12-05 13:00:00,13,5,12,6,4,1,-0.2588190451025208,-0.9659258262890683,-2.4492935982947064e-16,1.0,-0.7818314824680299,0.6234898018587334,1836.9622795833336,694.5419576912919,2778.074395,838.1601704,2709.855842,2434.051,2024.724093,-126.01708800000006,149.78775399999995,2302.4614,2583.838754
11.5,138,0.94,2583.838754,1,1,73,81,2021-12-05 14:00:00,14,5,12,6,4,1,-0.4999999999999997,-0.8660254037844388,-2.4492935982947064e-16,1.0,-0.7818314824680299,0.6234898018587334,1843.311977875,700.8808788248879,2778.074395,838.1601704,2583.838754,2431.445995,2024.724093,0.0,152.39275899999984,2339.8816,2583.838754
11.4,139,0.94,2579.931247,1,1,70,87,2021-12-05 15:00:00,15,5,12,6,4,1,-0.7071067811865471,-0.7071067811865479,-2.4492935982947064e-16,1.0,-0.7818314824680299,0.6234898018587334,1847.1787812916666,704.8321482352031,2778.074395,838.1601704,2583.838754,2487.127965,2081.492058,-3.907506999999896,92.80328199999985,2354.1924,2579.931247
11.5,120,0.94,2246.816308,1,1,70,87,2021-12-05 16:00:00,16,5,12,6,4,1,-0.8660254037844385,-0.5000000000000004,-2.4492935982947064e-16,1.0,-0.7818314824680299,0.6234898018587334,1845.6184922083332,703.8632868332796,2778.074395,838.1601704,2579.931247,2284.263246,2138.260023,-333.11493900000005,-37.446938000000046,2349.0815,2246.816308
11.6,118,0.94,2228.581277,1,1,70,87,2021-12-05 17:00:00,17,5,12,6,4,1,-0.9659258262890683,-0.25881904510252063,-2.4492935982947064e-16,1.0,-0.7818314824680299,0.6234898018587334,1847.1991329166665,704.7138713504805,2778.074395,838.1601704,2246.816308,2190.6459,1570.580371,-18.235031000000163,37.93537699999979,1888.7008,2228.581277
11.7,62,0.94,1181.043876,1,1,70,87,2021-12-05 18:00:00,18,5,12,6,4,1,-1.0,-1.8369701987210297e-16,-2.4492935982947064e-16,1.0,-0.7818314824680299,0.6234898018587334,1847.1991329166667,704.7138713504805,2778.074395,838.1601704,2228.581277,1181.043876,1565.150392,-1047.5374009999998,0.0,1105.0131,1181.043876
11.7,58,0.94,1104.847497,1,1,67,90,2021-12-05 19:00:00,19,5,12,6,4,1,-0.9659258262890684,0.2588190451025203,-2.4492935982947064e-16,1.0,-0.7818314824680299,0.6234898018587334,1853.5488311624997,696.9451511059207,2778.074395,838.1601704,1181.043876,952.4547391,1145.231994,-76.19637899999998,152.3927579,791.8623,1104.847497
11.7,55,0.94,1047.700213,1,1,67,90,2021-12-05 20:00:00,20,5,12,6,4,1,-0.8660254037844386,0.5000000000000001,-2.4492935982947064e-16,1.0,-0.7818314824680299,0.6234898018587334,1853.5488311625002,696.9451511059207,2778.074395,838.1601704,1104.847497,1047.700213,1107.057594,-57.1472839999999,0.0,729.9841,1047.700213
11.7,50,0.94,952.4547391,1,1,67,90,2021-12-05 21:00:00,21,5,12,6,4,1,-0.7071067811865477,0.7071067811865474,-2.4492935982947064e-16,1.0,-0.7818314824680299,0.6234898018587334,1853.5488311625002,696.9451511059208,2778.074395,838.1601704,1047.700213,952.4547391,1030.708795,-95.24547390000009,0.0,701.5625,952.4547391000001
11.7,44,0.94,838.1601704,1,1,67,90,2021-12-05 22:00:00,22,5,12,6,4,1,-0.5000000000000004,0.8660254037844384,-2.4492935982947064e-16,1.0,-0.7818314824680299,0.6234898018587334,1853.5488311625002,696.9451511059208,2778.074395,838.1601704,952.4547391,838.1601704,916.1855952,-114.29456870000001,0.0,799.90515,838.1601704
11.7,44,0.94,838.1601704,1,1,67,90,2021-12-05 23:00:00,23,5,12,6,4,1,-0.25881904510252157,0.9659258262890681,-2.4492935982947064e-16,1.0,-0.7818314824680299,0.6234898018587334,1853.5488311625002,696.9451511059208,2778.074395,838.1601704,838.1601704,838.1601704,847.0767679,0.0,0.0,936.5142,838.1601704
11.5,83,0.95,1570.580371,0,1,72,84,2021-12-06 00:00:00,0,6,12,0,4,0,0.0,1.0,-2.4492935982947064e-16,1.0,0.0,1.0,1860.7569771208334,692.907219488997,2778.074395,838.1601704,838.1601704,1397.584868,1316.414039,732.4202006,172.9955030000001,1219.551,1570.580371
11.5,83,0.95,1570.580371,0,1,72,84,2021-12-06 01:00:00,1,6,12,0,4,0,0.25881904510252074,0.9659258262890683,-2.4492935982947064e-16,1.0,0.0,1.0,1867.9651230791667,688.7669077573084,2778.074395,838.1601704,1570.580371,1397.584868,1316.414039,0.0,172.9955030000001,1509.8993,1570.580371
11.5,83,0.95,1570.580371,0,1,72,84,2021-12-06 02:00:00,2,6,12,0,4,0,0.49999999999999994,0.8660254037844387,-2.4492935982947064e-16,1.0,0.0,1.0,1875.1732690375002,684.5223581847631,2778.074395,838.1601704,1570.580371,1397.584868,1305.065642,0.0,172.9955030000001,1500.9357,1570.580371
11.5,83,0.95,1570.580371,0,1,83,56,2021-12-06 03:00:00,3,6,12,0,4,0,0.7071067811865476,0.7071067811865476,-2.4492935982947064e-16,1.0,0.0,1.0,1882.8834210374998,679.7933165860911,2778.074395,838.1601704,1570.580371,1385.536723,1305.065642,0.0,185.04364800000008,1538.3553,1570.580371
11.4,89,0.95,1669.471812,0,1,83,56,2021-12-06 04:00:00,4,6,12,0,4,0,0.8660254037844386,0.5000000000000001,-2.4492935982947064e-16,1.0,0.0,1.0,1890.5758917041667,676.1280963119509,2778.074395,838.1601704,1570.580371,1484.852516,1329.653836,98.89144099999999,184.61929600000008,1631.0908,1669.471812
11.2,99,0.95,1824.473039,0,1,83,56,2021-12-06 05:00:00,5,6,12,0,4,0,0.9659258262890683,0.25881904510252074,-2.4492935982947064e-16,1.0,0.0,1.0,1895.3039574124998,675.2138805373753,2778.074395,838.1601704,1669.471812,1710.999462,1329.653836,155.00122699999997,113.47357699999998,1806.9843,1824.473039
11.2,117,0.95,2156.195409,0,1,87,39,2021-12-06 06:00:00,6,6,12,0,4,0,1.0,6.123233995736766e-17,-2.4492935982947064e-16,1.0,0.0,1.0,1906.1269655375,677.3114624334737,2778.074395,838.1601704,1824.473039,1896.443214,1656.393096,331.72236999999996,259.75219500000003,1965.4775,2156.195409
11.3,125,0.95,2324.195677,0,1,87,39,2021-12-06 07:00:00,7,6,12,0,4,0,0.9659258262890683,-0.25881904510252063,-2.4492935982947064e-16,1.0,0.0,1.0,1916.3520552875,681.8685083840419,2778.074395,838.1601704,2156.195409,2078.793523,1727.63581,168.00026800000023,245.40215400000034,2160.072,2324.195677
11.2,132,0.95,2432.630718,0,1,87,39,2021-12-06 08:00:00,8,6,12,0,4,0,0.8660254037844387,-0.4999999999999998,-2.4492935982947064e-16,1.0,0.0,1.0,1910.214533245833,676.2759115456953,2778.074395,838.1601704,2324.195677,2579.931247,1886.670983,108.43504099999973,-147.3005290000001,2199.6697,2432.630718
11.3,128,0.95,2379.976374,0,1,82,55,2021-12-06 09:00:00,9,6,12,0,4,0,0.7071067811865476,-0.7071067811865475,-2.4492935982947064e-16,1.0,0.0,1.0,1896.6934229541666,662.8153248790867,2778.074395,838.1601704,2432.630718,2704.483021,1886.670983,-52.65434400000004,-324.50664700000016,2233.1555,2379.976374
11.2,130,0.95,2395.772677,0,1,82,55,2021-12-06 10:00:00,10,6,12,0,4,0,0.49999999999999994,-0.8660254037844387,-2.4492935982947064e-16,1.0,0.0,1.0,1880.7641847041668,645.0687011393227,2778.074395,838.1601704,2379.976374,2778.074395,1794.465258,15.79630300000008,-382.30171800000016,2247.5247,2395.772677
11.4,130,0.95,2438.554332,0,1,82,55,2021-12-06 11:00:00,11,6,12,0,4,0,0.258819045102521,-0.9659258262890682,-2.4492935982947064e-16,1.0,0.0,1.0,1866.6175154125,628.0326295950673,2709.855842,838.1601704,2395.772677,2778.074395,1794.465258,42.78165500000023,-339.52006299999994,2259.2842,2438.554332
11.4,124,0.95,2326.005671,0,1,73,78,2021-12-06 12:00:00,12,6,12,0,4,0,1.2246467991473532e-16,-1.0,-2.4492935982947064e-16,1.0,0.0,1.0,1850.6237582875,610.2608859043961,2583.838754,838.1601704,2438.554332,2709.855842,1794.465258,-112.54866100000027,-383.85017100000005,2339.3003,2326.005671
11.4,122,0.95,2288.48945,0,1,73,78,2021-12-06 13:00:00,13,6,12,0,4,0,-0.2588190451025208,-0.9659258262890683,-2.4492935982947064e-16,1.0,0.0,1.0,1838.3175372875,597.6806448454032,2583.838754,838.1601704,2326.005671,2583.838754,1794.465258,-37.51622099999986,-295.34930399999985,2364.6162,2288.48945
11.4,122,0.95,2288.48945,0,1,73,78,2021-12-06 14:00:00,14,6,12,0,4,0,-0.4999999999999997,-0.8660254037844388,-2.4492935982947064e-16,1.0,0.0,1.0,1826.0113162875002,584.5595799122141,2579.931247,838.1601704,2288.48945,2583.838754,1866.968905,0.0,-295.34930399999985,2334.4683,2288.48945
11.3,124,0.95,2305.602112,0,1,70,83,2021-12-06 15:00:00,15,6,12,0,4,0,-0.7071067811865471,-0.7071067811865479,-2.4492935982947064e-16,1.0,0.0,1.0,1814.5809356625002,571.7176309622628,2438.554332,838.1601704,2288.48945,2579.931247,1866.968905,17.112662,-274.32913499999995,2190.8396,2305.602112
11.4,116,0.95,2175.940789,0,1,70,83,2021-12-06 16:00:00,16,6,12,0,4,0,-0.8660254037844385,-0.5000000000000004,-2.4492935982947064e-16,1.0,0.0,1.0,1811.6277890374997,569.566897259052,2438.554332,838.1601704,2305.602112,2246.816308,1758.213435,-129.6613229999998,-70.87551899999971,2010.3032,2175.940789
11.8,109,0.95,2116.375561,0,1,70,83,2021-12-06 17:00:00,17,6,12,0,4,0,-0.9659258262890683,-0.25881904510252063,-2.4492935982947064e-16,1.0,0.0,1.0,1806.9525508708332,566.4475402768913,2438.554332,838.1601704,2175.940789,2228.581277,1755.218719,-59.56522800000039,-112.20571599999994,1602.329,2116.375561
11.7,61,0.95,1174.356428,0,1,68,90,2021-12-06 18:00:00,18,6,12,0,4,0,-1.0,-1.8369701987210297e-16,-2.4492935982947064e-16,1.0,0.0,1.0,1806.6739072041667,566.7703732303972,2438.554332,838.1601704,2116.375561,1181.043876,1133.578756,-942.0191329999998,-6.687447999999904,1186.0958,1174.356428
11.7,61,0.95,1174.356428,0,1,68,90,2021-12-06 19:00:00,19,6,12,0,4,0,-0.9659258262890684,0.2588190451025203,-2.4492935982947064e-16,1.0,0.0,1.0,1809.5701126625002,563.1944161829225,2438.554332,838.1601704,1174.356428,1104.847497,1097.011699,0.0,69.50893100000008,941.455,1174.356428
11.6,51,0.95,973.4471949,0,1,68,90,2021-12-06 20:00:00,20,6,12,0,4,0,-0.8660254037844386,0.5000000000000001,-2.4492935982947064e-16,1.0,0.0,1.0,1806.4762369083335,567.7472232863342,2438.554332,838.1601704,1174.356428,1047.700213,1060.444643,-200.90923310000005,-74.25301810000008,828.75574,973.4471949
11.6,49,0.95,935.2727951,0,1,66,92,2021-12-06 21:00:00,21,6,12,0,4,0,-0.7071067811865477,0.7071067811865474,-2.4492935982947064e-16,1.0,0.0,1.0,1805.760322575,568.8806452772656,2438.554332,838.1601704,973.4471949,952.4547391,987.3105295,-38.17439979999995,-17.18194399999993,854.5491,935.2727951
11.6,44,0.95,839.8367956,0,1,66,92,2021-12-06 22:00:00,22,6,12,0,4,0,-0.5000000000000004,0.8660254037844384,-2.4492935982947064e-16,1.0,0.0,1.0,1805.8301819583332,568.7567457977984,2438.554332,838.1601704,935.2727951,838.1601704,877.6093596,-95.4359995000001,1.6766251999999895,905.2411,839.8367956
11.5,44,0.95,832.5968232,0,1,66,92,2021-12-06 23:00:00,23,6,12,0,4,0,-0.25881904510252157,0.9659258262890681,-2.4492935982947064e-16,1.0,0.0,1.0,1805.5983758250002,569.1692670670678,2438.554332,832.5968232,839.8367956,838.1601704,811.4103777,-7.239972399999942,-5.563347199999953,963.32623,832.5968232
11.4,69,0.94,1280.685295,0,1,71,89,2021-12-07 00:00:00,0,7,12,1,4,0,0.0,1.0,-2.4492935982947064e-16,1.0,0.7818314824680298,0.6234898018587336,1793.5194143249998,577.3904075783929,2438.554332,832.5968232,832.5968232,1570.580371,1556.039805,448.0884718,-289.895076,1087.9417,1280.685295
11.4,69,0.94,1280.685295,0,1,71,89,2021-12-07 01:00:00,1,7,12,1,4,0,0.25881904510252074,0.9659258262890683,-2.4492935982947064e-16,1.0,0.7818314824680298,0.6234898018587336,1781.440452825,585.2360389287987,2438.554332,832.5968232,1280.685295,1570.580371,1556.039805,0.0,-289.895076,1236.7201,1280.685295
11.4,69,0.94,1280.685295,0,1,71,89,2021-12-07 02:00:00,2,7,12,1,4,0,0.49999999999999994,0.8660254037844387,-2.4492935982947064e-16,1.0,0.7818314824680298,0.6234898018587336,1769.3614913249996,592.7210727367863,2438.554332,832.5968232,1280.685295,1570.580371,1556.039805,0.0,-289.895076,1118.702,1280.685295
11.4,69,0.94,1280.685295,0,1,81,52,2021-12-07 03:00:00,3,7,12,1,4,0,0.7071067811865476,0.7071067811865476,-2.4492935982947064e-16,1.0,0.7818314824680298,0.6234898018587336,1757.282529825,599.859007750214,2438.554332,832.5968232,1280.685295,1570.580371,1556.039805,0.0,-289.895076,1128.7535,1280.685295
11.4,78,0.94,1447.731203,0,1,81,52,2021-12-07 04:00:00,4,7,12,1,4,0,0.8660254037844386,0.5000000000000001,-2.4492935982947064e-16,1.0,0.7818314824680298,0.6234898018587336,1748.0433377833333,602.9698842008333,2438.554332,832.5968232,1280.685295,1669.471812,1542.509024,167.04590800000005,-221.74060899999995,1212.5576,1447.731203
11.4,89,0.94,1651.898424,0,1,81,52,2021-12-07 05:00:00,5,7,12,1,4,0,0.9659258262890683,0.25881904510252074,-2.4492935982947064e-16,1.0,0.7818314824680298,0.6234898018587336,1740.852728825,603.0478060748391,2438.554332,832.5968232,1447.731203,1824.473039,1528.978243,204.16722099999993,-172.574615,1332.1571,1651.8984240000002
11.2,134,0.94,2443.494141,0,1,84,37,2021-12-07 06:00:00,6,7,12,1,4,0,1.0,6.123233995736766e-17,-2.4492935982947064e-16,1.0,0.7818314824680298,0.6234898018587336,1752.8235093249998,614.3957554603933,2443.494141,832.5968232,1651.898424,2156.195409,1854.683469,791.5957170000001,287.2987320000002,1505.1641,2443.494141
11.2,144,0.94,2625.84445,0,1,84,37,2021-12-07 07:00:00,7,7,12,1,4,0,0.9659258262890683,-0.25881904510252063,-2.4492935982947064e-16,1.0,0.7818314824680298,0.6234898018587336,1765.3922082,629.4924593189884,2625.84445,832.5968232,2443.494141,2324.195677,2020.435535,182.35030899999992,301.6487729999999,2003.3427,2625.84445
11.5,149,0.94,2789.796915,0,1,84,37,2021-12-07 08:00:00,8,7,12,1,4,0,0.8660254037844387,-0.4999999999999998,-2.4492935982947064e-16,1.0,0.7818314824680298,0.6234898018587336,1780.2741330750002,649.8454615505335,2789.796915,832.5968232,2625.84445,2432.630718,2056.678698,163.95246499999985,357.166197,2106.56,2789.796915
11.5,140,0.94,2621.285692,0,1,81,44,2021-12-07 09:00:00,9,7,12,1,4,0,0.7071067811865476,-0.7071067811865475,-2.4492935982947064e-16,1.0,0.7818314824680298,0.6234898018587336,1790.3286879916666,661.293569496978,2789.796915,832.5968232,2789.796915,2379.976374,2056.678698,-168.51122299999997,241.30931800000008,2168.5896,2621.285692
11.5,144,0.94,2696.179569,0,1,81,44,2021-12-07 10:00:00,10,7,12,1,4,0,0.49999999999999994,-0.8660254037844387,-2.4492935982947064e-16,1.0,0.7818314824680298,0.6234898018587336,1802.8456418249998,675.9326719730406,2789.796915,832.5968232,2621.285692,2395.772677,2056.678698,74.89387699999997,300.40689199999997,2237.0874,2696.179569
11.4,139,0.94,2579.931247,0,1,81,44,2021-12-07 11:00:00,11,7,12,1,4,0,0.258819045102521,-0.9659258262890682,-2.4492935982947064e-16,1.0,0.7818314824680298,0.6234898018587336,1808.7363466166664,682.2997607602281,2789.796915,832.5968232,2696.179569,2438.554332,2148.816873,-116.24832199999992,141.37691499999983,2232.145,2579.931247
11.6,141,0.94,2662.965763,0,1,73,79,2021-12-07 12:00:00,12,7,12,1,4,0,1.2246467991473532e-16,-1.0,-2.4492935982947064e-16,1.0,0.7818314824680298,0.6234898018587336,1822.7763504499999,696.7211276104834,2789.796915,832.5968232,2579.931247,2326.005671,1982.098322,83.03451600000017,336.96009200000026,2328.2258,2662.965763
11.2,136,0.94,2479.964203,0,1,73,79,2021-12-07 13:00:00,13,7,12,1,4,0,-0.2588190451025208,-0.9659258262890683,-2.4492935982947064e-16,1.0,0.7818314824680298,0.6234898018587336,1830.7544651583332,703.3505884740606,2789.796915,832.5968232,2662.965763,2288.48945,1946.499482,-183.00156000000015,191.47475299999996,2312.1968,2479.964203
11.3,120,0.94,2207.741241,0,1,73,79,2021-12-07 14:00:00,14,7,12,1,4,0,-0.4999999999999997,-0.8660254037844388,-2.4492935982947064e-16,1.0,0.7818314824680298,0.6234898018587336,1827.3899564499998,701.2558049613472,2789.796915,832.5968232,2479.964203,2288.48945,2056.678698,-272.2229619999998,-80.74820899999986,2335.9788,2207.741241
11.2,132,0.94,2407.024079,0,1,70,89,2021-12-07 15:00:00,15,7,12,1,4,0,-0.7071067811865471,-0.7071067811865479,-2.4492935982947064e-16,1.0,0.7818314824680298,0.6234898018587336,1831.6158717416665,704.5607154841999,2789.796915,832.5968232,2207.741241,2305.602112,2167.341156,199.28283799999963,101.42196699999977,2146.6763,2407.024079
11.5,140,0.94,2621.285692,0,1,70,89,2021-12-07 16:00:00,16,7,12,1,4,0,-0.8660254037844385,-0.5000000000000004,-2.4492935982947064e-16,1.0,0.7818314824680298,0.6234898018587336,1850.1719093666668,719.7248381541583,2789.796915,832.5968232,2407.024079,2175.940789,1964.862685,214.26161300000012,445.3449029999997,2047.7831,2621.285692
11.7,122,0.94,2323.989563,0,1,70,89,2021-12-07 17:00:00,17,7,12,1,4,0,-0.9659258262890683,-0.25881904510252063,-2.4492935982947064e-16,1.0,0.7818314824680298,0.6234898018587336,1858.8224927833335,724.2966958606655,2789.796915,832.5968232,2621.285692,2116.375561,1905.907139,-297.29612899999984,207.61400200000026,1938.2843,2323.989563
11.7,61,0.94,1161.994782,0,1,67,90,2021-12-07 18:00:00,18,7,12,1,4,0,-1.0,-1.8369701987210297e-16,-2.4492935982947064e-16,1.0,0.7818314824680298,0.6234898018587336,1858.3074242,724.8088168067268,2789.796915,832.5968232,2323.989563,1174.356428,1158.492575,-1161.994781,-12.361646000000064,1170.124,1161.994782
11.6,61,0.94,1152.063202,0,1,67,90,2021-12-07 19:00:00,19,7,12,1,4,0,-0.9659258262890684,0.2588190451025203,-2.4492935982947064e-16,1.0,0.7818314824680298,0.6234898018587336,1857.3785397833333,725.7371397873706,2789.796915,832.5968232,1161.994782,1174.356428,1159.459059,-9.93157999999994,-22.293226000000004,817.24756,1152.063202
11.6,51,0.94,963.2003823,0,1,67,90,2021-12-07 20:00:00,20,7,12,1,4,0,-0.8660254037844386,0.5000000000000001,-2.4492935982947064e-16,1.0,0.7818314824680298,0.6234898018587336,1856.9515892583331,726.2825743501104,2789.796915,832.5968232,1152.063202,973.4471949,1065.065754,-188.86281970000005,-10.246812599999998,761.8063,963.2003823
11.6,49,0.94,925.4278183,0,1,67,94,2021-12-07 21:00:00,21,7,12,1,4,0,-0.7071067811865477,0.7071067811865474,-2.4492935982947064e-16,1.0,0.7818314824680298,0.6234898018587336,1856.5413818916668,726.8283508649249,2789.796915,832.5968232,963.2003823,935.2727951,934.2682056,-37.77256399999999,-9.84497680000004,817.1143,925.4278183
11.6,44,0.94,830.9964083,0,1,67,94,2021-12-07 22:00:00,22,7,12,1,4,0,-0.5000000000000004,0.8660254037844384,-2.4492935982947064e-16,1.0,0.7818314824680298,0.6234898018587336,1856.1730324208331,727.3680489331932,2789.796915,830.9964083,925.4278183,839.8367956,829.2435728,-94.43141000000003,-8.840387299999975,887.03735,830.9964083
11.5,44,0.94,823.8326461,0,1,67,94,2021-12-07 23:00:00,23,7,12,1,4,0,-0.25881904510252157,0.9659258262890681,-2.4492935982947064e-16,1.0,0.7818314824680298,0.6234898018587336,1855.807858375,727.9062775522802,2789.796915,823.8326461,830.9964083,832.5968232,829.2435728,-7.163762199999951,-8.764177099999984,927.09753,823.8326460999999
11.4,84,0.93,1542.509024,0,1,70,89,2021-12-08 00:00:00,0,8,12,2,4,0,0.0,1.0,-2.4492935982947064e-16,1.0,0.9749279121818236,-0.22252093395631434,1866.7171804166667,720.8397126914248,2789.796915,823.8326461,823.8326461,1280.685295,1421.681159,718.6763778999999,261.82372899999996,1063.9409,1542.5090239999997
11.4,84,0.93,1542.509024,0,1,70,89,2021-12-08 01:00:00,1,8,12,2,4,0,0.25881904510252074,0.9659258262890683,-2.4492935982947064e-16,1.0,0.9749279121818236,-0.22252093395631434,1877.6265024583333,713.5291572795214,2789.796915,823.8326461,1542.509024,1280.685295,1421.681159,0.0,261.82372899999996,1396.768,1542.5090239999997
11.4,84,0.93,1542.509024,0,1,70,89,2021-12-08 02:00:00,2,8,12,2,4,0,0.49999999999999994,0.8660254037844387,-2.4492935982947064e-16,1.0,0.9749279121818236,-0.22252093395631434,1888.5358245,705.9670315141648,2789.796915,823.8326461,1542.509024,1280.685295,1421.681159,0.0,261.82372899999996,1370.3381,1542.5090239999997
11.4,84,0.93,1542.509024,0,1,80,50,2021-12-08 03:00:00,3,8,12,2,4,0,0.7071067811865476,0.7071067811865476,-2.4492935982947064e-16,1.0,0.9749279121818236,-0.22252093395631434,1899.4451465416666,698.1451606104198,2789.796915,823.8326461,1542.509024,1280.685295,1421.681159,0.0,261.82372899999996,1469.7253,1542.5090239999997
11.3,88,0.93,1601.78673,0,1,80,50,2021-12-08 04:00:00,4,8,12,2,4,0,0.8660254037844386,0.5000000000000001,-2.4492935982947064e-16,1.0,0.9749279121818236,-0.22252093395631434,1905.864126833333,694.5101329051608,2789.796915,823.8326461,1542.509024,1447.731203,1421.681159,59.27770600000008,154.05552699999998,1562.6141,1601.78673
11.2,100,0.93,1804.104121,0,1,80,50,2021-12-08 05:00:00,5,8,12,2,4,0,0.9659258262890683,0.25881904510252074,-2.4492935982947064e-16,1.0,0.9749279121818236,-0.22252093395631434,1912.206030875,692.783004954256,2789.796915,823.8326461,1601.78673,1651.898424,1556.164512,202.31739100000004,152.2056970000001,1723.3462,1804.104121
11.5,120,0.93,2222.914006,0,1,85,30,2021-12-08 06:00:00,6,8,12,2,4,0,1.0,6.123233995736766e-17,-2.4492935982947064e-16,1.0,0.9749279121818236,-0.22252093395631434,1903.0151919166667,686.866096319306,2789.796915,823.8326461,1804.104121,2443.494141,1959.614571,418.8098849999999,-220.58013500000015,1926.8617,2222.914006
11.4,137,0.93,2515.758765,0,1,85,30,2021-12-08 07:00:00,7,8,12,2,4,0,0.9659258262890683,-0.25881904510252063,-2.4492935982947064e-16,1.0,0.9749279121818236,-0.22252093395631434,1898.428288375,682.1807546350551,2789.796915,823.8326461,2222.914006,2625.84445,2151.733646,292.84475900000007,-110.08568500000001,2135.1926,2515.758765
11.4,137,0.93,2515.758765,0,1,85,30,2021-12-08 08:00:00,8,8,12,2,4,0,0.8660254037844387,-0.4999999999999998,-2.4492935982947064e-16,1.0,0.9749279121818236,-0.22252093395631434,1887.010032125,668.7741295733678,2696.179569,823.8326461,2515.758765,2789.796915,2227.278774,0.0,-274.03814999999986,2120.8403,2515.758765
11.5,132,0.93,2445.205407,0,1,82,36,2021-12-08 09:00:00,9,8,12,2,4,0,0.7071067811865476,-0.7071067811865475,-2.4492935982947064e-16,1.0,0.9749279121818236,-0.22252093395631434,1879.6733535833334,661.2926315439879,2696.179569,823.8326461,2515.758765,2621.285692,2338.642713,-70.55335800000012,-176.080285,2112.606,2445.205407
11.5,130,0.93,2408.15684,0,1,82,36,2021-12-08 10:00:00,10,8,12,2,4,0,0.49999999999999994,-0.8660254037844387,-2.4492935982947064e-16,1.0,0.9749279121818236,-0.22252093395631434,1867.6724065416668,648.3168366045735,2662.965763,823.8326461,2445.205407,2696.179569,2468.567308,-37.04856699999982,-288.0227289999998,2113.442,2408.15684
11.5,128,0.93,2371.108274,0,1,82,36,2021-12-08 11:00:00,11,8,12,2,4,0,0.258819045102521,-0.9659258262890682,-2.4492935982947064e-16,1.0,0.9749279121818236,-0.22252093395631434,1858.9714493333333,639.6859498309,2662.965763,823.8326461,2408.15684,2579.931247,2338.642713,-37.04856599999994,-208.82297299999982,2132.9934,2371.108274
11.6,128,0.93,2391.726606,0,1,74,78,2021-12-08 12:00:00,12,8,12,2,4,0,1.2246467991473532e-16,-1.0,-2.4492935982947064e-16,1.0,0.9749279121818236,-0.22252093395631434,1847.6698177916667,627.1367781949443,2621.285692,823.8326461,2371.108274,2662.965763,2097.028554,20.61833200000001,-271.239157,2171.492,2391.726606
11.4,128,0.93,2350.489941,0,1,74,78,2021-12-08 13:00:00,13,8,12,2,4,0,-0.2588190451025208,-0.9659258262890683,-2.4492935982947064e-16,1.0,0.9749279121818236,-0.22252093395631434,1842.2750568749998,621.9969869575355,2621.285692,823.8326461,2391.726606,2479.964203,2321.710184,-41.23666500000036,-129.47426200000018,2177.5852,2350.489941
11.4,130,0.93,2387.216346,0,1,74,78,2021-12-08 14:00:00,14,8,12,2,4,0,-0.4999999999999997,-0.8660254037844388,-2.4492935982947064e-16,1.0,0.9749279121818236,-0.22252093395631434,1849.75318625,627.6352835232921,2621.285692,823.8326461,2350.489941,2207.741241,2208.718118,36.72640500000034,179.47510499999999,2182.1018,2387.216346
11.4,127,0.93,2332.126738,0,1,70,87,2021-12-08 15:00:00,15,8,12,2,4,0,-0.7071067811865471,-0.7071067811865479,-2.4492935982947064e-16,1.0,0.9749279121818236,-0.22252093395631434,1846.6324637083333,624.9243012083983,2621.285692,823.8326461,2387.216346,2407.024079,2078.793523,-55.089608000000226,-74.89734099999987,2146.2734,2332.126738
11.6,124,0.93,2316.98515,0,1,70,87,2021-12-08 16:00:00,16,8,12,2,4,0,-0.8660254037844385,-0.5000000000000004,-2.4492935982947064e-16,1.0,0.9749279121818236,-0.22252093395631434,1833.9532744583332,611.4659695026835,2515.758765,823.8326461,2332.126738,2621.285692,1834.899985,-15.141587999999956,-304.30054199999995,1990.8818,2316.98515
11.8,118,0.93,2242.888016,0,1,70,87,2021-12-08 17:00:00,17,8,12,2,4,0,-0.9659258262890683,-0.25881904510252063,-2.4492935982947064e-16,1.0,0.9749279121818236,-0.22252093395631434,1830.5740433333333,608.8586089403128,2515.758765,823.8326461,2316.98515,2323.989563,1170.949484,-74.0971340000001,-81.10154700000021,1707.3062,2242.888016
11.7,62,0.93,1168.47958,0,1,68,92,2021-12-08 18:00:00,18,8,12,2,4,0,-1.0,-1.8369701987210297e-16,-2.4492935982947064e-16,1.0,0.9749279121818236,-0.22252093395631434,1830.8442432499999,608.5503668968471,2515.758765,823.8326461,2242.888016,1161.994782,1189.835766,-1074.408436,6.484797999999955,1175.887,1168.4795799999997
11.7,59,0.93,1111.940245,0,1,68,92,2021-12-08 19:00:00,19,8,12,2,4,0,-0.9659258262890684,0.2588190451025203,-2.4492935982947064e-16,1.0,0.9749279121818236,-0.22252093395631434,1829.172453375,610.5480007388495,2515.758765,823.8326461,1168.47958,1152.063202,1152.063202,-56.53933499999994,-40.12295700000004,701.8436,1111.940245
11.7,52,0.93,980.0151315,0,1,68,92,2021-12-08 20:00:00,20,8,12,2,4,0,-0.8660254037844386,0.5000000000000001,-2.4492935982947064e-16,1.0,0.9749279121818236,-0.22252093395631434,1829.8730679250002,609.5198593795951,2515.758765,823.8326461,1111.940245,963.2003823,1019.859228,-131.92511349999995,16.81474920000005,642.4349,980.0151314999999
11.7,49,0.93,923.475797,0,1,69,92,2021-12-08 21:00:00,21,8,12,2,4,0,-0.7071067811865477,0.7071067811865474,-2.4492935982947064e-16,1.0,0.9749279121818236,-0.22252093395631434,1829.7917337041665,609.6459129442599,2515.758765,823.8326461,980.0151315,925.4278183,1000.972946,-56.53933450000011,-1.9520213000000695,659.66016,923.475797
11.6,45,0.93,840.841385,0,1,69,92,2021-12-08 22:00:00,22,8,12,2,4,0,-0.5000000000000004,0.8660254037844384,-2.4492935982947064e-16,1.0,0.9749279121818236,-0.22252093395631434,1830.201941066667,608.9475544124459,2515.758765,823.8326461,923.475797,830.9964083,868.7689723,-82.634412,9.844976699999961,707.5085,840.8413850000001
11.6,44,0.93,822.1560209,0,1,69,92,2021-12-08 23:00:00,23,8,12,2,4,0,-0.25881904510252157,0.9659258262890681,-2.4492935982947064e-16,1.0,0.9749279121818236,-0.22252093395631434,1830.1320816833334,609.0681105182996,2515.758765,822.1560209,840.841385,823.8326461,830.9964083,-18.6853640999999,-1.6766251999999895,759.8252,822.1560209
11.4,81,0.92,1471.425658,0,1,73,84,2021-12-09 00:00:00,0,9,12,3,4,0,0.0,1.0,-2.4492935982947064e-16,1.0,0.43388373911755823,-0.900968867902419,1827.1702747666668,610.6982423790971,2515.758765,822.1560209,822.1560209,1542.509024,1412.452793,649.2696371000001,-71.08336599999984,895.359,1471.4256579999999
11.4,81,0.92,1471.425658,0,1,73,84,2021-12-09 01:00:00,1,9,12,3,4,0,0.25881904510252074,0.9659258262890683,-2.4492935982947064e-16,1.0,0.43388373911755823,-0.900968867902419,1824.2084678500003,612.3090852097232,2515.758765,822.1560209,1471.425658,1542.509024,1412.452793,0.0,-71.08336599999984,1381.6653,1471.4256579999999
11.4,81,0.92,1471.425658,0,1,73,84,2021-12-09 02:00:00,2,9,12,3,4,0,0.49999999999999994,0.8660254037844387,-2.4492935982947064e-16,1.0,0.43388373911755823,-0.900968867902419,1821.2466609333335,613.9007908503461,2515.758765,822.1560209,1471.425658,1542.509024,1412.452793,0.0,-71.08336599999984,1384.3441,1471.4256579999999
11.4,81,0.92,1471.425658,0,1,82,58,2021-12-09 03:00:00,3,9,12,3,4,0,0.7071067811865476,0.7071067811865476,-2.4492935982947064e-16,1.0,0.43388373911755823,-0.900968867902419,1818.284854016667,615.4735077758064,2515.758765,822.1560209,1471.425658,1542.509024,1475.967096,0.0,-71.08336599999984,1475.4922,1471.4256579999999
11.3,96,0.92,1728.614419,0,1,82,58,2021-12-09 04:00:00,4,9,12,3,4,0,0.8660254037844386,0.5000000000000001,-2.4492935982947064e-16,1.0,0.43388373911755823,-0.900968867902419,1823.5693410583335,614.0767131560715,2515.758765,822.1560209,1471.425658,1601.78673,1475.967096,257.1887609999999,126.82768899999996,1578.2727,1728.614419
11.2,111,0.92,1981.022719,0,1,82,58,2021-12-09 05:00:00,5,9,12,3,4,0,0.9659258262890683,0.25881904510252074,-2.4492935982947064e-16,1.0,0.43388373911755823,-0.900968867902419,1830.9409493083333,614.8942404140201,2515.758765,822.1560209,1728.614419,1804.104121,1688.229922,252.40830000000005,176.91859799999997,1863.7542,1981.022719
11.5,122,0.92,2235.6619,0,1,87,45,2021-12-09 06:00:00,6,9,12,3,4,0,1.0,6.123233995736766e-17,-2.4492935982947064e-16,1.0,0.43388373911755823,-0.900968867902419,1831.4721115583334,615.252960282128,2515.758765,822.1560209,1981.022719,2222.914006,1916.618142,254.639181,12.747894000000088,2070.6975,2235.6619
11.4,135,0.92,2452.376097,0,1,87,45,2021-12-09 07:00:00,7,9,12,3,4,0,0.9659258262890683,-0.25881904510252063,-2.4492935982947064e-16,1.0,0.43388373911755823,-0.900968867902419,1828.8311670583334,612.3170130590817,2515.758765,822.1560209,2235.6619,2515.758765,2289.641264,216.71419699999979,-63.382668000000194,2202.8184,2452.376097
11.5,132,0.92,2418.912876,0,1,87,45,2021-12-09 08:00:00,8,9,12,3,4,0,0.8660254037844387,-0.4999999999999998,-2.4492935982947064e-16,1.0,0.43388373911755823,-0.900968867902419,1824.7959216833335,607.8964072418859,2452.376097,822.1560209,2452.376097,2515.758765,2213.950644,-33.463220999999976,-96.84588900000017,2273.334,2418.912876
11.5,130,0.92,2382.262681,0,1,81,51,2021-12-09 09:00:00,9,9,12,3,4,0,0.7071067811865476,-0.7071067811865475,-2.4492935982947064e-16,1.0,0.43388373911755823,-0.900968867902419,1822.1733081000002,605.2333774952324,2452.376097,822.1560209,2418.912876,2445.205407,2138.260023,-36.65019499999971,-62.942725999999766,2241.954,2382.262681
11.5,130,0.92,2382.262681,0,1,81,51,2021-12-09 10:00:00,10,9,12,3,4,0,0.49999999999999994,-0.8660254037844387,-2.4492935982947064e-16,1.0,0.43388373911755823,-0.900968867902419,1821.0943848083334,604.1654904496041,2452.376097,822.1560209,2382.262681,2408.15684,2176.105333,0.0,-25.894158999999945,2173.313,2382.262681
11.5,99,0.92,1814.184657,0,1,81,51,2021-12-09 11:00:00,11,9,12,3,4,0,0.258819045102521,-0.9659258262890682,-2.4492935982947064e-16,1.0,0.43388373911755823,-0.900968867902419,1797.8892341,592.7084328345736,2452.376097,822.1560209,2382.262681,2371.108274,2328.638388,-568.0780240000001,-556.9236170000001,2172.2136,1814.1846570000002
11.6,136,0.92,2513.884686,0,1,75,70,2021-12-09 12:00:00,12,9,12,3,4,0,1.2246467991473532e-16,-1.0,-2.4492935982947064e-16,1.0,0.43388373911755823,-0.900968867902419,1802.9791540999997,598.525742214398,2513.884686,822.1560209,1814.184657,2391.726606,2268.414981,699.7000289999999,122.1580799999997,2038.2527,2513.884686
11.6,118,0.92,2181.164654,0,1,75,70,2021-12-09 13:00:00,13,9,12,3,4,0,-0.2588190451025208,-0.9659258262890683,-2.4492935982947064e-16,1.0,0.43388373911755823,-0.900968867902419,1795.9239338083332,592.7614835778247,2513.884686,822.1560209,2513.884686,2350.489941,2231.22785,-332.7200319999997,-169.32528699999966,2404.8801,2181.164654
11.6,128,0.92,2366.009116,0,1,75,70,2021-12-09 14:00:00,14,9,12,3,4,0,-0.4999999999999997,-0.8660254037844388,-2.4492935982947064e-16,1.0,0.43388373911755823,-0.900968867902419,1795.0402992250001,591.8568318475062,2513.884686,822.1560209,2181.164654,2387.216346,2194.040719,184.84446200000002,-21.20722999999998,2127.9226,2366.009116
11.6,132,0.92,2439.946901,0,1,71,87,2021-12-09 15:00:00,15,9,12,3,4,0,-0.7071067811865471,-0.7071067811865479,-2.4492935982947064e-16,1.0,0.43388373911755823,-0.900968867902419,1799.5328060166667,596.5018319075139,2513.884686,822.1560209,2366.009116,2332.126738,2194.040719,73.93778499999962,107.82016299999987,2155.5066,2439.946901
11.5,124,0.92,2272.312095,0,1,71,87,2021-12-09 16:00:00,16,9,12,3,4,0,-0.8660254037844385,-0.5000000000000004,-2.4492935982947064e-16,1.0,0.43388373911755823,-0.900968867902419,1797.671428725,594.8844312379935,2513.884686,822.1560209,2439.946901,2316.98515,2138.260023,-167.63480599999957,-44.67305499999975,2009.6447,2272.312095
11.8,107,0.92,2011.936362,0,1,71,87,2021-12-09 17:00:00,17,9,12,3,4,0,-0.9659258262890683,-0.25881904510252063,-2.4492935982947064e-16,1.0,0.43388373911755823,-0.900968867902419,1788.0484431416664,589.2102820092525,2513.884686,822.1560209,2272.312095,2242.888016,1952.324369,-260.3757330000003,-230.95165399999996,1633.6888,2011.9363619999997
11.7,61,0.92,1137.271488,0,1,69,90,2021-12-09 18:00:00,18,9,12,3,4,0,-1.0,-1.8369701987210297e-16,-2.4492935982947064e-16,1.0,0.43388373911755823,-0.900968867902419,1786.748105975,590.6696967779951,2513.884686,822.1560209,2011.936362,1168.47958,1202.493594,-874.6648739999998,-31.20809199999985,968.3307,1137.271488
11.7,59,0.92,1099.983899,0,1,69,90,2021-12-09 19:00:00,19,9,12,3,4,0,-0.9659258262890684,0.2588190451025203,-2.4492935982947064e-16,1.0,0.43388373911755823,-0.900968867902419,1786.2499248916668,591.2683256185492,2513.884686,822.1560209,1137.271488,1111.940245,1145.231994,-37.287589000000025,-11.95634599999994,669.45044,1099.983899
11.8,52,0.92,977.7634655,0,1,69,90,2021-12-09 20:00:00,20,9,12,3,4,0,-0.8660254037844386,0.5000000000000001,-2.4492935982947064e-16,1.0,0.43388373911755823,-0.900968867902419,1786.156105475,591.4019804825216,2513.884686,822.1560209,1099.983899,980.0151315,1030.708795,-122.22043350000001,-2.251666,651.07983,977.7634655
11.8,49,0.92,921.3540348,0,1,68,92,2021-12-09 21:00:00,21,9,12,3,4,0,-0.7071067811865477,0.7071067811865474,-2.4492935982947064e-16,1.0,0.43388373911755823,-0.900968867902419,1786.0676987166664,591.5366899262224,2513.884686,822.1560209,977.7634655,923.475797,973.4471949,-56.40943070000003,-2.121762199999921,699.0493,921.3540348
11.8,44,0.92,827.3383169,0,1,68,92,2021-12-09 22:00:00,22,9,12,3,4,0,-0.5000000000000004,0.8660254037844384,-2.4492935982947064e-16,1.0,0.43388373911755823,-0.900968867902419,1785.5050708791666,592.4804793474199,2513.884686,822.1560209,921.3540348,840.841385,878.0111954,-94.01571790000003,-13.50306809999995,774.32196,827.3383168999999
11.8,44,0.92,827.3383169,0,1,68,92,2021-12-09 23:00:00,23,9,12,3,4,0,-0.25881904510252157,0.9659258262890681,-2.4492935982947064e-16,1.0,0.43388373911755823,-0.900968867902419,1785.7209998791666,592.1149543467939,2513.884686,827.3383169,827.3383169,822.1560209,839.8367956,0.0,5.182295999999951,818.29694,827.3383168999999
11.7,88,0.94,1676.320341,0,1,71,91,2021-12-10 00:00:00,0,10,12,4,4,0,0.0,1.0,-2.4492935982947064e-16,1.0,-0.433883739117558,-0.9009688679024191,1794.2582783374999,588.8544678839431,2513.884686,827.3383169,827.3383169,1471.425658,1492.016278,848.9820241000001,204.894683,1031.5739,1676.320341
11.7,88,0.94,1676.320341,0,1,71,91,2021-12-10 01:00:00,1,10,12,4,4,0,0.25881904510252074,0.9659258262890683,-2.4492935982947064e-16,1.0,-0.433883739117558,-0.9009688679024191,1802.7955567958334,585.4459338392263,2513.884686,827.3383169,1676.320341,1471.425658,1492.016278,0.0,204.894683,1638.0936,1676.320341
11.7,88,0.94,1676.320341,0,1,71,91,2021-12-10 02:00:00,2,10,12,4,4,0,0.49999999999999994,0.8660254037844387,-2.4492935982947064e-16,1.0,-0.433883739117558,-0.9009688679024191,1811.3328352541666,581.8867505512661,2513.884686,827.3383169,1676.320341,1471.425658,1492.016278,0.0,204.894683,1590.0011,1676.320341
11.6,88,0.94,1661.992817,0,1,79,72,2021-12-10 03:00:00,3,10,12,4,4,0,0.7071067811865476,0.7071067811865476,-2.4492935982947064e-16,1.0,-0.433883739117558,-0.9009688679024191,1819.2731335458332,578.3361732087393,2513.884686,827.3383169,1676.320341,1471.425658,1492.016278,-14.32752400000004,190.56715899999995,1689.0992,1661.992817
11.6,93,0.94,1756.424227,0,1,79,72,2021-12-10 04:00:00,4,10,12,4,4,0,0.8660254037844386,0.5000000000000001,-2.4492935982947064e-16,1.0,-0.433883739117558,-0.9009688679024191,1820.4318755458335,578.1744708355823,2513.884686,827.3383169,1661.992817,1728.614419,1610.218354,94.43140999999991,27.809807999999975,1834.2539,1756.4242269999997
11.5,103,0.94,1928.517331,0,1,79,72,2021-12-10 05:00:00,5,10,12,4,4,0,0.9659258262890683,0.25881904510252074,-2.4492935982947064e-16,1.0,-0.433883739117558,-0.9009688679024191,1818.2441510458332,577.6394885202991,2513.884686,827.3383169,1756.424227,1981.022719,1710.999462,172.09310400000004,-52.50538800000004,2054.1357,1928.517331
11.4,127,0.94,2357.20337,0,1,81,54,2021-12-10 06:00:00,6,10,12,4,4,0,1.0,6.123233995736766e-17,-2.4492935982947064e-16,1.0,-0.433883739117558,-0.9009688679024191,1823.3083789625,581.9746617412043,2513.884686,827.3383169,1928.517331,2235.6619,1931.773586,428.68603900000016,121.54147000000012,2207.0894,2357.20337
11.4,138,0.94,2561.370591,0,1,81,54,2021-12-10 07:00:00,7,10,12,4,4,0,0.9659258262890683,-0.25881904510252063,-2.4492935982947064e-16,1.0,-0.433883739117558,-0.9009688679024191,1827.8498162125,587.4960981260931,2561.370591,827.3383169,2357.20337,2452.376097,2208.718118,204.1672209999997,108.99449400000003,2404.2844,2561.370591
11.4,141,0.94,2617.05256,0,1,81,54,2021-12-10 08:00:00,8,10,12,4,4,0,0.8660254037844387,-0.4999999999999998,-2.4492935982947064e-16,1.0,-0.433883739117558,-0.9009688679024191,1836.1056363791665,597.4706806255708,2617.05256,827.3383169,2561.370591,2418.912876,2338.642713,55.68196900000021,198.13968400000022,2517.8054,2617.05256
11.6,136,0.94,2568.534353,0,1,79,57,2021-12-10 09:00:00,9,10,12,4,4,0,0.7071067811865476,-0.7071067811865475,-2.4492935982947064e-16,1.0,-0.433883739117558,-0.9009688679024191,1843.8669560458331,606.0225465857308,2617.05256,827.3383169,2617.05256,2382.262681,2245.839431,-48.518207000000075,186.27167199999985,2559.1191,2568.534353
11.5,136,0.94,2546.391815,0,1,79,57,2021-12-10 10:00:00,10,10,12,4,4,0,0.49999999999999994,-0.8660254037844387,-2.4492935982947064e-16,1.0,-0.433883739117558,-0.9009688679024191,1850.7056699625,613.2452984247956,2617.05256,827.3383169,2568.534353,2382.262681,2396.604061,-22.14253800000006,164.1291339999998,2521.1248,2546.391815
11.5,132,0.94,2471.497938,0,1,79,57,2021-12-10 11:00:00,11,10,12,4,4,0,0.258819045102521,-0.9659258262890682,-2.4492935982947064e-16,1.0,-0.433883739117558,-0.9009688679024191,1878.0937233375,626.0869516416296,2617.05256,827.3383169,2546.391815,1814.184657,2301.5214,-74.89387699999997,657.313281,2515.8127,2471.497938
11.6,130,0.94,2455.216661,0,1,73,86,2021-12-10 12:00:00,12,10,12,4,4,0,1.2246467991473532e-16,-1.0,-2.4492935982947064e-16,1.0,-0.433883739117558,-0.9009688679024191,1875.6492222958334,623.6062496650658,2617.05256,827.3383169,2471.497938,2513.884686,2359.157123,-16.281277000000046,-58.66802499999994,2503.4785,2455.216661
11.6,130,0.94,2455.216661,0,1,73,86,2021-12-10 13:00:00,13,10,12,4,4,0,-0.2588190451025208,-0.9659258262890683,-2.4492935982947064e-16,1.0,-0.433883739117558,-0.9009688679024191,1887.0680559208333,631.89771940026,2617.05256,827.3383169,2455.216661,2181.164654,2321.710184,0.0,274.0520069999998,2446.101,2455.216661
11.2,128,0.94,2334.083955,0,1,73,86,2021-12-10 14:00:00,14,10,12,4,4,0,-0.4999999999999997,-0.8660254037844388,-2.4492935982947064e-16,1.0,-0.433883739117558,-0.9009688679024191,1885.7378408791667,630.878440254235,2617.05256,827.3383169,2455.216661,2366.009116,2284.263246,-121.13270599999987,-31.925161000000116,2373.7202,2334.083955
11.7,122,0.94,2323.989563,0,1,70,91,2021-12-10 15:00:00,15,10,12,4,4,0,-0.7071067811865471,-0.7071067811865479,-2.4492935982947064e-16,1.0,-0.433883739117558,-0.9009688679024191,1880.9062851291665,626.8808770399914,2617.05256,827.3383169,2334.083955,2439.946901,2338.642713,-10.09439199999997,-115.95733799999971,2345.1892,2323.989563
11.7,118,0.94,2247.793184,0,1,70,91,2021-12-10 16:00:00,16,10,12,4,4,0,-0.8660254037844385,-0.5000000000000004,-2.4492935982947064e-16,1.0,-0.433883739117558,-0.9009688679024191,1879.8846638375,626.2349198560898,2617.05256,827.3383169,2323.989563,2272.312095,2246.816308,-76.19637899999998,-24.518911000000116,2218.6235,2247.793184
11.9,112,0.94,2169.968677,0,1,70,91,2021-12-10 17:00:00,17,10,12,4,4,0,-0.9659258262890683,-0.25881904510252063,-2.4492935982947064e-16,1.0,-0.433883739117558,-0.9009688679024191,1886.4693436291666,628.5104721551065,2617.05256,827.3383169,2247.793184,2011.936362,2133.498616,-77.82450700000027,158.03231499999993,1841.6018,2169.968677
11.7,61,0.94,1161.994782,0,1,70,91,2021-12-10 18:00:00,18,10,12,4,4,0,-1.0,-1.8369701987210297e-16,-2.4492935982947064e-16,1.0,-0.433883739117558,-0.9009688679024191,1887.4994808791664,627.2481309234788,2617.05256,827.3383169,2169.968677,1137.271488,1170.949484,-1007.9738949999999,24.723293999999896,1378.7465,1161.994782
11.7,59,0.94,1123.896592,0,1,68,94,2021-12-10 19:00:00,19,10,12,4,4,0,-0.9659258262890684,0.2588190451025203,-2.4492935982947064e-16,1.0,-0.433883739117558,-0.9009688679024191,1888.4958430875001,625.9604711328395,2617.05256,827.3383169,1161.994782,1099.983899,1170.949484,-38.09818999999993,23.91269299999999,764.6114,1123.896592
11.7,56,0.94,1066.749308,0,1,68,94,2021-12-10 20:00:00,20,10,12,4,4,0,-0.8660254037844386,0.5000000000000001,-2.4492935982947064e-16,1.0,-0.433883739117558,-0.9009688679024191,1892.203586525,620.5717465562122,2617.05256,827.3383169,1123.896592,977.7634655,1019.859228,-57.14728400000013,88.98584249999988,691.83905,1066.749308
11.8,50,0.94,960.5953779,0,1,68,94,2021-12-10 21:00:00,21,10,12,4,4,0,-0.7071067811865477,0.7071067811865474,-2.4492935982947064e-16,1.0,-0.433883739117558,-0.9009688679024191,1893.8386424875,617.9487304907814,2617.05256,827.3383169,1066.749308,921.3540348,914.3565495,-106.15393009999991,39.241343099999995,734.0201,960.5953779
11.8,45,0.94,864.5358401,0,1,68,94,2021-12-10 22:00:00,22,10,12,4,4,0,-0.5000000000000004,0.8660254037844384,-2.4492935982947064e-16,1.0,-0.433883739117558,-0.9009688679024191,1895.3885392875,615.19803220452,2617.05256,827.3383169,960.5953779,827.3383169,838.1601704,-96.05953780000004,37.19752319999998,786.6445,864.5358401
11.8,44,0.94,845.3239325,0,1,68,94,2021-12-10 23:00:00,23,10,12,4,4,0,-0.25881904510252157,0.9659258262890681,-2.4492935982947064e-16,1.0,-0.433883739117558,-0.9009688679024191,1896.1379399375,613.8499021855918,2617.05256,845.3239325,864.5358401,827.3383169,838.1601704,-19.211907600000018,17.98561559999996,893.5173,845.3239324999998
11.7,88,0.92,1640.653951,0,1,69,96,2021-12-11 00:00:00,0,11,12,5,4,1,0.0,1.0,-2.4492935982947064e-16,1.0,-0.9749279121818236,-0.2225209339563146,1894.6518403541668,614.4480889913726,2617.05256,845.3239325,845.3239325,1676.320341,1397.584868,795.3300185,-35.66639000000009,1110.909,1640.653951
11.7,88,0.92,1640.653951,0,1,69,96,2021-12-11 01:00:00,1,11,12,5,4,1,0.25881904510252074,0.9659258262890683,-2.4492935982947064e-16,1.0,-0.9749279121818236,-0.2225209339563146,1893.1657407708333,615.041947098176,2617.05256,845.3239325,1640.653951,1676.320341,1397.584868,0.0,-35.66639000000009,1449.3829,1640.653951
11.7,90,0.92,1677.94154,0,1,69,96,2021-12-11 02:00:00,2,11,12,5,4,1,0.49999999999999994,0.8660254037844387,-2.4492935982947064e-16,1.0,-0.9749279121818236,-0.2225209339563146,1893.2332907291666,615.0171840498161,2617.05256,845.3239325,1640.653951,1676.320341,1397.584868,37.287589000000025,1.6211989999999332,1520.8317,1677.9415399999998
11.6,92,0.92,1700.569052,0,1,82,49,2021-12-11 03:00:00,3,11,12,5,4,1,0.7071067811865476,0.7071067811865476,-2.4492935982947064e-16,1.0,-0.9749279121818236,-0.2225209339563146,1894.8406338541665,614.4366982115474,2617.05256,845.3239325,1677.94154,1661.992817,1397.584868,22.627512000000024,38.576235,1676.8185,1700.5690520000003
11.4,95,0.92,1725.746143,0,1,82,49,2021-12-11 04:00:00,4,11,12,5,4,1,0.8660254037844386,0.5000000000000001,-2.4492935982947064e-16,1.0,-0.9749279121818236,-0.2225209339563146,1893.5623803541666,614.7689958976833,2617.05256,845.3239325,1700.569052,1756.424227,1460.4306,25.17709100000002,-30.6780839999999,1826.1001,1725.746143
11.3,106,0.92,1908.678421,0,1,82,49,2021-12-11 05:00:00,5,11,12,5,4,1,0.9659258262890683,0.25881904510252074,-2.4492935982947064e-16,1.0,-0.9749279121818236,-0.2225209339563146,1892.7357591041666,614.7332885129807,2617.05256,845.3239325,1725.746143,1928.517331,1813.083073,182.932278,-19.83890999999994,1949.3789,1908.678421
11.5,116,0.92,2125.711315,0,1,86,36,2021-12-11 06:00:00,6,11,12,5,4,1,1.0,6.123233995736766e-17,-2.4492935982947064e-16,1.0,-0.9749279121818236,-0.2225209339563146,1883.0902568125,608.9172842757483,2617.05256,845.3239325,1908.678421,2357.20337,2153.036149,217.03289399999994,-231.49205500000016,2125.9626,2125.711315
11.2,140,0.92,2498.587213,0,1,86,36,2021-12-11 07:00:00,7,11,12,5,4,1,0.9659258262890683,-0.25881904510252063,-2.4492935982947064e-16,1.0,-0.9749279121818236,-0.2225209339563146,1880.4742827291666,606.0045203843875,2617.05256,845.3239325,2125.711315,2561.370591,2301.5214,372.8758979999998,-62.783378000000084,2302.5781,2498.587213
11.2,140,0.92,2498.587213,0,1,86,36,2021-12-11 08:00:00,8,11,12,5,4,1,0.8660254037844387,-0.4999999999999998,-2.4492935982947064e-16,1.0,-0.9749279121818236,-0.2225209339563146,1875.5382266041668,600.1987096723534,2568.534353,845.3239325,2498.587213,2617.05256,2415.327531,0.0,-118.46534700000029,2472.5925,2498.587213
11.8,136,0.92,2557.227525,0,1,79,44,2021-12-11 09:00:00,9,11,12,5,4,1,0.7071067811865476,-0.7071067811865475,-2.4492935982947064e-16,1.0,-0.9749279121818236,-0.2225209339563146,1875.0671087708333,599.6352745310269,2557.227525,845.3239325,2498.587213,2568.534353,2321.710184,58.640311999999994,-11.306828000000223,2483.1626,2557.227525
11.5,155,0.92,2840.390119,0,1,79,44,2021-12-11 10:00:00,10,11,12,5,4,1,0.49999999999999994,-0.8660254037844387,-2.4492935982947064e-16,1.0,-0.9749279121818236,-0.2225209339563146,1887.3170381041666,616.7060758247172,2840.390119,845.3239325,2557.227525,2546.391815,2301.5214,283.16259400000035,293.9983040000002,2502.4646,2840.390119
11.6,152,0.92,2809.635825,0,1,79,44,2021-12-11 11:00:00,11,11,12,5,4,1,0.258819045102521,-0.9659258262890682,-2.4492935982947064e-16,1.0,-0.9749279121818236,-0.2225209339563146,1901.4061167291666,634.2454401008871,2840.390119,845.3239325,2840.390119,2471.497938,2359.157123,-30.7542940000003,338.13788699999986,2578.0933,2809.635825
11.6,147,0.92,2717.213594,0,1,71,76,2021-12-11 12:00:00,12,11,12,5,4,1,1.2246467991473532e-16,-1.0,-2.4492935982947064e-16,1.0,-0.9749279121818236,-0.2225209339563146,1912.3226556041666,646.3315551756524,2840.390119,845.3239325,2809.635825,2455.216661,2452.774469,-92.42223100000001,261.9969329999999,2521.332,2717.213594
11.4,147,0.92,2670.365084,0,1,71,76,2021-12-11 13:00:00,13,11,12,5,4,1,-0.2588190451025208,-0.9659258262890683,-2.4492935982947064e-16,1.0,-0.9749279121818236,-0.2225209339563146,1921.2871732291667,655.614174127437,2840.390119,845.3239325,2717.213594,2455.216661,2434.051,-46.848509999999806,215.1484230000001,2464.514,2670.365084
11.4,155,0.92,2815.691075,0,1,71,76,2021-12-11 14:00:00,14,11,12,5,4,1,-0.4999999999999997,-0.8660254037844388,-2.4492935982947064e-16,1.0,-0.9749279121818236,-0.2225209339563146,1941.3541365625,675.8563491031807,2840.390119,845.3239325,2670.365084,2334.083955,2431.445995,145.32599100000016,481.6071200000001,2438.1433,2815.691075
11.4,155,0.92,2815.691075,0,1,69,81,2021-12-11 15:00:00,15,11,12,5,4,1,-0.7071067811865471,-0.7071067811865479,-2.4492935982947064e-16,1.0,-0.9749279121818236,-0.2225209339563146,1961.8416995625,695.1372386545354,2840.390119,845.3239325,2815.691075,2323.989563,2487.127965,0.0,491.7015120000001,2462.2666,2815.691075
11.4,146,0.92,2652.199335,0,1,69,81,2021-12-11 16:00:00,16,11,12,5,4,1,-0.8660254037844385,-0.5000000000000004,-2.4492935982947064e-16,1.0,-0.9749279121818236,-0.2225209339563146,1978.6919558541667,707.1674673759293,2840.390119,845.3239325,2815.691075,2247.793184,2284.263246,-163.4917400000004,404.4061509999997,2399.6248,2652.199335
11.8,134,0.92,2519.621238,0,1,69,81,2021-12-11 17:00:00,17,11,12,5,4,1,-0.9659258262890683,-0.25881904510252063,-2.4492935982947064e-16,1.0,-0.9749279121818236,-0.2225209339563146,1993.2608125625002,714.8395285174445,2840.390119,845.3239325,2652.199335,2169.968677,2190.6459,-132.57809699999962,349.65256100000033,2030.2305,2519.621238
11.7,61,0.92,1137.271488,0,1,69,94,2021-12-11 18:00:00,18,11,12,5,4,1,-1.0,-1.8369701987210297e-16,-2.4492935982947064e-16,1.0,-0.9749279121818236,-0.2225209339563146,1992.2306753125001,716.1062201701193,2840.390119,845.3239325,2519.621238,1161.994782,1181.043876,-1382.34975,-24.723293999999896,1191.6677,1137.271488
11.7,59,0.92,1099.983899,0,1,69,94,2021-12-11 19:00:00,19,11,12,5,4,1,-0.9659258262890684,0.2588190451025203,-2.4492935982947064e-16,1.0,-0.9749279121818236,-0.2225209339563146,1991.2343131041664,717.3824136618517,2840.390119,845.3239325,1137.271488,1123.896592,952.4547391,-37.287589000000025,-23.91269299999999,857.4743,1099.983899
11.7,56,0.92,1044.052514,0,1,69,94,2021-12-11 20:00:00,20,11,12,5,4,1,-0.8660254037844386,0.5000000000000001,-2.4492935982947064e-16,1.0,-0.9749279121818236,-0.2225209339563146,1990.2886133541667,718.6679254450205,2840.390119,845.3239325,1099.983899,1066.749308,1047.700213,-55.93138500000009,-22.696793999999954,837.65643,1044.052514
11.8,50,0.92,940.1571783,0,1,65,92,2021-12-11 21:00:00,21,11,12,5,4,1,-0.7071067811865477,0.7071067811865474,-2.4492935982947064e-16,1.0,-0.9749279121818236,-0.2225209339563146,1989.4370217041667,719.9520808090081,2840.390119,845.3239325,1044.052514,960.5953779,952.4547391,-103.89533569999992,-20.43819959999996,825.0619,940.1571783
11.8,45,0.92,846.1414605,0,1,65,92,2021-12-11 22:00:00,22,11,12,5,4,1,-0.5000000000000004,0.8660254037844384,-2.4492935982947064e-16,1.0,-0.9749279121818236,-0.2225209339563146,1988.6705892208336,721.2103637832583,2840.390119,845.3239325,940.1571783,864.5358401,838.1601704,-94.01571780000006,-18.39437959999998,900.0858,846.1414605
11.8,44,0.92,827.3383169,0,1,65,92,2021-12-11 23:00:00,23,11,12,5,4,1,-0.25881904510252157,0.9659258262890681,-2.4492935982947064e-16,1.0,-0.9749279121818236,-0.2225209339563146,1987.9211885708335,722.458319360991,2840.390119,827.3383169,846.1414605,845.3239325,838.1601704,-18.8031436,-17.98561559999996,1054.7609,827.3383168999999
11.4,100,0.97,1915.301783,1,1,68,94,2021-12-12 00:00:00,0,12,12,6,4,1,0.0,1.0,-2.4492935982947064e-16,1.0,-0.7818314824680299,0.6234898018587334,1999.3648482375,718.8848429694445,2840.390119,827.3383169,827.3383169,1640.653951,1397.584868,1087.9634661,274.6478319999999,1283.3594,1915.301783
11.4,100,0.97,1915.301783,1,1,68,94,2021-12-12 01:00:00,1,12,12,6,4,1,0.25881904510252074,0.9659258262890683,-2.4492935982947064e-16,1.0,-0.7818314824680299,0.6234898018587334,2010.8085079041666,715.1024467864806,2840.390119,827.3383169,1915.301783,1640.653951,1397.584868,0.0,274.6478319999999,1648.9674,1915.301783
11.4,100,0.97,1915.301783,1,1,68,94,2021-12-12 02:00:00,2,12,12,6,4,1,0.49999999999999994,0.8660254037844387,-2.4492935982947064e-16,1.0,-0.7818314824680299,0.6234898018587334,2020.6985180291667,711.9330188686208,2840.390119,827.3383169,1915.301783,1677.94154,1397.584868,0.0,237.36024299999985,1777.1177,1915.301783
11.4,100,0.97,1915.301783,1,1,82,46,2021-12-12 03:00:00,3,12,12,6,4,1,0.7071067811865476,0.7071067811865476,-2.4492935982947064e-16,1.0,-0.7818314824680299,0.6234898018587334,2029.6457151541665,709.0784796767276,2840.390119,827.3383169,1915.301783,1700.569052,1385.536723,0.0,214.73273099999983,1849.8179,1915.301783
11.2,106,0.97,1994.601997,1,1,82,46,2021-12-12 04:00:00,4,12,12,6,4,1,0.8660254037844386,0.5000000000000001,-2.4492935982947064e-16,1.0,-0.7818314824680299,0.6234898018587334,2040.8480424041666,706.1864508939414,2840.390119,827.3383169,1915.301783,1725.746143,1484.852516,79.3002140000001,268.8558539999999,1966.2421,1994.601997
11.2,109,0.97,2051.052997,1,1,82,46,2021-12-12 05:00:00,5,12,12,6,4,1,0.9659258262890683,0.25881904510252074,-2.4492935982947064e-16,1.0,-0.7818314824680299,0.6234898018587334,2046.7803164041668,705.6256769113827,2840.390119,827.3383169,1994.601997,1908.678421,1710.999462,56.450999999999794,142.3745759999997,2100.1602,2051.052997
11.2,142,0.97,2672.013996,1,1,85,38,2021-12-12 06:00:00,6,12,12,6,4,1,1.0,6.123233995736766e-17,-2.4492935982947064e-16,1.0,-0.7818314824680299,0.6234898018587334,2069.5429281125002,717.0024098510733,2840.390119,827.3383169,2051.052997,2125.711315,1896.443214,620.9609990000004,546.3026810000001,2196.5598,2672.013996
11.3,169,0.97,3208.466504,1,1,85,38,2021-12-12 07:00:00,7,12,12,6,4,1,0.9659258262890683,-0.25881904510252063,-2.4492935982947064e-16,1.0,-0.7818314824680299,0.6234898018587334,2099.1212319041665,749.3822780720595,3208.466504,827.3383169,2672.013996,2498.587213,2078.793523,536.4525079999999,709.8792910000002,2553.5947,3208.466504
11.3,171,0.97,3246.436522,1,1,85,38,2021-12-12 08:00:00,8,12,12,6,4,1,0.8660254037844387,-0.4999999999999998,-2.4492935982947064e-16,1.0,-0.7818314824680299,0.6234898018587334,2130.2816197791667,781.5718109411245,3246.436522,827.3383169,3208.466504,2498.587213,2579.931247,37.97001799999998,747.8493090000002,2703.1636,3246.436522
11.3,167,0.97,3170.496487,1,1,78,44,2021-12-12 09:00:00,9,12,12,6,4,1,0.7071067811865476,-0.7071067811865475,-2.4492935982947064e-16,1.0,-0.7818314824680299,0.6234898018587334,2155.834493195833,805.7874026440171,3246.436522,827.3383169,3246.436522,2557.227525,2704.483021,-75.94003500000008,613.2689620000001,2613.5747,3170.496487
11.3,167,0.97,3170.496487,1,1,78,44,2021-12-12 10:00:00,10,12,12,6,4,1,0.49999999999999994,-0.8660254037844387,-2.4492935982947064e-16,1.0,-0.7818314824680299,0.6234898018587334,2169.588925195833,820.6606276079283,3246.436522,827.3383169,3170.496487,2840.390119,2778.074395,0.0,330.10636799999975,2493.419,3170.496487
11.4,160,0.97,3064.482853,1,1,78,44,2021-12-12 11:00:00,11,12,12,6,4,1,0.258819045102521,-0.9659258262890682,-2.4492935982947064e-16,1.0,-0.7818314824680299,0.6234898018587334,2180.2075513625,830.887369911023,3246.436522,827.3383169,3170.496487,2809.635825,2778.074395,-106.01363399999991,254.84702800000014,2450.1423,3064.4828530000004
11.4,142,0.97,2719.728532,1,1,68,78,2021-12-12 12:00:00,12,12,12,6,4,1,1.2246467991473532e-16,-1.0,-2.4492935982947064e-16,1.0,-0.7818314824680299,0.6234898018587334,2180.3123404458333,830.9581957037657,3246.436522,827.3383169,3064.482853,2717.213594,2709.855842,-344.7543209999999,2.5149380000002566,2433.165,2719.728532
11.5,152,0.97,2936.796067,1,1,68,78,2021-12-12 13:00:00,13,12,12,6,4,1,-0.2588190451025208,-0.9659258262890683,-2.4492935982947064e-16,1.0,-0.7818314824680299,0.6234898018587334,2191.4136314041666,839.525312003641,3246.436522,827.3383169,2719.728532,2670.365084,2583.838754,217.06753500000013,266.4309830000002,2429.0872,2936.796067
11.4,136,0.97,2604.810425,1,1,68,78,2021-12-12 14:00:00,14,12,12,6,4,1,-0.4999999999999997,-0.8660254037844388,-2.4492935982947064e-16,1.0,-0.7818314824680299,0.6234898018587334,2182.6269376541663,833.7913636715243,3246.436522,827.3383169,2936.796067,2815.691075,2583.838754,-331.9856420000001,-210.88065000000006,2516.989,2604.810425
11.6,75,0.97,1461.677677,1,1,65,84,2021-12-12 15:00:00,15,12,12,6,4,1,-0.7071067811865471,-0.7071067811865479,-2.4492935982947064e-16,1.0,-0.7818314824680299,0.6234898018587334,2126.2097127375,834.9015259062458,3246.436522,827.3383169,2604.810425,2815.691075,2579.931247,-1143.1327480000002,-1354.0133980000003,2682.2131,1461.677677
11.5,134,0.97,2589.017586,1,1,65,84,2021-12-12 16:00:00,16,12,12,6,4,1,-0.8660254037844385,-0.5000000000000004,-2.4492935982947064e-16,1.0,-0.7818314824680299,0.6234898018587334,2123.5771398624997,833.2689045419535,3246.436522,827.3383169,1461.677677,2652.199335,2246.816308,1127.339909,-63.181748999999854,1867.6144,2589.017586
11.4,118,0.97,2260.056104,1,1,65,84,2021-12-12 17:00:00,17,12,12,6,4,1,-0.9659258262890683,-0.25881904510252063,-2.4492935982947064e-16,1.0,-0.7818314824680299,0.6234898018587334,2112.7619259458334,829.5813736036718,3246.436522,827.3383169,2589.017586,2519.621238,2228.581277,-328.96148200000016,-259.5651340000004,2765.5598,2260.056104
11.7,62,0.97,1218.736766,1,1,67,88,2021-12-12 18:00:00,18,12,12,6,4,1,-1.0,-1.8369701987210297e-16,-2.4492935982947064e-16,1.0,-0.7818314824680299,0.6234898018587334,2116.1563125291664,825.5734171218401,3246.436522,827.3383169,2260.056104,1137.271488,1181.043876,-1041.3193379999998,81.4652779999999,1258.6295,1218.7367659999998
11.6,60,0.97,1169.342141,1,1,67,88,2021-12-12 19:00:00,19,12,12,6,4,1,-0.9659258262890684,0.2588190451025203,-2.4492935982947064e-16,1.0,-0.7818314824680299,0.6234898018587334,2119.0462392791665,821.9751927784051,3246.436522,827.3383169,1218.736766,1099.983899,1104.847497,-49.394624999999905,69.35824200000002,866.62573,1169.3421409999999
11.8,54,0.97,1070.552891,1,1,67,88,2021-12-12 20:00:00,20,12,12,6,4,1,-0.8660254037844386,0.5000000000000001,-2.4492935982947064e-16,1.0,-0.7818314824680299,0.6234898018587334,2120.1504216541666,820.4847860242794,3246.436522,827.3383169,1169.342141,1044.052514,1047.700213,-98.78925000000004,26.50037700000007,808.5411,1070.552891
11.7,49,0.97,963.1951861,1,1,62,93,2021-12-12 21:00:00,21,12,12,6,4,1,-0.7071067811865477,0.7071067811865474,-2.4492935982947064e-16,1.0,-0.7818314824680299,0.6234898018587334,2121.1103386458335,819.0564768544896,3246.436522,827.3383169,1070.552891,940.1571783,952.4547391,-107.35770490000004,23.038007799999946,817.5554,963.1951861
11.7,44,0.97,864.9099631,1,1,62,93,2021-12-12 22:00:00,22,12,12,6,4,1,-0.5000000000000004,0.8660254037844384,-2.4492935982947064e-16,1.0,-0.7818314824680299,0.6234898018587334,2121.8923595875,817.7942190481348,3246.436522,827.3383169,963.1951861,846.1414605,838.1601704,-98.28522299999997,18.768502600000033,870.9607,864.9099630999999
11.7,44,0.97,864.9099631,1,1,62,93,2021-12-12 23:00:00,23,12,12,6,4,1,-0.25881904510252157,0.9659258262890681,-2.4492935982947064e-16,1.0,-0.7818314824680299,0.6234898018587334,2123.4578448458333,815.2403114920824,3246.436522,864.9099631,864.9099631,827.3383169,838.1601704,0.0,37.57164620000003,990.3944,864.9099630999999
11.6,79,0.97,1539.633819,0,1,67,94,2021-12-13 00:00:00,0,13,12,0,4,0,0.0,1.0,-2.4492935982947064e-16,1.0,0.0,1.0,2107.8050130125002,822.98045002099,3246.436522,864.9099631,864.9099631,1915.301783,1570.580371,674.7238558999999,-375.667964,1293.0255,1539.633819
11.6,79,0.97,1539.633819,0,1,67,94,2021-12-13 01:00:00,1,13,12,0,4,0,0.25881904510252074,0.9659258262890683,-2.4492935982947064e-16,1.0,0.0,1.0,2092.1521811791667,830.3406223629463,3246.436522,864.9099631,1539.633819,1915.301783,1570.580371,0.0,-375.667964,1773.4073,1539.633819
11.6,79,0.97,1539.633819,0,1,67,94,2021-12-13 02:00:00,2,13,12,0,4,0,0.49999999999999994,0.8660254037844387,-2.4492935982947064e-16,1.0,0.0,1.0,2076.4993493458333,837.3308483327897,3246.436522,864.9099631,1539.633819,1915.301783,1570.580371,0.0,-375.667964,1601.6788,1539.633819
11.4,82,0.97,1570.547462,0,1,76,44,2021-12-13 03:00:00,3,13,12,0,4,0,0.7071067811865476,0.7071067811865476,-2.4492935982947064e-16,1.0,0.0,1.0,2062.1345859708335,843.1534540503709,3246.436522,864.9099631,1539.633819,1915.301783,1570.580371,30.913643000000093,-344.7543209999999,1620.2261,1570.547462
11.4,82,0.97,1570.547462,0,1,76,44,2021-12-13 04:00:00,4,13,12,0,4,0,0.8660254037844386,0.5000000000000001,-2.4492935982947064e-16,1.0,0.0,1.0,2044.4656470124999,849.0527417161029,3246.436522,864.9099631,1570.547462,1994.601997,1669.471812,0.0,-424.054535,1749.0593,1570.547462
11.5,101,0.97,1951.423703,0,1,76,44,2021-12-13 05:00:00,5,13,12,0,4,0,0.9659258262890683,0.25881904510252074,-2.4492935982947064e-16,1.0,0.0,1.0,2040.3144264291666,849.2626639812796,3246.436522,864.9099631,1570.547462,2051.052997,1824.473039,380.87624099999994,-99.62929399999985,1894.0814,1951.423703
11.2,150,0.97,2822.549996,0,1,82,30,2021-12-13 06:00:00,6,13,12,0,4,0,1.0,6.123233995736766e-17,-2.4492935982947064e-16,1.0,0.0,1.0,2046.5867597625,854.6696945015226,3246.436522,864.9099631,1951.423703,2672.013996,2156.195409,871.1262930000003,150.53600000000006,2164.389,2822.549996
11.5,172,0.97,3323.216602,0,1,82,30,2021-12-13 07:00:00,7,13,12,0,4,0,0.9659258262890683,-0.25881904510252063,-2.4492935982947064e-16,1.0,0.0,1.0,2051.3680138458335,861.7438628515163,3323.216602,864.9099631,2822.549996,3208.466504,2324.195677,500.6666059999998,114.75009799999998,2607.7053,3323.216602
11.5,171,0.97,3303.895576,0,1,82,30,2021-12-13 08:00:00,8,13,12,0,4,0,0.8660254037844387,-0.4999999999999998,-2.4492935982947064e-16,1.0,0.0,1.0,2053.762141095833,865.2809583728059,3323.216602,864.9099631,3323.216602,3246.436522,2432.630718,-19.321026000000074,57.459053999999924,2721.3225,3303.8955760000003
11.6,176,0.97,3430.070281,0,1,79,40,2021-12-13 09:00:00,9,13,12,0,4,0,0.7071067811865476,-0.7071067811865475,-2.4492935982947064e-16,1.0,0.0,1.0,2064.5777158458336,881.320087094927,3430.070281,864.9099631,3303.895576,3170.496487,2379.976374,126.1747049999999,259.5737939999999,2747.8762,3430.0702809999993
11.6,180,0.97,3508.026424,0,1,79,40,2021-12-13 10:00:00,10,13,12,0,4,0,0.49999999999999994,-0.8660254037844387,-2.4492935982947064e-16,1.0,0.0,1.0,2078.6414632208334,902.1813689007267,3508.026424,864.9099631,3430.070281,3170.496487,2395.772677,77.95614300000034,337.52993700000025,2830.5405,3508.026424
11.6,171,0.97,3332.625102,0,1,79,40,2021-12-13 11:00:00,11,13,12,0,4,0,0.258819045102521,-0.9659258262890682,-2.4492935982947064e-16,1.0,0.0,1.0,2089.814056929167,916.4680309689537,3508.026424,864.9099631,3508.026424,3064.482853,2438.554332,-175.40132200000016,268.142249,2898.243,3332.625102
11.6,163,0.97,3176.712817,0,1,70,80,2021-12-13 12:00:00,12,13,12,0,4,0,1.2246467991473532e-16,-1.0,-2.4492935982947064e-16,1.0,0.0,1.0,2108.8550688041664,934.6905839267121,3508.026424,864.9099631,3332.625102,2719.728532,2326.005671,-155.91228499999988,456.984285,2829.1445,3176.7128170000005
11.5,156,0.97,3014.080174,0,1,70,80,2021-12-13 13:00:00,13,13,12,0,4,0,-0.2588190451025208,-0.9659258262890683,-2.4492935982947064e-16,1.0,0.0,1.0,2112.0752399291664,937.7949748862197,3508.026424,864.9099631,3176.712817,2936.796067,2288.48945,-162.63264299999992,77.28410699999995,2753.7397,3014.080174
11.6,146,0.97,2845.39921,0,1,70,80,2021-12-13 14:00:00,14,13,12,0,4,0,-0.4999999999999997,-0.8660254037844388,-2.4492935982947064e-16,1.0,0.0,1.0,2122.0997726375003,944.552593318579,3508.026424,864.9099631,3014.080174,2604.810425,2288.48945,-168.68096400000013,240.58878499999992,2615.6099,2845.39921
11.6,134,0.97,2611.530782,0,1,67,88,2021-12-13 15:00:00,15,13,12,0,4,0,-0.7071067811865471,-0.7071067811865479,-2.4492935982947064e-16,1.0,0.0,1.0,2170.0103186791666,938.7416673380598,3508.026424,864.9099631,2845.39921,1461.677677,2305.602112,-233.86842800000022,1149.853105,2660.6926,2611.530782
11.7,124,0.97,2437.473532,0,1,67,88,2021-12-13 16:00:00,16,13,12,0,4,0,-0.8660254037844385,-0.5000000000000004,-2.4492935982947064e-16,1.0,0.0,1.0,2163.6959830958335,936.3072399481019,3508.026424,864.9099631,2611.530782,2589.017586,2175.940789,-174.05724999999984,-151.54405399999996,2510.7468,2437.473532
11.8,118,0.97,2339.356318,0,1,67,88,2021-12-13 17:00:00,17,13,12,0,4,0,-0.9659258262890683,-0.25881904510252063,-2.4492935982947064e-16,1.0,0.0,1.0,2167.0001586791664,936.8018665013493,3508.026424,864.9099631,2437.473532,2260.056104,2116.375561,-98.11721399999988,79.30021400000032,1968.488,2339.356318
11.7,62,0.97,1218.736766,0,1,63,91,2021-12-13 18:00:00,18,13,12,0,4,0,-1.0,-1.8369701987210297e-16,-2.4492935982947064e-16,1.0,0.0,1.0,2167.000158679167,936.8018665013493,3508.026424,864.9099631,2339.356318,1218.736766,1174.356428,-1120.619552,0.0,1196.052,1218.7367659999998
11.6,58,0.97,1130.36407,0,1,63,91,2021-12-13 19:00:00,19,13,12,0,4,0,-0.9659258262890684,0.2588190451025203,-2.4492935982947064e-16,1.0,0.0,1.0,2165.3760723875002,938.6386420771772,3508.026424,864.9099631,1218.736766,1169.342141,1174.356428,-88.3726959999999,-38.978071,1009.7501,1130.36407
11.6,53,0.97,1032.918891,0,1,63,91,2021-12-13 20:00:00,20,13,12,0,4,0,-0.8660254037844386,0.5000000000000001,-2.4492935982947064e-16,1.0,0.0,1.0,2163.8079890541667,940.5766031059078,3508.026424,864.9099631,1130.36407,1070.552891,973.4471949,-97.44517900000005,-37.634000000000015,919.17676,1032.918891
11.7,49,0.97,963.1951861,0,1,64,94,2021-12-13 21:00:00,21,13,12,0,4,0,-0.7071067811865477,0.7071067811865474,-2.4492935982947064e-16,1.0,0.0,1.0,2163.8079890541667,940.5766031059078,3508.026424,864.9099631,1032.918891,963.1951861,935.2727951,-69.72370490000003,0.0,957.7047,963.1951861
11.7,45,0.97,884.5670077,0,1,64,94,2021-12-13 22:00:00,22,13,12,0,4,0,-0.5000000000000004,0.8660254037844384,-2.4492935982947064e-16,1.0,0.0,1.0,2164.6270325791666,939.4041884113233,3508.026424,864.9099631,963.1951861,864.9099631,839.8367956,-78.62817840000002,19.65704459999995,1022.73315,884.5670077
11.6,44,0.97,857.5175702,0,1,64,94,2021-12-13 23:00:00,23,13,12,0,4,0,-0.25881904510252157,0.9659258262890681,-2.4492935982947064e-16,1.0,0.0,1.0,2164.3190162083333,939.8499806439174,3508.026424,857.5175702,884.5670077,864.9099631,832.5968232,-27.049437499999954,-7.392392900000004,1176.4725,857.5175702
11.6,81,0.96,1562.337541,0,1,66,94,2021-12-14 00:00:00,0,14,12,1,4,0,0.0,1.0,-2.4492935982947064e-16,1.0,0.7818314824680298,0.6234898018587336,2165.2650046249996,939.2050825750678,3508.026424,857.5175702,857.5175702,1539.633819,1280.685295,704.8199708000001,22.703722000000198,1296.5543,1562.337541
11.6,81,0.96,1562.337541,0,1,66,94,2021-12-14 01:00:00,1,14,12,1,4,0,0.25881904510252074,0.9659258262890683,-2.4492935982947064e-16,1.0,0.7818314824680298,0.6234898018587336,2166.210993041667,938.5587464555758,3508.026424,857.5175702,1562.337541,1539.633819,1280.685295,0.0,22.703722000000198,1728.3746,1562.337541
11.6,81,0.96,1562.337541,0,1,66,94,2021-12-14 02:00:00,2,14,12,1,4,0,0.49999999999999994,0.8660254037844387,-2.4492935982947064e-16,1.0,0.7818314824680298,0.6234898018587336,2167.156981458333,937.9109693124598,3508.026424,857.5175702,1562.337541,1539.633819,1280.685295,0.0,22.703722000000198,1538.3417,1562.337541
11.4,81,0.96,1535.400687,0,1,77,47,2021-12-14 03:00:00,3,14,12,1,4,0,0.7071067811865476,0.7071067811865476,-2.4492935982947064e-16,1.0,0.7818314824680298,0.6234898018587336,2165.6925324999997,938.9099209565373,3508.026424,857.5175702,1562.337541,1570.547462,1280.685295,-26.93685400000004,-35.146774999999934,1580.8932,1535.400687
11.3,90,0.96,1691.035844,0,1,77,47,2021-12-14 04:00:00,4,14,12,1,4,0,0.8660254037844386,0.5000000000000001,-2.4492935982947064e-16,1.0,0.7818314824680298,0.6234898018587336,2170.71288175,935.9066456525779,3508.026424,857.5175702,1535.400687,1570.547462,1447.731203,155.63515699999994,120.488382,1692.5833,1691.0358439999998
11.2,112,0.96,2085.777152,0,1,77,47,2021-12-14 05:00:00,5,14,12,1,4,0,0.9659258262890683,0.25881904510252074,-2.4492935982947064e-16,1.0,0.7818314824680298,0.6234898018587336,2176.310942125,934.9392668304929,3508.026424,857.5175702,1691.035844,1951.423703,1651.898424,394.7413080000001,134.35344900000018,1907.2513,2085.777152
11.2,148,0.96,2756.205522,0,1,82,39,2021-12-14 06:00:00,6,14,12,1,4,0,1.0,6.123233995736766e-17,-2.4492935982947064e-16,1.0,0.7818314824680298,0.6234898018587336,2173.5465890416667,933.0415984174342,3508.026424,857.5175702,2085.777152,2822.549996,2443.494141,670.4283700000001,-66.34447399999999,2147.8123,2756.205522
11.8,176,0.96,3453.238192,0,1,82,39,2021-12-14 07:00:00,7,14,12,1,4,0,0.9659258262890683,-0.25881904510252063,-2.4492935982947064e-16,1.0,0.7818314824680298,0.6234898018587336,2178.964155291667,940.3560246243462,3508.026424,857.5175702,2756.205522,3323.216602,2625.84445,697.0326699999996,130.02158999999983,2483.2583,3453.238192
11.8,187,0.96,3669.06558,0,1,82,39,2021-12-14 08:00:00,8,14,12,1,4,0,0.8660254037844387,-0.4999999999999998,-2.4492935982947064e-16,1.0,0.7818314824680298,0.6234898018587336,2194.179572125,962.0533466380768,3669.06558,857.5175702,3453.238192,3303.895576,2789.796915,215.82738800000016,365.17000400000006,2801.0498,3669.06558
11.5,188,0.96,3594.906092,0,1,77,50,2021-12-14 09:00:00,9,14,12,1,4,0,0.7071067811865476,-0.7071067811865475,-2.4492935982947064e-16,1.0,0.7818314824680298,0.6234898018587336,2201.0477309166668,971.7990842080771,3669.06558,857.5175702,3669.06558,3430.070281,2621.285692,-74.15948799999978,164.83581100000038,2816.9558,3594.906092
11.6,183,0.96,3529.725556,0,1,77,50,2021-12-14 10:00:00,10,14,12,1,4,0,0.49999999999999994,-0.8660254037844387,-2.4492935982947064e-16,1.0,0.7818314824680298,0.6234898018587336,2201.951861416667,973.0771769160609,3669.06558,857.5175702,3594.906092,3508.026424,2696.179569,-65.1805360000003,21.699131999999736,2770.8452,3529.7255560000003
11.5,190,0.96,3633.149774,0,1,77,50,2021-12-14 11:00:00,11,14,12,1,4,0,0.258819045102521,-0.9659258262890682,-2.4492935982947064e-16,1.0,0.7818314824680298,0.6234898018587336,2214.4737227500004,990.0453169501902,3669.06558,857.5175702,3529.725556,3332.625102,2579.931247,103.42421800000011,300.524672,2722.946,3633.149774
11.6,183,0.96,3529.725556,0,1,66,75,2021-12-14 12:00:00,12,14,12,1,4,0,1.2246467991473532e-16,-1.0,-2.4492935982947064e-16,1.0,0.7818314824680298,0.6234898018587336,2229.182586875,1007.4322649600242,3669.06558,857.5175702,3633.149774,3176.712817,2662.965763,-103.42421800000011,353.0127389999998,2770.132,3529.7255560000003
11.5,167,0.96,3193.347433,0,1,66,75,2021-12-14 13:00:00,13,14,12,1,4,0,-0.2588190451025208,-0.9659258262890683,-2.4492935982947064e-16,1.0,0.7818314824680298,0.6234898018587336,2236.6520560000004,1014.1470022949788,3669.06558,857.5175702,3529.725556,3014.080174,2479.964203,-336.37812299999996,179.26725899999974,2752.585,3193.347433
11.7,172,0.96,3346.155883,0,1,66,75,2021-12-14 14:00:00,14,14,12,1,4,0,-0.4999999999999997,-0.8660254037844388,-2.4492935982947064e-16,1.0,0.7818314824680298,0.6234898018587336,2257.516917375,1032.2062209303726,3669.06558,857.5175702,3193.347433,2845.39921,2207.741241,152.80845,500.75667299999986,2497.7942,3346.155883
11.3,184,0.96,3457.228838,0,1,65,84,2021-12-14 15:00:00,15,14,12,1,4,0,-0.7071067811865471,-0.7071067811865479,-2.4492935982947064e-16,1.0,0.7818314824680298,0.6234898018587336,2292.754336375,1058.9068472706952,3669.06558,857.5175702,3346.155883,2611.530782,2407.024079,111.07295500000009,845.6980560000002,2564.2007,3457.228838
11.7,134,0.96,2606.888886,0,1,65,84,2021-12-14 16:00:00,16,14,12,1,4,0,-0.8660254037844385,-0.5000000000000004,-2.4492935982947064e-16,1.0,0.7818314824680298,0.6234898018587336,2299.813309458333,1060.4770527986454,3669.06558,857.5175702,3457.228838,2437.473532,2621.285692,-850.3399519999998,169.4153540000002,2641.5625,2606.888886
11.7,125,0.96,2431.799334,0,1,65,84,2021-12-14 17:00:00,17,14,12,1,4,0,-0.9659258262890683,-0.25881904510252063,-2.4492935982947064e-16,1.0,0.7818314824680298,0.6234898018587336,2303.665101791667,1060.794757812089,3669.06558,857.5175702,2606.888886,2339.356318,2323.989563,-175.08955200000037,92.44301599999972,1698.8613,2431.799334
11.5,61,0.96,1166.432296,0,1,65,92,2021-12-14 18:00:00,18,14,12,1,4,0,-1.0,-1.8369701987210297e-16,-2.4492935982947064e-16,1.0,0.7818314824680298,0.6234898018587336,2301.485748875,1063.1716677920724,3669.06558,857.5175702,2431.799334,1218.736766,1161.994782,-1265.3670379999999,-52.30447000000004,1088.4987,1166.432296
11.5,58,0.96,1109.066773,0,1,65,92,2021-12-14 19:00:00,19,14,12,1,4,0,-0.9659258262890684,0.2588190451025203,-2.4492935982947064e-16,1.0,0.7818314824680298,0.6234898018587336,2300.5983615,1064.200046939651,3669.06558,857.5175702,1166.432296,1130.36407,1152.063202,-57.36552299999994,-21.29729700000007,912.81134,1109.066773
11.5,53,0.96,1013.457569,0,1,65,92,2021-12-14 20:00:00,20,14,12,1,4,0,-0.8660254037844386,0.5000000000000001,-2.4492935982947064e-16,1.0,0.7818314824680298,0.6234898018587336,2299.787473083333,1065.2149082345036,3669.06558,857.5175702,1109.066773,1032.918891,963.2003823,-95.60920399999998,-19.461321999999996,880.0713,1013.4575690000001
11.5,49,0.96,936.9702049,0,1,62,93,2021-12-14 21:00:00,21,14,12,1,4,0,-0.7071067811865477,0.7071067811865474,-2.4492935982947064e-16,1.0,0.7818314824680298,0.6234898018587336,2298.6947655333333,1066.6580831345925,3669.06558,857.5175702,1013.457569,963.1951861,925.4278183,-76.48736410000004,-26.224981200000002,940.52313,936.9702049
11.5,44,0.96,841.3610003,0,1,62,93,2021-12-14 22:00:00,22,14,12,1,4,0,-0.5000000000000004,0.8660254037844384,-2.4492935982947064e-16,1.0,0.7818314824680298,0.6234898018587336,2296.8945152250003,1069.1820183319876,3669.06558,841.3610003,936.9702049,884.5670077,830.9964083,-95.6092046,-43.206007399999976,1002.3657,841.3610003000001
11.5,44,0.96,841.3610003,0,1,62,93,2021-12-14 23:00:00,23,14,12,1,4,0,-0.25881904510252157,0.9659258262890681,-2.4492935982947064e-16,1.0,0.7818314824680298,0.6234898018587336,2296.2213248125004,1070.1323623579815,3669.06558,841.3610003,841.3610003,857.5175702,823.8326461,0.0,-16.156569900000022,1132.0884,841.3610003000001
11.2,90,0.96,1676.070925,0,1,64,94,2021-12-15 00:00:00,0,15,12,2,4,0,0.0,1.0,-2.4492935982947064e-16,1.0,0.9749279121818236,-0.22252093395631434,2300.9602158125003,1066.9883952416874,3669.06558,841.3610003,841.3610003,1562.337541,1542.509024,834.7099247,113.73338399999989,1272.6128,1676.070925
11.2,90,0.96,1676.070925,0,1,64,94,2021-12-15 01:00:00,1,15,12,2,4,0,0.25881904510252074,0.9659258262890683,-2.4492935982947064e-16,1.0,0.9749279121818236,-0.22252093395631434,2305.6991068125003,1063.8131091638775,3669.06558,841.3610003,1676.070925,1562.337541,1542.509024,0.0,113.73338399999989,1762.019,1676.070925
11.2,90,0.96,1676.070925,0,1,64,94,2021-12-15 02:00:00,2,15,12,2,4,0,0.49999999999999994,0.8660254037844387,-2.4492935982947064e-16,1.0,0.9749279121818236,-0.22252093395631434,2310.4379978125003,1060.6062228326437,3669.06558,841.3610003,1676.070925,1562.337541,1542.509024,0.0,113.73338399999989,1610.2435,1676.070925
11.2,90,0.96,1676.070925,0,1,74,45,2021-12-15 03:00:00,3,15,12,2,4,0,0.7071067811865476,0.7071067811865476,-2.4492935982947064e-16,1.0,0.9749279121818236,-0.22252093395631434,2316.2992577291666,1056.517703365129,3669.06558,841.3610003,1676.070925,1535.400687,1542.509024,0.0,140.67023799999993,1673.1603,1676.070925
11.2,99,0.96,1843.678018,0,1,74,45,2021-12-15 04:00:00,4,15,12,2,4,0,0.8660254037844386,0.5000000000000001,-2.4492935982947064e-16,1.0,0.9749279121818236,-0.22252093395631434,2322.6593483125002,1053.04378299273,3669.06558,841.3610003,1676.070925,1691.035844,1601.78673,167.60709300000008,152.64217400000007,1765.2537,1843.6780180000003
11.2,124,0.96,2309.253275,0,1,74,45,2021-12-15 05:00:00,5,15,12,2,4,0,0.9659258262890683,0.25881904510252074,-2.4492935982947064e-16,1.0,0.9749279121818236,-0.22252093395631434,2331.9708534375,1051.845447679601,3669.06558,841.3610003,1843.678018,2085.777152,1804.104121,465.57525699999997,223.47612299999992,1932.4594,2309.253275
11.2,179,0.96,3333.518841,0,1,80,30,2021-12-15 06:00:00,6,15,12,2,4,0,1.0,6.123233995736766e-17,-2.4492935982947064e-16,1.0,0.9749279121818236,-0.22252093395631434,2356.0255750625,1068.439529726701,3669.06558,841.3610003,2309.253275,2756.205522,2222.914006,1024.265566,577.3133189999999,2151.8267,3333.518841
11.1,189,0.96,3488.322614,0,1,80,30,2021-12-15 07:00:00,7,15,12,2,4,0,0.9659258262890683,-0.25881904510252063,-2.4492935982947064e-16,1.0,0.9749279121818236,-0.22252093395631434,2357.4874259791663,1070.0288380739103,3669.06558,841.3610003,3333.518841,3453.238192,2515.758765,154.8037730000001,35.08442200000036,3083.0754,3488.3226139999997
11.1,190,0.96,3506.779347,0,1,80,30,2021-12-15 08:00:00,8,15,12,2,4,0,0.8660254037844387,-0.4999999999999998,-2.4492935982947064e-16,1.0,0.9749279121818236,-0.22252093395631434,2350.7254996041665,1061.8617106225825,3633.149774,841.3610003,3488.322614,3669.06558,2515.758765,18.456732999999986,-162.2862329999998,2306.2698,3506.779347
11.2,194,0.96,3612.863995,0,1,77,40,2021-12-15 09:00:00,9,15,12,2,4,0,0.7071067811865476,-0.7071067811865475,-2.4492935982947064e-16,1.0,0.9749279121818236,-0.22252093395631434,2351.4737455625,1062.7824744779634,3633.149774,841.3610003,3506.779347,3594.906092,2445.205407,106.08464800000002,17.957902999999988,2408.1257,3612.8639950000006
11.2,189,0.96,3519.748943,0,1,77,40,2021-12-15 10:00:00,10,15,12,2,4,0,0.49999999999999994,-0.8660254037844387,-2.4492935982947064e-16,1.0,0.9749279121818236,-0.22252093395631434,2351.0580533541665,1062.303423989805,3633.149774,841.3610003,3612.863995,3529.725556,2408.15684,-93.1150520000001,-9.976612999999816,2640.5356,3519.748943
11.2,191,0.96,3556.994964,0,1,77,40,2021-12-15 11:00:00,11,15,12,2,4,0,0.258819045102521,-0.9659258262890682,-2.4492935982947064e-16,1.0,0.9749279121818236,-0.22252093395631434,2347.8849362708334,1058.4139074978407,3612.863995,841.3610003,3519.748943,3633.149774,2371.108274,37.24602099999993,-76.15481,2712.2314,3556.994964
11.3,187,0.96,3513.596699,0,1,66,77,2021-12-15 12:00:00,12,15,12,2,4,0,1.2246467991473532e-16,-1.0,-2.4492935982947064e-16,1.0,0.9749279121818236,-0.22252093395631434,2347.2129005624997,1057.6357105767845,3612.863995,841.3610003,3556.994964,3529.725556,2391.726606,-43.39826499999981,-16.128856999999698,2805.474,3513.5966989999997
11.5,177,0.96,3384.565842,0,1,66,77,2021-12-15 13:00:00,13,15,12,2,4,0,-0.2588190451025208,-0.9659258262890683,-2.4492935982947064e-16,1.0,0.9749279121818236,-0.22252093395631434,2355.180334270833,1064.9817261697247,3612.863995,841.3610003,3513.596699,3193.347433,2350.489941,-129.0308570000002,191.21840900000007,2820.6758,3384.565842
11.5,164,0.96,3135.98191,0,1,66,77,2021-12-15 14:00:00,14,15,12,2,4,0,-0.4999999999999997,-0.8660254037844388,-2.4492935982947064e-16,1.0,0.9749279121818236,-0.22252093395631434,2346.4230853958334,1057.3152585970367,3612.863995,841.3610003,3384.565842,3346.155883,2387.216346,-248.583932,-210.17397299999993,2682.8591,3135.9819099999995
11.6,155,0.96,2989.658258,0,1,62,87,2021-12-15 15:00:00,15,15,12,2,4,0,-0.7071067811865471,-0.7071067811865479,-2.4492935982947064e-16,1.0,0.9749279121818236,-0.22252093395631434,2326.9409778958334,1040.1256319683098,3612.863995,841.3610003,3135.98191,3457.228838,2332.126738,-146.32365200000004,-467.57058000000006,2194.4607,2989.658258
11.7,144,0.96,2801.432833,0,1,62,87,2021-12-15 16:00:00,16,15,12,2,4,0,-0.8660254037844385,-0.5000000000000004,-2.4492935982947064e-16,1.0,0.9749279121818236,-0.22252093395631434,2335.0469756875,1043.1558579802438,3612.863995,841.3610003,2989.658258,2606.888886,2316.98515,-188.2254250000001,194.54394699999966,2007.3998,2801.432833
11.7,129,0.96,2509.616913,0,1,62,87,2021-12-15 17:00:00,17,15,12,2,4,0,-0.9659258262890683,-0.25881904510252063,-2.4492935982947064e-16,1.0,0.9749279121818236,-0.22252093395631434,2338.2893748125002,1043.590512759751,3612.863995,841.3610003,2801.432833,2431.799334,2242.888016,-291.81592,77.81757900000002,1880.6561,2509.616913
11.6,62,0.96,1195.863303,0,1,63,91,2021-12-15 18:00:00,18,15,12,2,4,0,-1.0,-1.8369701987210297e-16,-2.4492935982947064e-16,1.0,0.9749279121818236,-0.22252093395631434,2339.5156667708334,1042.1699533184812,3612.863995,841.3610003,2509.616913,1166.432296,1168.47958,-1313.7536099999998,29.431007000000136,918.7239,1195.8633029999999
11.6,59,0.96,1137.99895,0,1,63,91,2021-12-15 19:00:00,19,15,12,2,4,0,-0.9659258262890684,0.2588190451025203,-2.4492935982947064e-16,1.0,0.9749279121818236,-0.22252093395631434,2340.7211741458336,1040.7004733297495,3612.863995,841.3610003,1195.863303,1109.066773,1111.940245,-57.864353000000165,28.93217699999991,829.4842,1137.99895
11.5,55,0.96,1051.70125,0,1,63,91,2021-12-15 20:00:00,20,15,12,2,4,0,-0.8660254037844386,0.5000000000000001,-2.4492935982947064e-16,1.0,0.9749279121818236,-0.22252093395631434,2342.314660854167,1038.6070243954985,3612.863995,841.3610003,1137.99895,1013.457569,980.0151315,-86.29769999999985,38.24368100000004,794.77344,1051.70125
11.5,52,0.96,994.3357276,0,1,59,93,2021-12-15 21:00:00,21,15,12,2,4,0,-0.7071067811865477,0.7071067811865474,-2.4492935982947064e-16,1.0,0.9749279121818236,-0.22252093395631434,2344.704890966667,1035.292895411531,3612.863995,841.3610003,1051.70125,936.9702049,923.475797,-57.36552240000003,57.36552270000004,813.12177,994.3357276
11.5,47,0.96,898.726523,0,1,59,93,2021-12-15 22:00:00,22,15,12,2,4,0,-0.5000000000000004,0.8660254037844384,-2.4492935982947064e-16,1.0,0.9749279121818236,-0.22252093395631434,2347.095121079167,1031.7312422602156,3612.863995,841.3610003,994.3357276,841.3610003,840.841385,-95.6092046,57.36552270000004,933.0593,898.726523
11.5,42,0.96,803.1173185,0,1,59,93,2021-12-15 23:00:00,23,15,12,2,4,0,-0.25881904510252157,0.9659258262890681,-2.4492935982947064e-16,1.0,0.9749279121818236,-0.22252093395631434,2345.5016343375,1034.184544658932,3612.863995,803.1173185,898.726523,841.3610003,822.1560209,-95.60920450000003,-38.24368179999999,1100.1909,803.1173185
11.7,90,0.96,1750.89552,0,1,62,91,2021-12-16 00:00:00,0,16,12,3,4,0,0.0,1.0,-2.4492935982947064e-16,1.0,0.43388373911755823,-0.900968867902419,2348.6193257958334,1032.1895710210235,3612.863995,803.1173185,803.1173185,1676.070925,1471.425658,947.7782015,74.82459500000004,1176.1034,1750.8955200000003
11.4,90,0.96,1706.000763,0,1,62,91,2021-12-16 01:00:00,1,16,12,3,4,0,0.25881904510252074,0.9659258262890683,-2.4492935982947064e-16,1.0,0.43388373911755823,-0.900968867902419,2349.8664023791666,1031.359425458787,3612.863995,803.1173185,1750.89552,1676.070925,1471.425658,-44.89475700000003,29.929838000000018,1757.9559,1706.000763
11.4,90,0.96,1706.000763,0,1,62,91,2021-12-16 02:00:00,2,16,12,3,4,0,0.49999999999999994,0.8660254037844387,-2.4492935982947064e-16,1.0,0.43388373911755823,-0.900968867902419,2351.1134789625,1030.527036426508,3612.863995,803.1173185,1706.000763,1676.070925,1471.425658,0.0,29.929838000000018,1580.988,1706.000763
11.3,90,0.96,1691.035844,0,1,75,34,2021-12-16 03:00:00,3,16,12,3,4,0,0.7071067811865476,0.7071067811865476,-2.4492935982947064e-16,1.0,0.43388373911755823,-0.900968867902419,2351.7370172541664,1030.105272751401,3612.863995,803.1173185,1706.000763,1676.070925,1471.425658,-14.964919000000009,14.964919000000009,1705.9518,1691.0358439999998
11.3,96,0.96,1803.771567,0,1,75,34,2021-12-16 04:00:00,4,16,12,3,4,0,0.8660254037844386,0.5000000000000001,-2.4492935982947064e-16,1.0,0.43388373911755823,-0.900968867902419,2350.0742484625002,1030.9928501123327,3612.863995,803.1173185,1691.035844,1843.678018,1728.614419,112.73572300000001,-39.90645100000006,1839.662,1803.771567
11.2,149,0.96,2774.828532,0,1,75,34,2021-12-16 05:00:00,5,16,12,3,4,0,0.9659258262890683,0.25881904510252074,-2.4492935982947064e-16,1.0,0.43388373911755823,-0.900968867902419,2369.4732175041668,1034.565274804396,3612.863995,803.1173185,1803.771567,2309.253275,1981.022719,971.056965,465.57525699999997,1930.8195,2774.828532
11.6,158,0.96,3047.522611,0,1,81,24,2021-12-16 06:00:00,6,16,12,3,4,0,1.0,6.123233995736766e-17,-2.4492935982947064e-16,1.0,0.43388373911755823,-0.900968867902419,2357.5567079208336,1024.577134812173,3612.863995,803.1173185,2774.828532,3333.518841,2235.6619,272.6940789999999,-285.9962300000002,2833.0588,3047.5226109999994
11.6,189,0.96,3645.454263,0,1,81,24,2021-12-16 07:00:00,7,16,12,3,4,0,0.9659258262890683,-0.25881904510252063,-2.4492935982947064e-16,1.0,0.43388373911755823,-0.900968867902419,2364.1038599625003,1032.5877335579412,3645.454263,803.1173185,3047.522611,3488.322614,2452.376097,597.9316520000002,157.13164899999992,2434.3853,3645.454263
11.7,204,0.96,3968.696513,0,1,81,24,2021-12-16 08:00:00,8,16,12,3,4,0,0.8660254037844387,-0.4999999999999998,-2.4492935982947064e-16,1.0,0.43388373911755823,-0.900968867902419,2383.3504085458335,1058.7848004587747,3968.696513,803.1173185,3645.454263,3506.779347,2418.912876,323.2422499999998,461.9171659999997,2759.9382,3968.696513
11.4,201,0.96,3810.068372,0,1,76,30,2021-12-16 09:00:00,9,16,12,3,4,0,0.7071067811865476,-0.7071067811865475,-2.4492935982947064e-16,1.0,0.43388373911755823,-0.900968867902419,2391.5672575875,1069.4529467883667,3968.696513,803.1173185,3968.696513,3612.863995,2382.262681,-158.6281409999997,197.20437700000002,2975.4536,3810.068372
11.4,209,0.96,3961.712884,0,1,76,30,2021-12-16 10:00:00,10,16,12,3,4,0,0.49999999999999994,-0.8660254037844387,-2.4492935982947064e-16,1.0,0.43388373911755823,-0.900968867902419,2409.9824217958335,1093.2640688674846,3968.696513,803.1173185,3810.068372,3519.748943,2382.262681,151.64451199999985,441.963941,2852.399,3961.712884
11.4,207,0.96,3923.801756,0,1,76,30,2021-12-16 11:00:00,11,16,12,3,4,0,0.258819045102521,-0.9659258262890682,-2.4492935982947064e-16,1.0,0.43388373911755823,-0.900968867902419,2425.2660381291666,1112.392848356604,3968.696513,803.1173185,3961.712884,3556.994964,1814.184657,-37.91112800000019,366.80679199999986,2997.6816,3923.801756
11.4,202,0.96,3829.023936,0,1,67,55,2021-12-16 12:00:00,12,16,12,3,4,0,1.2246467991473532e-16,-1.0,-2.4492935982947064e-16,1.0,0.43388373911755823,-0.900968867902419,2438.4088396708335,1127.570253081523,3968.696513,803.1173185,3923.801756,3513.596699,2513.884686,-94.77781999999979,315.4272369999999,3000.3523,3829.0239359999996
11.8,199,0.96,3904.513638,0,1,67,55,2021-12-16 13:00:00,13,16,12,3,4,0,-0.2588190451025208,-0.9659258262890683,-2.4492935982947064e-16,1.0,0.43388373911755823,-0.900968867902419,2460.073331170833,1151.2851673637333,3968.696513,803.1173185,3829.023936,3384.565842,2181.164654,75.48970199999985,519.9477959999999,3023.276,3904.513638
11.7,207,0.96,4027.059697,0,1,67,55,2021-12-16 14:00:00,14,16,12,3,4,0,-0.4999999999999997,-0.8660254037844388,-2.4492935982947064e-16,1.0,0.43388373911755823,-0.900968867902419,2497.201572295833,1187.8192120973258,4027.059697,803.1173185,3904.513638,3135.98191,2366.009116,122.54605900000024,891.0777870000002,3064.6375,4027.059697
11.7,219,0.96,4260.512433,0,1,63,84,2021-12-16 15:00:00,15,16,12,3,4,0,-0.7071067811865471,-0.7071067811865479,-2.4492935982947064e-16,1.0,0.43388373911755823,-0.900968867902419,2550.1538295875002,1237.9943467834776,4260.512433,803.1173185,4027.059697,2989.658258,2439.946901,233.45273599999973,1270.854175,3215.129,4260.512433
11.4,200,0.96,3791.112808,0,1,63,84,2021-12-16 16:00:00,16,16,12,3,4,0,-0.8660254037844385,-0.5000000000000004,-2.4492935982947064e-16,1.0,0.43388373911755823,-0.900968867902419,2591.3904952125,1262.9592063311557,4260.512433,803.1173185,4260.512433,2801.432833,2272.312095,-469.399625,989.679975,3330.35,3791.1128080000003
11.4,149,0.96,2824.379042,0,1,63,84,2021-12-16 17:00:00,17,16,12,3,4,0,-0.9659258262890683,-0.25881904510252063,-2.4492935982947064e-16,1.0,0.43388373911755823,-0.900968867902419,2604.505583920833,1263.7072036127731,4260.512433,803.1173185,3791.112808,2509.616913,2011.936362,-966.7337659999998,314.7621290000002,1813.8168,2824.379042
11.6,62,0.96,1195.863303,0,1,60,91,2021-12-16 18:00:00,18,16,12,3,4,0,-1.0,-1.8369701987210297e-16,-2.4492935982947064e-16,1.0,0.43388373911755823,-0.900968867902419,2604.505583920833,1263.7072036127731,4260.512433,803.1173185,2824.379042,1195.863303,1137.271488,-1628.515739,0.0,757.6001,1195.8633029999999
11.6,59,0.96,1137.99895,0,1,60,91,2021-12-16 19:00:00,19,16,12,3,4,0,-0.9659258262890684,0.2588190451025203,-2.4492935982947064e-16,1.0,0.43388373911755823,-0.900968867902419,2604.505583920833,1263.7072036127731,4260.512433,803.1173185,1195.863303,1137.99895,1099.983899,-57.864353000000165,0.0,798.92847,1137.99895
11.6,55,0.96,1060.846479,0,1,60,91,2021-12-16 20:00:00,20,16,12,3,4,0,-0.8660254037844386,0.5000000000000001,-2.4492935982947064e-16,1.0,0.43388373911755823,-0.900968867902419,2604.8866351291667,1263.2199069563023,4260.512433,803.1173185,1137.99895,1051.70125,977.7634655,-77.15247099999988,9.145228999999972,703.4078,1060.846479
11.6,52,0.96,1002.982125,0,1,60,93,2021-12-16 21:00:00,21,16,12,3,4,0,-0.7071067811865477,0.7071067811865474,-2.4492935982947064e-16,1.0,0.43388373911755823,-0.900968867902419,2605.2469016874998,1262.741754475884,4260.512433,803.1173185,1060.846479,994.3357276,921.3540348,-57.86435400000005,8.646397399999955,696.22,1002.9821250000001
11.6,47,0.96,906.5415363,0,1,60,93,2021-12-16 22:00:00,22,16,12,3,4,0,-0.5000000000000004,0.8660254037844384,-2.4492935982947064e-16,1.0,0.43388373911755823,-0.900968867902419,2605.5725272416666,1262.283482185803,4260.512433,803.1173185,1002.982125,898.726523,827.3383169,-96.44058870000003,7.815013299999919,839.74695,906.5415363
11.6,44,0.96,848.6771829,0,1,60,93,2021-12-16 23:00:00,23,16,12,3,4,0,-0.25881904510252157,0.9659258262890681,-2.4492935982947064e-16,1.0,0.43388373911755823,-0.900968867902419,2607.470854925,1259.4861018974866,4260.512433,848.6771829,906.5415363,803.1173185,827.3383169,-57.864353399999914,45.55986440000004,1032.5854,848.6771829
11.5,92,0.96,1759.209364,0,1,64,92,2021-12-17 00:00:00,0,17,12,4,4,0,0.0,1.0,-2.4492935982947064e-16,1.0,-0.433883739117558,-0.9009688679024191,2607.8172650916667,1259.2413850282628,4260.512433,848.6771829,848.6771829,1750.89552,1676.320341,910.5321811,8.313844000000017,1228.9486,1759.2093639999998
11.5,92,0.96,1759.209364,0,1,64,92,2021-12-17 01:00:00,1,17,12,4,4,0,0.25881904510252074,0.9659258262890683,-2.4492935982947064e-16,1.0,-0.433883739117558,-0.9009688679024191,2610.0342901333333,1257.6304204856526,4260.512433,848.6771829,1759.209364,1706.000763,1676.320341,0.0,53.208601000000044,1705.6947,1759.2093639999998
11.5,92,0.96,1759.209364,0,1,64,92,2021-12-17 02:00:00,2,17,12,4,4,0,0.49999999999999994,0.8660254037844387,-2.4492935982947064e-16,1.0,-0.433883739117558,-0.9009688679024191,2612.251315175,1256.0133062532307,4260.512433,848.6771829,1759.209364,1706.000763,1676.320341,0.0,53.208601000000044,1644.3563,1759.2093639999998
11.4,99,0.96,1876.60084,0,1,78,38,2021-12-17 03:00:00,3,17,12,4,4,0,0.7071067811865476,0.7071067811865476,-2.4492935982947064e-16,1.0,-0.433883739117558,-0.9009688679024191,2619.983190008333,1250.6555793580985,4260.512433,848.6771829,1759.209364,1691.035844,1661.992817,117.39147600000001,185.56499600000006,1738.2305,1876.6008400000003
11.3,114,0.96,2141.978736,0,1,78,38,2021-12-17 04:00:00,4,17,12,4,4,0,0.8660254037844386,0.5000000000000001,-2.4492935982947064e-16,1.0,-0.433883739117558,-0.9009688679024191,2634.0751553833334,1242.940527083504,4260.512433,848.6771829,1876.60084,1803.771567,1756.424227,265.37789599999996,338.207169,2066.2197,2141.978736
11.2,144,0.96,2681.713481,0,1,78,38,2021-12-17 05:00:00,5,17,12,4,4,0,0.9659258262890683,0.25881904510252074,-2.4492935982947064e-16,1.0,-0.433883739117558,-0.9009688679024191,2630.195361591667,1242.6273562369518,4260.512433,848.6771829,2141.978736,2774.828532,1928.517331,539.7347449999997,-93.11505100000022,2459.7957,2681.713481
11.3,187,0.96,3513.596699,0,1,82,26,2021-12-17 06:00:00,6,17,12,4,4,0,1.0,6.123233995736766e-17,-2.4492935982947064e-16,1.0,-0.433883739117558,-0.9009688679024191,2649.6151152583334,1253.0312466111714,4260.512433,848.6771829,2681.713481,3047.522611,2357.20337,831.8832180000004,466.0740880000003,2485.0618,3513.5966989999997
11.4,197,0.96,3734.246115,0,1,82,26,2021-12-17 07:00:00,7,17,12,4,4,0,0.9659258262890683,-0.25881904510252063,-2.4492935982947064e-16,1.0,-0.433883739117558,-0.9009688679024191,2653.3147757583333,1256.226376586865,4260.512433,848.6771829,3513.596699,3645.454263,2561.370591,220.64941599999975,88.79185199999984,3542.2346,3734.246115
11.4,209,0.96,3961.712884,0,1,82,26,2021-12-17 08:00:00,8,17,12,4,4,0,0.8660254037844387,-0.4999999999999998,-2.4492935982947064e-16,1.0,-0.433883739117558,-0.9009688679024191,2653.0237912166663,1255.9092111884236,4260.512433,848.6771829,3734.246115,3968.696513,2617.05256,227.4667690000001,-6.983628999999837,3258.3423,3961.712884
11.4,216,0.96,4094.401832,0,1,77,31,2021-12-17 09:00:00,9,17,12,4,4,0,0.7071067811865476,-0.7071067811865475,-2.4492935982947064e-16,1.0,-0.433883739117558,-0.9009688679024191,2664.8710187166666,1268.5755912516552,4260.512433,848.6771829,3961.712884,3810.068372,2568.534353,132.68894799999998,284.33345999999983,3323.142,4094.401832
11.8,202,0.96,3963.375653,0,1,77,31,2021-12-17 10:00:00,10,17,12,4,4,0,0.49999999999999994,-0.8660254037844387,-2.4492935982947064e-16,1.0,-0.433883739117558,-0.9009688679024191,2664.9403007583333,1268.649539660389,4260.512433,848.6771829,4094.401832,3961.712884,2546.391815,-131.02617899999996,1.6627690000000257,3296.9353,3963.375653
11.4,209,0.96,3961.712884,0,1,77,31,2021-12-17 11:00:00,11,17,12,4,4,0,0.258819045102521,-0.9659258262890682,-2.4492935982947064e-16,1.0,-0.433883739117558,-0.9009688679024191,2666.5199310916664,1270.3076507995704,4260.512433,848.6771829,3963.375653,3923.801756,2471.497938,-1.6627690000000257,37.91112800000019,3061.7693,3961.712884
11.5,212,0.96,4053.830274,0,1,68,71,2021-12-17 12:00:00,12,17,12,4,4,0,1.2246467991473532e-16,-1.0,-2.4492935982947064e-16,1.0,-0.433883739117558,-0.9009688679024191,2675.886861841667,1280.0438820153029,4260.512433,848.6771829,3961.712884,3829.023936,2455.216661,92.11738999999989,224.80633799999987,3075.1785,4053.8302739999995
11.8,212,0.96,4159.582368,0,1,68,71,2021-12-17 13:00:00,13,17,12,4,4,0,-0.2588190451025208,-0.9659258262890683,-2.4492935982947064e-16,1.0,-0.433883739117558,-0.9009688679024191,2686.514725591667,1291.6942292223005,4260.512433,848.6771829,4053.830274,3904.513638,2455.216661,105.7520940000004,255.06873000000041,3161.768,4159.582368
11.5,205,0.96,3919.977388,0,1,68,71,2021-12-17 14:00:00,14,17,12,4,4,0,-0.4999999999999997,-0.8660254037844388,-2.4492935982947064e-16,1.0,-0.433883739117558,-0.9009688679024191,2682.0529627166666,1287.0389529063257,4260.512433,848.6771829,4159.582368,4027.059697,2334.083955,-239.60498000000052,-107.08230900000035,3257.9185,3919.977388
11.6,206,0.96,3973.352265,0,1,63,79,2021-12-17 15:00:00,15,17,12,4,4,0,-0.7071067811865471,-0.7071067811865479,-2.4492935982947064e-16,1.0,-0.433883739117558,-0.9009688679024191,2670.087955716667,1272.9847985736192,4159.582368,848.6771829,3919.977388,4260.512433,2323.989563,53.3748770000002,-287.1601679999999,3033.579,3973.352265
11.7,196,0.96,3813.061355,0,1,63,79,2021-12-17 16:00:00,16,17,12,4,4,0,-0.8660254037844385,-0.5000000000000004,-2.4492935982947064e-16,1.0,-0.433883739117558,-0.9009688679024191,2671.0024785083333,1273.8327690354304,4159.582368,848.6771829,3973.352265,3791.112808,2247.793184,-160.29091000000017,21.948546999999962,3054.807,3813.061355
11.6,148,0.96,2854.641433,0,1,63,79,2021-12-17 17:00:00,17,17,12,4,4,0,-0.9659258262890683,-0.25881904510252063,-2.4492935982947064e-16,1.0,-0.433883739117558,-0.9009688679024191,2672.2634114666666,1274.0061595698978,4159.582368,848.6771829,3813.061355,2824.379042,2169.968677,-958.419922,30.262390999999752,2950.7114,2854.641433
11.6,62,0.96,1195.863303,0,1,61,90,2021-12-17 18:00:00,18,17,12,4,4,0,-1.0,-1.8369701987210297e-16,-2.4492935982947064e-16,1.0,-0.433883739117558,-0.9009688679024191,2672.2634114666666,1274.0061595698978,4159.582368,848.6771829,2854.641433,1195.863303,1161.994782,-1658.7781299999997,0.0,532.56805,1195.8633029999999
11.7,62,0.96,1206.17247,0,1,61,90,2021-12-17 19:00:00,19,17,12,4,4,0,-0.9659258262890684,0.2588190451025203,-2.4492935982947064e-16,1.0,-0.433883739117558,-0.9009688679024191,2675.1039748,1270.5077816786265,4159.582368,848.6771829,1195.863303,1137.99895,1123.896592,10.309166999999889,68.17352000000005,774.97266,1206.1724699999997
11.7,54,0.96,1050.537312,0,1,61,90,2021-12-17 20:00:00,20,17,12,4,4,0,-0.8660254037844386,0.5000000000000001,-2.4492935982947064e-16,1.0,-0.433883739117558,-0.9009688679024191,2674.674426175,1271.0788927535546,4159.582368,848.6771829,1206.17247,1060.846479,1066.749308,-155.63515800000005,-10.309167000000116,706.4697,1050.537312
11.6,51,0.96,983.6940074,0,1,58,93,2021-12-17 21:00:00,21,17,12,4,4,0,-0.7071067811865477,0.7071067811865474,-2.4492935982947064e-16,1.0,-0.433883739117558,-0.9009688679024191,2673.8707546083333,1272.187431713819,4159.582368,848.6771829,1050.537312,1002.982125,960.5953779,-66.8433045999999,-19.288117599999964,662.5558,983.6940074000001
11.6,45,0.96,867.9653007,0,1,58,93,2021-12-17 22:00:00,22,17,12,4,4,0,-0.5000000000000004,0.8660254037844384,-2.4492935982947064e-16,1.0,-0.433883739117558,-0.9009688679024191,2672.2634114583334,1274.5396398182593,4159.582368,848.6771829,983.6940074,906.5415363,864.5358401,-115.72870670000009,-38.57623560000002,835.8357,867.9653007000001
11.7,44,0.96,855.9933655,0,1,58,93,2021-12-17 23:00:00,23,17,12,4,4,0,-0.25881904510252157,0.9659258262890681,-2.4492935982947064e-16,1.0,-0.433883739117558,-0.9009688679024191,2672.5682524,1274.0853098587547,4159.582368,855.9933655,867.9653007,848.6771829,845.3239325,-11.971935199999962,7.316182599999934,1061.0656,855.9933655
11.4,89,0.96,1687.045199,0,1,64,94,2021-12-18 00:00:00,0,18,12,5,4,1,0.0,1.0,-2.4492935982947064e-16,1.0,-0.9749279121818236,-0.2225209339563146,2669.5614121916665,1276.4175735918063,4159.582368,855.9933655,855.9933655,1759.209364,1640.653951,831.0518334999999,-72.16416500000014,1253.6722,1687.045199
11.4,89,0.96,1687.045199,0,1,64,94,2021-12-18 01:00:00,1,18,12,5,4,1,0.25881904510252074,0.9659258262890683,-2.4492935982947064e-16,1.0,-0.9749279121818236,-0.2225209339563146,2666.5545719833335,1278.738205885968,4159.582368,855.9933655,1687.045199,1759.209364,1640.653951,0.0,-72.16416500000014,1548.3131,1687.045199
11.4,89,0.96,1687.045199,0,1,64,94,2021-12-18 02:00:00,2,18,12,5,4,1,0.49999999999999994,0.8660254037844387,-2.4492935982947064e-16,1.0,-0.9749279121818236,-0.2225209339563146,2663.547731775,1281.047269952709,4159.582368,855.9933655,1687.045199,1759.209364,1677.94154,0.0,-72.16416500000014,1533.2314,1687.045199
11.4,102,0.96,1933.467532,0,1,78,40,2021-12-18 03:00:00,3,18,12,5,4,1,0.7071067811865476,0.7071067811865476,-2.4492935982947064e-16,1.0,-0.9749279121818236,-0.2225209339563146,2665.917177275,1279.5801863472618,4159.582368,855.9933655,1687.045199,1876.60084,1700.569052,246.42233299999998,56.86669199999983,1646.4175,1933.4675320000001
11.4,107,0.96,2028.245352,0,1,78,40,2021-12-18 04:00:00,4,18,12,5,4,1,0.8660254037844386,0.5000000000000001,-2.4492935982947064e-16,1.0,-0.9749279121818236,-0.2225209339563146,2661.178286275,1281.8135983682648,4159.582368,855.9933655,1933.467532,2141.978736,1725.746143,94.77782000000002,-113.73338400000011,2009.0171,2028.2453519999997
11.3,169,0.96,3175.38953,0,1,78,40,2021-12-18 05:00:00,5,18,12,5,4,1,0.9659258262890683,0.25881904510252074,-2.4492935982947064e-16,1.0,-0.9749279121818236,-0.2225209339563146,2681.74812165,1286.1113785701607,4159.582368,855.9933655,2028.245352,2681.713481,1908.678421,1147.144178,493.67604900000015,2085.8767,3175.38953
11.2,189,0.96,3519.748943,0,1,83,34,2021-12-18 06:00:00,6,18,12,5,4,1,1.0,6.123233995736766e-17,-2.4492935982947064e-16,1.0,-0.9749279121818236,-0.2225209339563146,2682.0044651499998,1286.2849900572612,4159.582368,855.9933655,3175.38953,3513.596699,2125.711315,344.35941300000013,6.152243999999882,3102.2378,3519.748943
11.6,202,0.96,3896.199794,0,1,83,34,2021-12-18 07:00:00,7,18,12,5,4,1,0.9659258262890683,-0.25881904510252063,-2.4492935982947064e-16,1.0,-0.9749279121818236,-0.2225209339563146,2688.7525351083336,1292.4552581952087,4159.582368,855.9933655,3519.748943,3734.246115,2498.587213,376.45085100000006,161.9536790000002,3189.6868,3896.199794
11.7,213,0.96,4143.786065,0,1,83,34,2021-12-18 08:00:00,8,18,12,5,4,1,0.8660254037844387,-0.4999999999999998,-2.4492935982947064e-16,1.0,-0.9749279121818236,-0.2225209339563146,2696.33891765,1300.7597599011322,4159.582368,855.9933655,3896.199794,3961.712884,2498.587213,247.58627100000012,182.0731810000002,3410.5623,4143.786065
11.5,210,0.96,4015.586592,0,1,76,32,2021-12-18 09:00:00,9,18,12,5,4,1,0.7071067811865476,-0.7071067811865475,-2.4492935982947064e-16,1.0,-0.9749279121818236,-0.2225209339563146,2693.054949316667,1297.1712133572053,4159.582368,855.9933655,4143.786065,4094.401832,2557.227525,-128.19947300000013,-78.8152399999999,3519.8855,4015.586592
11.5,209,0.96,3996.464751,0,1,76,32,2021-12-18 10:00:00,10,18,12,5,4,1,0.49999999999999994,-0.8660254037844387,-2.4492935982947064e-16,1.0,-0.9749279121818236,-0.2225209339563146,2694.4336617333333,1298.5968917343273,4159.582368,855.9933655,4015.586592,3963.375653,2840.390119,-19.12184100000013,33.08909799999992,3230.9841,3996.464751
11.5,224,0.96,4283.292365,0,1,76,32,2021-12-18 11:00:00,11,18,12,5,4,1,0.258819045102521,-0.9659258262890682,-2.4492935982947064e-16,1.0,-0.9749279121818236,-0.2225209339563146,2707.8328067750003,1313.8113468530564,4283.292365,855.9933655,3996.464751,3961.712884,2809.635825,286.82761400000027,321.5794810000002,3186.1099,4283.292365
11.4,217,0.96,4113.357396,0,1,65,69,2021-12-18 12:00:00,12,18,12,5,4,1,1.2246467991473532e-16,-1.0,-2.4492935982947064e-16,1.0,-0.9749279121818236,-0.2225209339563146,2710.3131035250003,1316.5162924728595,4283.292365,855.9933655,4283.292365,4053.830274,2717.213594,-169.9349689999999,59.52712200000042,3434.1826,4113.357396
11.5,218,0.96,4168.56132,0,1,65,69,2021-12-18 13:00:00,13,18,12,5,4,1,-0.2588190451025208,-0.9659258262890683,-2.4492935982947064e-16,1.0,-0.9749279121818236,-0.2225209339563146,2710.687226525,1316.9472524618586,4283.292365,855.9933655,4113.357396,4159.582368,2670.365084,55.20392399999946,8.978951999999481,3255.4219,4168.56132
11.4,214,0.96,4056.490704,0,1,65,69,2021-12-18 14:00:00,14,18,12,5,4,1,-0.4999999999999997,-0.8660254037844388,-2.4492935982947064e-16,1.0,-0.9749279121818236,-0.2225209339563146,2716.3752813583333,1322.6797456999766,4283.292365,855.9933655,4168.56132,3919.977388,2815.691075,-112.07061599999997,136.51331600000003,3352.3198,4056.4907039999994
11.6,202,0.96,3896.199794,0,1,63,75,2021-12-18 15:00:00,15,18,12,5,4,1,-0.7071067811865471,-0.7071067811865479,-2.4492935982947064e-16,1.0,-0.9749279121818236,-0.2225209339563146,2713.1605950666667,1319.5820491976654,4283.292365,855.9933655,4056.490704,3973.352265,2815.691075,-160.2909099999997,-77.15247099999988,3344.2546,3896.199794
11.8,184,0.96,3610.203565,0,1,63,75,2021-12-18 16:00:00,16,18,12,5,4,1,-0.8660254037844385,-0.5000000000000004,-2.4492935982947064e-16,1.0,-0.9749279121818236,-0.2225209339563146,2704.70818715,1312.863048197287,4283.292365,855.9933655,3896.199794,3813.061355,2652.199335,-285.9962290000003,-202.85779000000002,3199.4482,3610.203565
11.6,149,0.96,2873.929551,0,1,63,75,2021-12-18 17:00:00,17,18,12,5,4,1,-0.9659258262890683,-0.25881904510252063,-2.4492935982947064e-16,1.0,-0.9749279121818236,-0.2225209339563146,2705.5118587333336,1312.964720325769,4283.292365,855.9933655,3610.203565,2854.641433,2519.621238,-736.2740139999996,19.288118000000395,2802.21,2873.929551
11.7,61,0.96,1186.718075,0,1,60,91,2021-12-18 18:00:00,18,18,12,5,4,1,-1.0,-1.8369701987210297e-16,-2.4492935982947064e-16,1.0,-0.9749279121818236,-0.2225209339563146,2705.1308075666666,1313.4231497642425,4283.292365,855.9933655,2873.929551,1195.863303,1137.271488,-1687.2114760000002,-9.145228000000088,1184.8917,1186.718075
11.7,58,0.96,1128.354891,0,1,60,91,2021-12-18 19:00:00,19,18,12,5,4,1,-0.9659258262890684,0.2588190451025203,-2.4492935982947064e-16,1.0,-0.9749279121818236,-0.2225209339563146,2701.888408441667,1317.374569483402,4283.292365,855.9933655,1186.718075,1206.17247,1099.983899,-58.36318400000005,-77.81757900000002,809.39935,1128.354891
11.7,56,0.96,1089.446102,0,1,60,91,2021-12-18 20:00:00,20,18,12,5,4,1,-0.8660254037844386,0.5000000000000001,-2.4492935982947064e-16,1.0,-0.9749279121818236,-0.2225209339563146,2703.509608025,1315.2762821744698,4283.292365,855.9933655,1128.354891,1050.537312,1044.052514,-38.90878899999984,38.90879000000018,790.5598,1089.446102
11.6,47,0.96,906.5415363,0,1,60,93,2021-12-18 21:00:00,21,18,12,5,4,1,-0.7071067811865477,0.7071067811865474,-2.4492935982947064e-16,1.0,-0.9749279121818236,-0.2225209339563146,2700.2949217291666,1319.7491460257397,4283.292365,855.9933655,1089.446102,983.6940074,940.1571783,-182.90456570000015,-77.15247110000007,826.20654,906.5415363
11.6,44,0.96,848.6771829,0,1,60,93,2021-12-18 22:00:00,22,18,12,5,4,1,-0.5000000000000004,0.8660254037844384,-2.4492935982947064e-16,1.0,-0.9749279121818236,-0.2225209339563146,2699.4912501541667,1320.9188255241506,4283.292365,848.6771829,906.5415363,867.9653007,846.1414605,-57.864353399999914,-19.288117799999895,913.3043,848.6771829
11.6,44,0.96,848.6771829,0,1,60,93,2021-12-18 23:00:00,23,18,12,5,4,1,-0.25881904510252157,0.9659258262890681,-2.4492935982947064e-16,1.0,-0.9749279121818236,-0.2225209339563146,2699.1864092125,1321.3635337902294,4283.292365,848.6771829,848.6771829,855.9933655,827.3383169,0.0,-7.316182599999934,1057.0707,848.6771829
11.4,117,0.96,2217.800992,1,1,64,91,2021-12-19 00:00:00,0,19,12,6,4,1,0.0,1.0,-2.4492935982947064e-16,1.0,-0.7818314824680299,0.6234898018587334,2721.301233920833,1308.0619758797025,4283.292365,848.6771829,848.6771829,1687.045199,1915.301783,1369.1238091,530.755793,1266.1918,2217.800992
11.4,117,0.96,2217.800992,1,1,64,91,2021-12-19 01:00:00,1,19,12,6,4,1,0.25881904510252074,0.9659258262890683,-2.4492935982947064e-16,1.0,-0.7818314824680299,0.6234898018587334,2743.416058629167,1294.229507729569,4283.292365,848.6771829,2217.800992,1687.045199,1915.301783,0.0,530.755793,1958.6603,2217.800992
11.4,117,0.96,2217.800992,1,1,64,91,2021-12-19 02:00:00,2,19,12,6,4,1,0.49999999999999994,0.8660254037844387,-2.4492935982947064e-16,1.0,-0.7818314824680299,0.6234898018587334,2765.5308833375,1279.848915394874,4283.292365,848.6771829,2217.800992,1687.045199,1915.301783,0.0,530.755793,2110.5562,2217.800992
11.4,117,0.96,2217.800992,1,1,73,32,2021-12-19 03:00:00,3,19,12,6,4,1,0.7071067811865476,0.7071067811865476,-2.4492935982947064e-16,1.0,-0.7818314824680299,0.6234898018587334,2777.3781108375,1273.1101033962343,4283.292365,848.6771829,2217.800992,1933.467532,1915.301783,0.0,284.33346000000006,2228.1765,2217.800992
11.3,117,0.96,2198.346598,1,1,73,32,2021-12-19 04:00:00,4,19,12,6,4,1,0.8660254037844386,0.5000000000000001,-2.4492935982947064e-16,1.0,-0.7818314824680299,0.6234898018587334,2784.4656627541667,1269.2258289925744,4283.292365,848.6771829,2217.800992,2028.245352,1994.601997,-19.454393999999866,170.10124600000017,2273.4285,2198.346598
11.2,164,0.96,3054.173686,1,1,73,32,2021-12-19 05:00:00,5,19,12,6,4,1,0.9659258262890683,0.25881904510252074,-2.4492935982947064e-16,1.0,-0.7818314824680299,0.6234898018587334,2779.4150025875,1267.843006368953,4283.292365,848.6771829,2198.346598,3175.38953,2051.052997,855.827088,-121.21584399999983,2401.4797,3054.173686
11.7,214,0.96,4163.24046,1,1,81,30,2021-12-19 06:00:00,6,19,12,6,4,1,1.0,6.123233995736766e-17,-2.4492935982947064e-16,1.0,-0.7818314824680299,0.6234898018587334,2806.2271491291667,1290.7769922696777,4283.292365,848.6771829,3054.173686,3519.748943,2672.013996,1109.066774,643.4915169999999,3013.332,4163.24046
11.4,224,0.96,4246.046345,1,1,81,30,2021-12-19 07:00:00,7,19,12,6,4,1,0.9659258262890683,-0.25881904510252063,-2.4492935982947064e-16,1.0,-0.7818314824680299,0.6234898018587334,2820.8040887541665,1305.5127239476658,4283.292365,848.6771829,4163.24046,3896.199794,3208.466504,82.80588499999976,349.84655099999964,3713.3906,4246.046345
11.6,227,0.96,4378.402739,1,1,81,30,2021-12-19 08:00:00,8,19,12,6,4,1,0.8660254037844387,-0.4999999999999998,-2.4492935982947064e-16,1.0,-0.7818314824680299,0.6234898018587334,2830.5797835041667,1316.6805853743638,4378.402739,848.6771829,4246.046345,4143.786065,3246.436522,132.35639400000036,234.61667399999988,3515.0225,4378.402739
11.6,230,0.96,4436.267092,1,1,76,33,2021-12-19 09:00:00,9,19,12,6,4,1,0.7071067811865476,-0.7071067811865475,-2.4492935982947064e-16,1.0,-0.7818314824680299,0.6234898018587334,2848.1081376708335,1335.8032159394975,4436.267092,848.6771829,4378.402739,4015.586592,3170.496487,57.86435299999994,420.68049999999994,3537.5803,4436.267092
11.4,222,0.96,4208.135216,1,1,76,33,2021-12-19 10:00:00,10,19,12,6,4,1,0.49999999999999994,-0.8660254037844387,-2.4492935982947064e-16,1.0,-0.7818314824680299,0.6234898018587334,2856.927740379167,1344.3860603399141,4436.267092,848.6771829,4436.267092,3996.464751,3170.496487,-228.13187600000037,211.6704649999997,3548.3325,4208.135216
11.3,219,0.96,4114.853888,1,1,76,33,2021-12-19 11:00:00,11,19,12,6,4,1,0.258819045102521,-0.9659258262890682,-2.4492935982947064e-16,1.0,-0.7818314824680299,0.6234898018587334,2849.9094705041666,1337.0356443208673,4436.267092,848.6771829,4208.135216,4283.292365,3064.482853,-93.28132800000003,-168.4384770000006,3284.568,4114.853888
11.4,224,0.96,4246.046345,1,1,67,68,2021-12-19 12:00:00,12,19,12,6,4,1,1.2246467991473532e-16,-1.0,-2.4492935982947064e-16,1.0,-0.7818314824680299,0.6234898018587334,2855.4381767125,1342.7493394866958,4436.267092,848.6771829,4114.853888,4113.357396,2719.728532,131.1924570000001,132.6889489999994,3265.9062,4246.046345
11.4,229,0.96,4340.824165,1,1,67,68,2021-12-19 13:00:00,13,19,12,6,4,1,-0.2588190451025208,-0.9659258262890683,-2.4492935982947064e-16,1.0,-0.7818314824680299,0.6234898018587334,2862.6157952541666,1350.5117524026782,4436.267092,848.6771829,4246.046345,4168.56132,2936.796067,94.77782000000025,172.2628450000002,3390.7534,4340.824165
11.4,214,0.96,4056.490704,1,1,67,68,2021-12-19 14:00:00,14,19,12,6,4,1,-0.4999999999999997,-0.8660254037844388,-2.4492935982947064e-16,1.0,-0.7818314824680299,0.6234898018587334,2862.6157952541666,1350.5117524026782,4436.267092,848.6771829,4340.824165,4056.490704,2604.810425,-284.33346100000017,0.0,3465.6758,4056.4907039999994
11.5,205,0.96,3919.977388,1,1,63,87,2021-12-19 15:00:00,15,19,12,6,4,1,-0.7071067811865471,-0.7071067811865479,-2.4492935982947064e-16,1.0,-0.7818314824680299,0.6234898018587334,2863.6065283374996,1351.3114394315953,4436.267092,848.6771829,4056.490704,3896.199794,1461.677677,-136.51331600000003,23.77759399999968,3323.8928,3919.977388
11.5,199,0.96,3805.246342,1,1,63,87,2021-12-19 16:00:00,16,19,12,6,4,1,-0.8660254037844385,-0.5000000000000004,-2.4492935982947064e-16,1.0,-0.7818314824680299,0.6234898018587334,2871.7333107125,1356.5729403795194,4436.267092,848.6771829,3919.977388,3610.203565,2589.017586,-114.73104599999988,195.04277700000011,3249.0303,3805.246342
11.9,184,0.96,3640.79851,1,1,63,87,2021-12-19 17:00:00,17,19,12,6,4,1,-0.9659258262890683,-0.25881904510252063,-2.4492935982947064e-16,1.0,-0.7818314824680299,0.6234898018587334,2903.686184004167,1365.6281572597309,4436.267092,848.6771829,3805.246342,2873.929551,2260.056104,-164.44783199999983,766.8689589999999,2968.1592,3640.7985099999996
11.7,60,0.96,1167.26368,1,1,61,89,2021-12-19 18:00:00,18,19,12,6,4,1,-1.0,-1.8369701987210297e-16,-2.4492935982947064e-16,1.0,-0.7818314824680299,0.6234898018587334,2902.8755842124997,1366.6969691330264,4436.267092,848.6771829,3640.79851,1186.718075,1218.736766,-2473.53483,-19.454394999999977,1304.4232,1167.26368
11.7,56,0.96,1089.446102,1,1,61,89,2021-12-19 19:00:00,19,19,12,6,4,1,-0.9659258262890684,0.2588190451025203,-2.4492935982947064e-16,1.0,-0.7818314824680299,0.6234898018587334,2901.2543846708336,1368.9147342594051,4436.267092,848.6771829,1167.26368,1128.354891,1169.342141,-77.81757799999991,-38.90878899999984,1086.8326,1089.446102
11.7,55,0.96,1069.991707,1,1,61,89,2021-12-19 20:00:00,20,19,12,6,4,1,-0.8660254037844386,0.5000000000000001,-2.4492935982947064e-16,1.0,-0.7818314824680299,0.6234898018587334,2900.4437848791663,1370.0395363101027,4436.267092,848.6771829,1089.446102,1089.446102,1070.552891,-19.454395000000204,-19.454395000000204,876.85046,1069.991707
11.7,47,0.96,914.3565495,1,1,58,93,2021-12-19 21:00:00,21,19,12,6,4,1,-0.7071067811865477,0.7071067811865474,-2.4492935982947064e-16,1.0,-0.7818314824680299,0.6234898018587334,2900.7694104291672,1369.5458688620497,4436.267092,848.6771829,1069.991707,906.5415363,963.1951861,-155.63515749999988,7.815013200000067,938.96967,914.3565495
11.6,44,0.96,848.6771829,1,1,58,93,2021-12-19 22:00:00,22,19,12,6,4,1,-0.5000000000000004,0.8660254037844384,-2.4492935982947064e-16,1.0,-0.7818314824680299,0.6234898018587334,2900.7694104291663,1369.5458688620495,4436.267092,848.6771829,914.3565495,848.6771829,864.9099631,-65.67936659999998,0.0,991.9169,848.6771829
11.6,44,0.96,848.6771829,1,1,58,93,2021-12-19 23:00:00,23,19,12,6,4,1,-0.25881904510252157,0.9659258262890681,-2.4492935982947064e-16,1.0,-0.7818314824680299,0.6234898018587334,2900.7694104291672,1369.5458688620497,4436.267092,848.6771829,848.6771829,848.6771829,864.9099631,0.0,0.0,1130.0088,848.6771829
11.4,126,0.96,2388.401069,0,1,58,88,2021-12-20 00:00:00,0,20,12,0,4,0,0.0,1.0,-2.4492935982947064e-16,1.0,0.0,1.0,2907.8777469708334,1366.285796270142,4436.267092,848.6771829,848.6771829,2217.800992,1539.633819,1539.7238861,170.60007700000006,1382.6356,2388.401069
11.4,126,0.96,2388.401069,0,1,58,88,2021-12-20 01:00:00,1,20,12,0,4,0,0.25881904510252074,0.9659258262890683,-2.4492935982947064e-16,1.0,0.0,1.0,2914.9860835125,1362.9792429039653,4436.267092,848.6771829,2388.401069,2217.800992,1539.633819,0.0,170.60007700000006,2113.0168,2388.401069
11.4,126,0.96,2388.401069,0,1,58,88,2021-12-20 02:00:00,2,20,12,0,4,0,0.49999999999999994,0.8660254037844387,-2.4492935982947064e-16,1.0,0.0,1.0,2922.0944200541667,1359.6258696456523,4436.267092,848.6771829,2388.401069,2217.800992,1539.633819,0.0,170.60007700000006,2330.4993,2388.401069
11.4,126,0.96,2388.401069,0,1,72,35,2021-12-20 03:00:00,3,20,12,0,4,0,0.7071067811865476,0.7071067811865476,-2.4492935982947064e-16,1.0,0.0,1.0,2929.2027565958338,1356.225329197706,4436.267092,848.6771829,2388.401069,2217.800992,1570.547462,0.0,170.60007700000006,2449.1648,2388.401069
11.3,143,0.96,2686.868064,0,1,72,35,2021-12-20 04:00:00,4,20,12,0,4,0,0.8660254037844386,0.5000000000000001,-2.4492935982947064e-16,1.0,0.0,1.0,2949.5578176791664,1348.4228435668658,4436.267092,848.6771829,2388.401069,2198.346598,1570.547462,298.46699499999977,488.5214659999997,2326.8105,2686.868064
11.2,164,0.96,3054.173686,0,1,72,35,2021-12-20 05:00:00,5,20,12,0,4,0,0.9659258262890683,0.25881904510252074,-2.4492935982947064e-16,1.0,0.0,1.0,2949.5578176791664,1348.4228435668658,4436.267092,848.6771829,2686.868064,3054.173686,1951.423703,367.3056220000003,0.0,2711.7405,3054.173686
11.2,204,0.96,3799.094098,0,1,78,29,2021-12-20 06:00:00,6,20,12,0,4,0,1.0,6.123233995736766e-17,-2.4492935982947064e-16,1.0,0.0,1.0,2934.3850525958333,1336.1654581271932,4436.267092,848.6771829,3054.173686,4163.24046,2822.549996,744.9204119999999,-364.14636199999995,2989.0713,3799.094098
11.2,234,0.96,4357.784406,0,1,78,29,2021-12-20 07:00:00,7,20,12,0,4,0,0.9659258262890683,-0.25881904510252063,-2.4492935982947064e-16,1.0,0.0,1.0,2939.0408051375,1341.1200246653077,4436.267092,848.6771829,3799.094098,4246.046345,3323.216602,558.6903079999997,111.73806100000002,3549.8418,4357.784406
11.2,234,0.96,4357.784406,0,1,78,29,2021-12-20 08:00:00,8,20,12,0,4,0,0.8660254037844387,-0.4999999999999998,-2.4492935982947064e-16,1.0,0.0,1.0,2938.181707929167,1340.164170475814,4436.267092,848.6771829,4357.784406,4378.402739,3303.895576,0.0,-20.618333000000348,3881.1929,4357.784406
11.2,225,0.96,4190.177314,0,1,73,34,2021-12-20 09:00:00,9,20,12,0,4,0,0.7071067811865476,-0.7071067811865475,-2.4492935982947064e-16,1.0,0.0,1.0,2927.9279671791664,1329.099563236461,4357.784406,848.6771829,4357.784406,4436.267092,3430.070281,-167.6070920000002,-246.08977800000048,3677.2146,4190.177314
11.2,233,0.96,4339.161396,0,1,73,34,2021-12-20 10:00:00,10,20,12,0,4,0,0.49999999999999994,-0.8660254037844387,-2.4492935982947064e-16,1.0,0.0,1.0,2933.3873913458333,1334.843481951406,4357.784406,848.6771829,4190.177314,4208.135216,3508.026424,148.98408200000085,131.02618000000075,3480.992,4339.161396
11.3,233,0.96,4377.903908,0,1,73,34,2021-12-20 11:00:00,11,20,12,0,4,0,0.258819045102521,-0.9659258262890682,-2.4492935982947064e-16,1.0,0.0,1.0,2944.347808845833,1345.9996371892942,4377.903908,848.6771829,4339.161396,4114.853888,3332.625102,38.742511999999806,263.0500200000006,3575.046,4377.903908
11.5,210,0.96,4015.586592,0,1,61,59,2021-12-20 12:00:00,12,20,12,0,4,0,1.2246467991473532e-16,-1.0,-2.4492935982947064e-16,1.0,0.0,1.0,2934.7453191375002,1337.1020903482915,4377.903908,848.6771829,4377.903908,4246.046345,3176.712817,-362.3173160000001,-230.45975299999964,3539.969,4015.586592
11.4,219,0.96,4151.268524,0,1,61,59,2021-12-20 13:00:00,13,20,12,0,4,0,-0.2588190451025208,-0.9659258262890683,-2.4492935982947064e-16,1.0,0.0,1.0,2926.847167429167,1328.9705046011113,4377.903908,848.6771829,4015.586592,4340.824165,3014.080174,135.68193199999996,-189.55564099999992,3280.5156,4151.268524
11.4,219,0.96,4151.268524,0,1,61,59,2021-12-20 14:00:00,14,20,12,0,4,0,-0.4999999999999997,-0.8660254037844388,-2.4492935982947064e-16,1.0,0.0,1.0,2930.7962432625004,1332.6090574868183,4377.903908,848.6771829,4151.268524,4056.490704,2845.39921,0.0,94.77782000000025,3396.924,4151.268524
11.4,219,0.96,4151.268524,0,1,55,88,2021-12-20 15:00:00,15,20,12,0,4,0,-0.7071067811865471,-0.7071067811865479,-2.4492935982947064e-16,1.0,0.0,1.0,2940.433373929167,1340.8842470265427,4377.903908,848.6771829,4151.268524,3919.977388,2611.530782,0.0,231.29113600000028,3421.921,4151.268524
11.6,213,0.96,4108.36909,0,1,55,88,2021-12-20 16:00:00,16,20,12,0,4,0,-0.8660254037844385,-0.5000000000000004,-2.4492935982947064e-16,1.0,0.0,1.0,2953.0634884291662,1350.7754111647228,4377.903908,848.6771829,4151.268524,3805.246342,2437.473532,-42.89943399999993,303.12274800000023,3459.574,4108.36909
11.4,174,0.96,3298.268143,0,1,55,88,2021-12-20 17:00:00,17,20,12,0,4,0,-0.9659258262890683,-0.25881904510252063,-2.4492935982947064e-16,1.0,0.0,1.0,2938.7913898041666,1344.9901410472453,4377.903908,848.6771829,4108.36909,3640.79851,2339.356318,-810.1009470000004,-342.5303670000003,3323.2722,3298.268143
11.7,60,0.96,1167.26368,0,1,59,93,2021-12-20 18:00:00,18,20,12,0,4,0,-1.0,-1.8369701987210297e-16,-2.4492935982947064e-16,1.0,0.0,1.0,2938.7913898041666,1344.9901410472453,4377.903908,848.6771829,3298.268143,1167.26368,1218.736766,-2131.0044629999998,0.0,1072.9031,1167.26368
11.7,58,0.96,1128.354891,0,1,59,93,2021-12-20 19:00:00,19,20,12,0,4,0,-0.9659258262890684,0.2588190451025203,-2.4492935982947064e-16,1.0,0.0,1.0,2940.412589345833,1342.6855676557916,4377.903908,848.6771829,1167.26368,1089.446102,1130.36407,-38.90878900000007,38.90878899999984,1144.1185,1128.354891
11.7,54,0.96,1050.537312,0,1,59,93,2021-12-20 20:00:00,20,20,12,0,4,0,-0.8660254037844386,0.5000000000000001,-2.4492935982947064e-16,1.0,0.0,1.0,2939.6019895541667,1343.869215778207,4377.903908,848.6771829,1128.354891,1069.991707,1032.918891,-77.81757900000002,-19.454394999999977,956.2526,1050.537312
11.7,47,0.96,914.3565495,0,1,50,95,2021-12-20 21:00:00,21,20,12,0,4,0,-0.7071067811865477,0.7071067811865474,-2.4492935982947064e-16,1.0,0.0,1.0,2939.6019895541663,1343.869215778207,4377.903908,848.6771829,1050.537312,914.3565495,963.1951861,-136.1807624999999,0.0,976.0041,914.3565495
11.6,44,0.96,848.6771829,0,1,50,95,2021-12-20 22:00:00,22,20,12,0,4,0,-0.5000000000000004,0.8660254037844384,-2.4492935982947064e-16,1.0,0.0,1.0,2939.6019895541667,1343.869215778207,4377.903908,848.6771829,914.3565495,848.6771829,884.5670077,-65.67936659999998,0.0,1090.0607,848.6771829
11.6,44,0.96,848.6771829,0,1,50,95,2021-12-20 23:00:00,23,20,12,0,4,0,-0.25881904510252157,0.9659258262890681,-2.4492935982947064e-16,1.0,0.0,1.0,2939.6019895541667,1343.869215778207,4377.903908,848.6771829,848.6771829,848.6771829,857.5175702,0.0,0.0,1368.0238,848.6771829
11.3,121,0.95,2249.821416,0,1,58,91,2021-12-21 00:00:00,0,21,12,1,4,0,0.0,1.0,-2.4492935982947064e-16,1.0,0.7818314824680298,0.6234898018587336,2933.827837345833,1346.6353787269575,4377.903908,848.6771829,848.6771829,2388.401069,1562.337541,1401.1442331000003,-138.57965299999978,1519.4023,2249.821416
11.3,121,0.95,2249.821416,0,1,58,91,2021-12-21 01:00:00,1,21,12,1,4,0,0.25881904510252074,0.9659258262890683,-2.4492935982947064e-16,1.0,0.7818314824680298,0.6234898018587336,2928.0536851375,1349.3700887790112,4377.903908,848.6771829,2249.821416,2388.401069,1562.337541,0.0,-138.57965299999978,2181.6694,2249.821416
11.3,121,0.95,2249.821416,0,1,58,91,2021-12-21 02:00:00,2,21,12,1,4,0,0.49999999999999994,0.8660254037844387,-2.4492935982947064e-16,1.0,0.7818314824680298,0.6234898018587336,2922.279532929166,1352.0735367846953,4377.903908,848.6771829,2249.821416,2388.401069,1562.337541,0.0,-138.57965299999978,1920.5775,2249.821416
11.3,126,0.95,2342.789243,0,1,72,35,2021-12-21 03:00:00,3,21,12,1,4,0,0.7071067811865476,0.7071067811865476,-2.4492935982947064e-16,1.0,0.7818314824680298,0.6234898018587336,2920.3790401791666,1352.8884015323933,4377.903908,848.6771829,2249.821416,2388.401069,1535.400687,92.96782699999994,-45.61182599999984,1961.4133,2342.789243
11.2,143,0.95,2635.349945,0,1,72,35,2021-12-21 04:00:00,4,21,12,1,4,0,0.8660254037844386,0.5000000000000001,-2.4492935982947064e-16,1.0,0.7818314824680298,0.6234898018587336,2918.2324518875,1353.315819079544,4377.903908,848.6771829,2342.789243,2686.868064,1691.035844,292.56070199999976,-51.51811899999984,2217.1904,2635.349945
11.2,167,0.95,3077.646439,0,1,72,35,2021-12-21 05:00:00,5,21,12,1,4,0,0.9659258262890683,0.25881904510252074,-2.4492935982947064e-16,1.0,0.7818314824680298,0.6234898018587336,2919.2104832624996,1353.4268115159891,4377.903908,848.6771829,2635.349945,3054.173686,2085.777152,442.29649400000017,23.47275300000001,2469.5076,3077.646439
11.3,206,0.95,3830.274476,0,1,79,23,2021-12-21 06:00:00,6,21,12,1,4,0,1.0,6.123233995736766e-17,-2.4492935982947064e-16,1.0,0.7818314824680298,0.6234898018587336,2920.509665679167,1354.3228213098937,4377.903908,848.6771829,3077.646439,3799.094098,2756.205522,752.628037,31.18037800000002,2593.5027,3830.274476
11.2,231,0.95,4257.103757,0,1,79,23,2021-12-21 07:00:00,7,21,12,1,4,0,0.9659258262890683,-0.25881904510252063,-2.4492935982947064e-16,1.0,0.7818314824680298,0.6234898018587336,2916.3146386374997,1349.8257492554926,4377.903908,848.6771829,3830.274476,4357.784406,3453.238192,426.8292809999998,-100.6806489999999,3287.2434,4257.103757
11.2,241,0.95,4441.393963,0,1,79,23,2021-12-21 08:00:00,8,21,12,1,4,0,0.8660254037844387,-0.4999999999999998,-2.4492935982947064e-16,1.0,0.7818314824680298,0.6234898018587336,2919.798370179167,1353.8097661824006,4441.393963,848.6771829,4257.103757,4357.784406,3669.06558,184.29020600000058,83.60955700000068,3279.942,4441.393963
11.2,246,0.95,4533.539066,0,1,75,34,2021-12-21 09:00:00,9,21,12,1,4,0,0.7071067811865476,-0.7071067811865475,-2.4492935982947064e-16,1.0,0.7818314824680298,0.6234898018587336,2934.105109845834,1369.5414068140233,4533.539066,848.6771829,4441.393963,4190.177314,3594.906092,92.14510299999984,343.3617520000007,3290.182,4533.539066
11.2,246,0.95,4533.539066,0,1,75,34,2021-12-21 10:00:00,10,21,12,1,4,0,0.49999999999999994,-0.8660254037844387,-2.4492935982947064e-16,1.0,0.7818314824680298,0.6234898018587336,2942.2041794291667,1378.7555168254157,4533.539066,848.6771829,4533.539066,4339.161396,3529.725556,0.0,194.37766999999985,3453.2222,4533.539066
11.3,236,0.95,4388.081439,0,1,75,34,2021-12-21 11:00:00,11,21,12,1,4,0,0.258819045102521,-0.9659258262890682,-2.4492935982947064e-16,1.0,0.7818314824680298,0.6234898018587336,2942.6282432208336,1379.2177816533679,4533.539066,848.6771829,4533.539066,4377.903908,3633.149774,-145.45762700000068,10.177530999999362,3438.4902,4388.081439
11.4,240,0.95,4501.946459,0,1,61,65,2021-12-21 12:00:00,12,21,12,1,4,0,1.2246467991473532e-16,-1.0,-2.4492935982947064e-16,1.0,0.7818314824680298,0.6234898018587336,2962.8932376791668,1399.0981016059495,4533.539066,848.6771829,4388.081439,4015.586592,3529.725556,113.86502000000019,486.35986699999967,3348.2764,4501.946459
11.6,222,0.95,4237.358378,0,1,61,65,2021-12-21 13:00:00,13,21,12,1,4,0,-0.2588190451025208,-0.9659258262890683,-2.4492935982947064e-16,1.0,0.7818314824680298,0.6234898018587336,2966.480314929167,1402.3838898523081,4533.539066,848.6771829,4501.946459,4151.268524,3193.347433,-264.5880809999999,86.08985399999983,3477.244,4237.358378
11.4,239,0.95,4483.188349,0,1,61,65,2021-12-21 14:00:00,14,21,12,1,4,0,-0.4999999999999997,-0.8660254037844388,-2.4492935982947064e-16,1.0,0.7818314824680298,0.6234898018587336,2980.3103076374996,1416.1451492389615,4533.539066,848.6771829,4237.358378,4151.268524,3346.155883,245.8299710000001,331.91982499999995,3335.4233,4483.188349
11.5,234,0.95,4427.901287,0,1,56,82,2021-12-21 15:00:00,15,21,12,1,4,0,-0.7071067811865471,-0.7071067811865479,-2.4492935982947064e-16,1.0,0.7818314824680298,0.6234898018587336,2991.8366727625,1427.1731081472988,4533.539066,848.6771829,4483.188349,4151.268524,3457.228838,-55.28706200000033,276.6327629999996,3531.0527,4427.901287
11.4,227,0.95,4258.091026,0,1,56,82,2021-12-21 16:00:00,16,21,12,1,4,0,-0.8660254037844385,-0.5000000000000004,-2.4492935982947064e-16,1.0,0.7818314824680298,0.6234898018587336,2998.0750867625006,1432.5828343174276,4533.539066,848.6771829,4427.901287,4108.36909,2606.888886,-169.81026099999963,149.7219359999999,3525.9036,4258.091026
11.7,188,0.95,3619.328009,0,1,56,82,2021-12-21 17:00:00,17,21,12,1,4,0,-0.9659258262890683,-0.25881904510252063,-2.4492935982947064e-16,1.0,0.7818314824680298,0.6234898018587336,3011.4525811791664,1437.0001455473669,4533.539066,848.6771829,4258.091026,3298.268143,2431.799334,-638.7630170000002,321.05986600000006,3282.1335,3619.328009
11.7,61,0.95,1174.356428,0,1,54,91,2021-12-21 18:00:00,18,21,12,1,4,0,-1.0,-1.8369701987210297e-16,-2.4492935982947064e-16,1.0,0.7818314824680298,0.6234898018587336,3011.7481123458333,1436.605057488536,4533.539066,848.6771829,3619.328009,1167.26368,1166.432296,-2444.971581,7.092748000000029,1050.937,1174.356428
11.7,59,0.95,1135.852939,0,1,54,91,2021-12-21 19:00:00,19,21,12,1,4,0,-0.9659258262890684,0.2588190451025203,-2.4492935982947064e-16,1.0,0.7818314824680298,0.6234898018587336,3012.0605310124997,1436.178419796914,4533.539066,848.6771829,1174.356428,1128.354891,1109.066773,-38.503488999999945,7.4980480000001535,1168.7444,1135.852939
11.6,53,0.95,1011.621595,0,1,54,91,2021-12-21 20:00:00,20,21,12,1,4,0,-0.8660254037844386,0.5000000000000001,-2.4492935982947064e-16,1.0,0.7818314824680298,0.6234898018587336,3010.4390428041665,1438.5094025306912,4533.539066,848.6771829,1135.852939,1050.537312,1013.457569,-124.23134400000015,-38.91571699999997,972.9767,1011.6215950000001
11.6,47,0.95,897.0983953,0,1,53,95,2021-12-21 21:00:00,21,21,12,1,4,0,-0.7071067811865477,0.7071067811865474,-2.4492935982947064e-16,1.0,0.7818314824680298,0.6234898018587336,3009.7199530458333,1439.6066550697697,4533.539066,848.6771829,1011.621595,914.3565495,936.9702049,-114.52319969999996,-17.258154200000035,996.80396,897.0983953
11.7,44,0.95,847.0767679,0,1,53,95,2021-12-21 22:00:00,22,21,12,1,4,0,-0.5000000000000004,0.8660254037844384,-2.4492935982947064e-16,1.0,0.7818314824680298,0.6234898018587336,3009.6532690874997,1439.711142156241,4533.539066,847.0767679,897.0983953,848.6771829,841.3610003,-50.02162739999994,-1.6004149999999981,1061.84,847.0767679
11.7,44,0.95,847.0767679,0,1,53,95,2021-12-21 23:00:00,23,21,12,1,4,0,-0.25881904510252157,0.9659258262890681,-2.4492935982947064e-16,1.0,0.7818314824680298,0.6234898018587336,3009.586585129166,1439.8156184374136,4533.539066,847.0767679,847.0767679,848.6771829,841.3610003,0.0,-1.6004149999999981,1334.8776,847.0767679
11.4,112,0.96,2123.023172,0,1,60,93,2021-12-22 00:00:00,0,22,12,2,4,0,0.0,1.0,-2.4492935982947064e-16,1.0,0.9749279121818236,-0.22252093395631434,3004.3033249625,1442.9539299702387,4533.539066,847.0767679,847.0767679,2249.821416,1676.070925,1275.9464041,-126.79824400000007,1470.7792,2123.023172
11.4,112,0.96,2123.023172,0,1,60,93,2021-12-22 01:00:00,1,22,12,2,4,0,0.25881904510252074,0.9659258262890683,-2.4492935982947064e-16,1.0,0.9749279121818236,-0.22252093395631434,2999.020064795833,1446.0652890023746,4533.539066,847.0767679,2123.023172,2249.821416,1676.070925,0.0,-126.79824400000007,2108.7095,2123.023172
11.5,112,0.96,2141.646183,0,1,60,93,2021-12-22 02:00:00,2,22,12,2,4,0,0.49999999999999994,0.8660254037844387,-2.4492935982947064e-16,1.0,0.9749279121818236,-0.22252093395631434,2994.5127634208334,1448.668273618983,4533.539066,847.0767679,2123.023172,2249.821416,1676.070925,18.62301099999968,-108.17523300000039,1771.5669,2141.646183
11.5,116,0.96,2218.133546,0,1,77,38,2021-12-22 03:00:00,3,22,12,2,4,0,0.7071067811865476,0.7071067811865476,-2.4492935982947064e-16,1.0,0.9749279121818236,-0.22252093395631434,2989.318776045833,1451.3275530389637,4533.539066,847.0767679,2141.646183,2342.789243,1676.070925,76.48736300000019,-124.65569700000015,1803.0629,2218.133546
11.5,126,0.96,2409.351955,0,1,77,38,2021-12-22 04:00:00,4,22,12,2,4,0,0.8660254037844386,0.5000000000000001,-2.4492935982947064e-16,1.0,0.9749279121818236,-0.22252093395631434,2979.902193129167,1454.4538460129338,4533.539066,847.0767679,2218.133546,2635.349945,1843.678018,191.21840900000007,-225.99798999999985,2059.1038,2409.351955
11.5,147,0.96,2810.910615,0,1,77,38,2021-12-22 05:00:00,5,22,12,2,4,0,0.9659258262890683,0.25881904510252074,-2.4492935982947064e-16,1.0,0.9749279121818236,-0.22252093395631434,2968.7882004625003,1454.6935653715436,4533.539066,847.0767679,2409.351955,3077.646439,2309.253275,401.5586599999997,-266.7358240000003,2164.1287,2810.910615
11.3,196,0.96,3682.700283,0,1,83,32,2021-12-22 06:00:00,6,22,12,2,4,0,1.0,6.123233995736766e-17,-2.4492935982947064e-16,1.0,0.9749279121818236,-0.22252093395631434,2962.6392757541666,1451.2014801254302,4533.539066,847.0767679,2810.910615,3830.274476,3333.518841,871.7896680000003,-147.57419299999992,2370.1782,3682.700283
11.1,233,0.96,4300.418883,0,1,83,32,2021-12-22 07:00:00,7,22,12,2,4,0,0.9659258262890683,-0.25881904510252063,-2.4492935982947064e-16,1.0,0.9749279121818236,-0.22252093395631434,2964.444072670833,1452.907276365585,4533.539066,847.0767679,3682.700283,4257.103757,3488.322614,617.7186000000002,43.31512600000042,3180.5813,4300.418883
11.1,243,0.96,4484.986218,0,1,83,32,2021-12-22 08:00:00,8,22,12,2,4,0,0.8660254037844387,-0.4999999999999998,-2.4492935982947064e-16,1.0,0.9749279121818236,-0.22252093395631434,2966.2604166291662,1454.8598915676191,4533.539066,847.0767679,4300.418883,4441.393963,3506.779347,184.56733499999973,43.59225499999957,3295.0867,4484.986218
11.2,232,0.96,4320.538386,0,1,75,34,2021-12-22 09:00:00,9,22,12,2,4,0,0.7071067811865476,-0.7071067811865475,-2.4492935982947064e-16,1.0,0.9749279121818236,-0.22252093395631434,2957.3853882958333,1445.502982425131,4533.539066,847.0767679,4484.986218,4533.539066,3612.863995,-164.44783199999983,-213.0006800000001,3273.9055,4320.538386
11.3,256,0.96,4810.057513,0,1,75,34,2021-12-22 10:00:00,10,22,12,2,4,0,0.49999999999999994,-0.8660254037844387,-2.4492935982947064e-16,1.0,0.9749279121818236,-0.22252093395631434,2968.906990254167,1459.6450091216168,4810.057513,847.0767679,4320.538386,4533.539066,3519.748943,489.51912699999957,276.51844699999947,3174.1506,4810.057513
11.4,240,0.96,4549.335369,0,1,75,34,2021-12-22 11:00:00,11,22,12,2,4,0,0.258819045102521,-0.9659258262890682,-2.4492935982947064e-16,1.0,0.9749279121818236,-0.22252093395631434,2975.6259040041664,1466.8151835829551,4810.057513,847.0767679,4810.057513,4388.081439,3556.994964,-260.7221439999994,161.25393000000076,3443.7402,4549.335369
11.6,44,0.96,848.6771829,0,1,61,67,2021-12-22 12:00:00,12,22,12,2,4,0,1.2246467991473532e-16,-1.0,-2.4492935982947064e-16,1.0,0.9749279121818236,-0.22252093395631434,2823.4063508333334,1490.8960453210625,4810.057513,847.0767679,4549.335369,4501.946459,3513.596699,-3700.6581861000004,-3653.2692761,3218.4644,848.6771829
11.8,45,0.96,882.9302197,0,1,61,67,2021-12-22 13:00:00,13,22,12,2,4,0,-0.2588190451025208,-0.9659258262890683,-2.4492935982947064e-16,1.0,0.9749279121818236,-0.22252093395631434,2683.6385109041667,1509.6944625439935,4810.057513,847.0767679,848.6771829,4237.358378,3384.565842,34.253036799999904,-3354.4281583,3180.976,882.9302197
11.3,239,0.96,4490.639631,0,1,61,67,2021-12-22 14:00:00,14,22,12,2,4,0,-0.4999999999999997,-0.8660254037844388,-2.4492935982947064e-16,1.0,0.9749279121818236,-0.22252093395631434,2683.9489809875,1510.0813486619597,4810.057513,847.0767679,882.9302197,4483.188349,3135.98191,3607.7094113000003,7.451281999999992,2860.0906,4490.639631
11.8,224,0.96,4395.030427,0,1,58,75,2021-12-22 15:00:00,15,22,12,2,4,0,-0.7071067811865471,-0.7071067811865479,-2.4492935982947064e-16,1.0,0.9749279121818236,-0.22252093395631434,2682.579361820833,1508.444861135016,4810.057513,847.0767679,4490.639631,4427.901287,2989.658258,-95.60920400000032,-32.87085999999999,4122.8545,4395.030427
11.4,232,0.96,4397.690857,0,1,58,75,2021-12-22 16:00:00,16,22,12,2,4,0,-0.8660254037844385,-0.5000000000000004,-2.4492935982947064e-16,1.0,0.9749279121818236,-0.22252093395631434,2688.3960214458334,1515.0390167335931,4810.057513,847.0767679,4395.030427,4258.091026,2801.432833,2.6604299999999057,139.59983099999954,3259.2478,4397.690857
11.3,189,0.96,3551.175273,0,1,58,75,2021-12-22 17:00:00,17,22,12,2,4,0,-0.9659258262890683,-0.25881904510252063,-2.4492935982947064e-16,1.0,0.9749279121818236,-0.22252093395631434,2685.5563241125,1513.2811206045146,4810.057513,847.0767679,4397.690857,3619.328009,2509.616913,-846.5155839999998,-68.152736,3233.2761,3551.1752729999994
11.6,62,0.96,1195.863303,0,1,54,95,2021-12-22 18:00:00,18,22,12,2,4,0,-1.0,-1.8369701987210297e-16,-2.4492935982947064e-16,1.0,0.9749279121818236,-0.22252093395631434,2686.4524439041666,1512.3534086044115,4810.057513,847.0767679,3551.175273,1174.356428,1195.863303,-2355.3119699999997,21.506875000000036,985.5649,1195.8633029999999
11.6,58,0.96,1118.710832,0,1,54,95,2021-12-22 19:00:00,19,22,12,2,4,0,-0.9659258262890684,0.2588190451025203,-2.4492935982947064e-16,1.0,0.9749279121818236,-0.22252093395631434,2685.7381894458335,1513.1214187488501,4810.057513,847.0767679,1195.863303,1135.852939,1137.99895,-77.1524710000001,-17.142107000000124,1040.1472,1118.710832
11.6,52,0.96,1002.982125,0,1,54,95,2021-12-22 20:00:00,20,22,12,2,4,0,-0.8660254037844386,0.5000000000000001,-2.4492935982947064e-16,1.0,0.9749279121818236,-0.22252093395631434,2685.3782115291665,1513.537984926768,4810.057513,847.0767679,1118.710832,1011.621595,1051.70125,-115.72870699999999,-8.63946999999996,910.0649,1002.9821250000001
11.5,48,0.96,917.8483639,0,1,54,92,2021-12-22 21:00:00,21,22,12,2,4,0,-0.7071067811865477,0.7071067811865474,-2.4492935982947064e-16,1.0,0.9749279121818236,-0.22252093395631434,2686.242793554167,1512.4776024622597,4810.057513,847.0767679,1002.982125,897.0983953,994.3357276,-85.13376110000002,20.74996859999999,909.7485,917.8483638999999
11.5,44,0.96,841.3610003,0,1,54,92,2021-12-22 22:00:00,22,22,12,2,4,0,-0.5000000000000004,0.8660254037844384,-2.4492935982947064e-16,1.0,0.9749279121818236,-0.22252093395631434,2686.004636570833,1512.7802112373424,4810.057513,841.3610003,917.8483639,847.0767679,898.726523,-76.48736359999998,-5.715767600000049,926.0751,841.3610003000001
11.4,44,0.96,834.0448177,0,1,54,92,2021-12-22 23:00:00,23,22,12,2,4,0,-0.25881904510252157,0.9659258262890681,-2.4492935982947064e-16,1.0,0.9749279121818236,-0.22252093395631434,2685.4616386458333,1513.4711562867628,4810.057513,834.0448177,841.3610003,847.0767679,803.1173185,-7.316182600000047,-13.031950200000097,1132.8246,834.0448177
11.4,119,0.95,2232.215119,0,1,61,93,2021-12-23 00:00:00,0,23,12,3,4,0,0.0,1.0,-2.4492935982947064e-16,1.0,0.43388373911755823,-0.900968867902419,2690.0113031041665,1511.8701668587632,4810.057513,834.0448177,834.0448177,2123.023172,1750.89552,1398.1703013000001,109.1919469999998,1278.2909,2232.215119
11.4,119,0.95,2232.215119,0,1,61,93,2021-12-23 01:00:00,1,23,12,3,4,0,0.25881904510252074,0.9659258262890683,-2.4492935982947064e-16,1.0,0.43388373911755823,-0.900968867902419,2694.5609675624996,1510.2531784829478,4810.057513,834.0448177,2232.215119,2123.023172,1706.000763,0.0,109.1919469999998,2059.4255,2232.215119
11.4,119,0.95,2232.215119,0,1,61,93,2021-12-23 02:00:00,2,23,12,3,4,0,0.49999999999999994,0.8660254037844387,-2.4492935982947064e-16,1.0,0.43388373911755823,-0.900968867902419,2698.3346732291666,1508.9240969168934,4810.057513,834.0448177,2232.215119,2141.646183,1706.000763,0.0,90.56893600000012,1757.5834,2232.215119
11.3,129,0.95,2398.569939,0,1,79,36,2021-12-23 03:00:00,3,23,12,3,4,0,0.7071067811865476,0.7071067811865476,-2.4492935982947064e-16,1.0,0.43388373911755823,-0.900968867902419,2705.8528562708334,1506.8755987914922,4810.057513,834.0448177,2232.215119,2218.133546,1691.035844,166.35482000000002,180.43639299999995,1870.8677,2398.569939
11.3,134,0.95,2491.537766,0,1,79,36,2021-12-23 04:00:00,4,23,12,3,4,0,0.8660254037844386,0.5000000000000001,-2.4492935982947064e-16,1.0,0.43388373911755823,-0.900968867902419,2709.2772650624997,1506.2657590878819,4810.057513,834.0448177,2398.569939,2409.351955,1803.771567,92.96782699999994,82.18581099999983,2308.8386,2491.537766
11.6,182,0.95,3473.870382,0,1,79,36,2021-12-23 05:00:00,5,23,12,3,4,0,0.9659258262890683,0.25881904510252074,-2.4492935982947064e-16,1.0,0.43388373911755823,-0.900968867902419,2736.9005886874997,1514.2683768719025,4810.057513,834.0448177,2491.537766,2810.910615,2774.828532,982.3326160000001,662.9597670000003,2310.6995,3473.870382
11.1,213,0.95,3890.333338,0,1,87,20,2021-12-23 06:00:00,6,23,12,3,4,0,1.0,6.123233995736766e-17,-2.4492935982947064e-16,1.0,0.43388373911755823,-0.900968867902419,2745.5519659791667,1520.4872535530249,4810.057513,834.0448177,3473.870382,3682.700283,3047.522611,416.46295599999985,207.63305499999979,3478.5269,3890.3333380000004
11.2,226,0.95,4164.958654,0,1,87,20,2021-12-23 07:00:00,7,23,12,3,4,0,0.9659258262890683,-0.25881904510252063,-2.4492935982947064e-16,1.0,0.43388373911755823,-0.900968867902419,2739.9077897708335,1514.7049344451443,4810.057513,834.0448177,3890.333338,4300.418883,3645.454263,274.6253160000001,-135.46022900000025,3377.5667,4164.958654
11.2,233,0.95,4293.961798,0,1,87,20,2021-12-23 08:00:00,8,23,12,3,4,0,0.8660254037844387,-0.4999999999999998,-2.4492935982947064e-16,1.0,0.43388373911755823,-0.900968867902419,2731.9484389374998,1505.6109346937026,4810.057513,834.0448177,4164.958654,4484.986218,3968.696513,129.00314400000025,-191.02441999999974,3404.1262,4293.961798
11.2,259,0.95,4773.116333,0,1,81,31,2021-12-23 09:00:00,9,23,12,3,4,0,0.7071067811865476,-0.7071067811865475,-2.4492935982947064e-16,1.0,0.43388373911755823,-0.900968867902419,2750.8058533958333,1529.0248739028705,4810.057513,834.0448177,4293.961798,4320.538386,3810.068372,479.15453499999967,452.57794699999977,3408.0642,4773.116333
11.3,258,0.95,4797.139878,0,1,81,31,2021-12-23 10:00:00,10,23,12,3,4,0,0.49999999999999994,-0.8660254037844387,-2.4492935982947064e-16,1.0,0.43388373911755823,-0.900968867902419,2750.2676186041667,1528.2705639874857,4797.139878,834.0448177,4773.116333,4810.057513,3961.712884,24.023545000000013,-12.917634999999791,3744.9148,4797.139878
11.3,249,0.95,4629.797789,0,1,81,31,2021-12-23 11:00:00,11,23,12,3,4,0,0.258819045102521,-0.9659258262890682,-2.4492935982947064e-16,1.0,0.43388373911755823,-0.900968867902419,2753.6202194375,1532.4712951110098,4797.139878,834.0448177,4797.139878,4549.335369,3923.801756,-167.34208899999976,80.46241999999984,3468.8232,4629.797789
11.4,245,0.95,4595.73701,0,1,70,68,2021-12-23 12:00:00,12,23,12,3,4,0,1.2246467991473532e-16,-1.0,-2.4492935982947064e-16,1.0,0.43388373911755823,-0.900968867902419,2909.7477122333335,1520.788374770602,4797.139878,834.0448177,4629.797789,848.6771829,3829.023936,-34.060779000000366,3747.0598271,3340.1301,4595.73701
11.4,245,0.95,4595.73701,0,1,70,68,2021-12-23 13:00:00,13,23,12,3,4,0,-0.2588190451025208,-0.9659258262890683,-2.4492935982947064e-16,1.0,0.43388373911755823,-0.900968867902419,3064.4479951625,1494.2576455927408,4797.139878,834.0448177,4595.73701,882.9302197,3904.513638,0.0,3712.8067903,4229.531,4595.73701
11.4,245,0.95,4595.73701,0,1,70,68,2021-12-23 14:00:00,14,23,12,3,4,0,-0.4999999999999997,-0.8660254037844388,-2.4492935982947064e-16,1.0,0.43388373911755823,-0.900968867902419,3068.827052620833,1498.7661476064104,4797.139878,834.0448177,4595.73701,4490.639631,4027.059697,0.0,105.09737899999982,4223.041,4595.73701
11.6,233,0.95,4447.317577,0,1,63,84,2021-12-23 15:00:00,15,23,12,3,4,0,-0.7071067811865471,-0.7071067811865479,-2.4492935982947064e-16,1.0,0.43388373911755823,-0.900968867902419,3071.0056838708333,1500.8143589546369,4797.139878,834.0448177,4595.73701,4395.030427,4260.512433,-148.41943300000003,52.28715000000011,3565.5083,4447.317577
11.7,224,0.95,4312.390819,0,1,63,84,2021-12-23 16:00:00,16,23,12,3,4,0,-0.8660254037844385,-0.5000000000000004,-2.4492935982947064e-16,1.0,0.43388373911755823,-0.900968867902419,3067.451515620833,1497.6335877912848,4797.139878,834.0448177,4447.317577,4397.690857,3791.112808,-134.9267579999996,-85.3000379999994,3544.0906,4312.390819
11.8,59,0.95,1145.561084,0,1,63,84,2021-12-23 17:00:00,17,23,12,3,4,0,-0.9659258262890683,-0.25881904510252063,-2.4492935982947064e-16,1.0,0.43388373911755823,-0.900968867902419,2967.2175910791666,1543.6461123228848,4797.139878,834.0448177,4312.390819,3551.175273,2824.379042,-3166.8297350000003,-2405.614189,3477.303,1145.561084
11.8,61,0.95,1184.393663,0,1,55,90,2021-12-23 18:00:00,18,23,12,3,4,0,-1.0,-1.8369701987210297e-16,-2.4492935982947064e-16,1.0,0.43388373911755823,-0.900968867902419,2966.7396894125,1544.2200229767739,4797.139878,834.0448177,1145.561084,1195.863303,1195.863303,38.83257900000012,-11.469640000000027,952.8114,1184.3936629999998
11.6,59,0.95,1126.144794,0,1,55,90,2021-12-23 19:00:00,19,23,12,3,4,0,-0.9659258262890684,0.2588190451025203,-2.4492935982947064e-16,1.0,0.43388373911755823,-0.900968867902419,2967.0494378291664,1543.8339152882284,4797.139878,834.0448177,1184.393663,1118.710832,1137.99895,-58.24886900000001,7.433962000000065,810.6697,1126.144794
11.6,54,0.95,1030.708795,0,1,55,90,2021-12-23 20:00:00,20,23,12,3,4,0,-0.8660254037844386,0.5000000000000001,-2.4492935982947064e-16,1.0,0.43388373911755823,-0.900968867902419,2968.2047157458333,1542.309889314876,4797.139878,834.0448177,1126.144794,1002.982125,1060.846479,-95.43599900000004,27.726670000000013,778.8469,1030.708795
11.6,49,0.95,935.2727951,0,1,59,93,2021-12-23 21:00:00,21,23,12,3,4,0,-0.7071067811865477,0.7071067811865474,-2.4492935982947064e-16,1.0,0.43388373911755823,-0.900968867902419,2968.9307337124997,1541.3065272483263,4797.139878,834.0448177,1030.708795,917.8483639,1002.982125,-95.43599989999996,17.424431200000072,755.32574,935.2727951
11.6,44,0.95,839.8367956,0,1,59,93,2021-12-23 22:00:00,22,23,12,3,4,0,-0.5000000000000004,0.8660254037844384,-2.4492935982947064e-16,1.0,0.43388373911755823,-0.900968867902419,2968.8672251833336,1541.3980325828331,4797.139878,834.0448177,935.2727951,841.3610003,906.5415363,-95.4359995000001,-1.5242047000000412,838.8747,839.8367956
11.5,130,0.95,2459.945159,0,1,59,93,2021-12-23 23:00:00,23,23,12,3,4,0,-0.25881904510252157,0.9659258262890681,-2.4492935982947064e-16,1.0,0.43388373911755823,-0.900968867902419,3036.6130727375,1477.9137549534016,4797.139878,839.8367956,839.8367956,834.0448177,848.6771829,1620.1083634,1625.9003413,1060.1829,2459.945159
11.5,130,0.98,2537.627638,0,1,62,93,2021-12-24 00:00:00,0,24,12,4,4,0,0.0,1.0,-2.4492935982947064e-16,1.0,-0.433883739117558,-0.9009688679024191,3049.3385943625,1471.9893726775322,4797.139878,839.8367956,2459.945159,2232.215119,1759.209364,77.68247900000006,305.412519,1823.1234,2537.627638
11.5,130,0.98,2537.627638,0,1,62,93,2021-12-24 01:00:00,1,24,12,4,4,0,0.25881904510252074,0.9659258262890683,-2.4492935982947064e-16,1.0,-0.433883739117558,-0.9009688679024191,3062.0641159875,1465.9257825776638,4797.139878,839.8367956,2537.627638,2232.215119,1759.209364,0.0,305.412519,1826.1975,2537.627638
11.5,130,0.98,2537.627638,0,1,62,93,2021-12-24 02:00:00,2,24,12,4,4,0,0.49999999999999994,0.8660254037844387,-2.4492935982947064e-16,1.0,-0.433883739117558,-0.9009688679024191,3074.7896376124995,1459.7212498732379,4797.139878,839.8367956,2537.627638,2232.215119,1759.209364,0.0,305.412519,1799.429,2537.627638
11.5,130,0.98,2537.627638,0,1,80,43,2021-12-24 03:00:00,3,24,12,4,4,0,0.7071067811865476,0.7071067811865476,-2.4492935982947064e-16,1.0,-0.433883739117558,-0.9009688679024191,3080.583708404167,1457.1942240440403,4797.139878,839.8367956,2537.627638,2398.569939,1876.60084,0.0,139.05769899999996,2216.9702,2537.627638
11.3,135,0.98,2589.398637,0,1,80,43,2021-12-24 04:00:00,4,24,12,4,4,0,0.8660254037844386,0.5000000000000001,-2.4492935982947064e-16,1.0,-0.433883739117558,-0.9009688679024191,3084.6612446958334,1455.6103422151116,4797.139878,839.8367956,2537.627638,2491.537766,2141.978736,51.77099899999985,97.86087099999986,2164.6091,2589.398637
11.2,157,0.98,2984.725377,0,1,80,43,2021-12-24 05:00:00,5,24,12,4,4,0,0.9659258262890683,0.25881904510252074,-2.4492935982947064e-16,1.0,-0.433883739117558,-0.9009688679024191,3064.2802028208334,1453.346481813968,4797.139878,839.8367956,2589.398637,3473.870382,2681.713481,395.3267400000004,-489.14500499999986,2295.2358,2984.7253769999998
11.3,230,0.98,4411.568048,0,1,89,24,2021-12-24 06:00:00,6,24,12,4,4,0,1.0,6.123233995736766e-17,-2.4492935982947064e-16,1.0,-0.433883739117558,-0.9009688679024191,3085.9983157375004,1470.0261522956748,4797.139878,839.8367956,2984.725377,3890.333338,3513.596699,1426.8426709999999,521.2347100000002,2601.551,4411.568048
11.2,253,0.98,4809.780385,0,1,89,24,2021-12-24 07:00:00,7,24,12,4,4,0,0.9659258262890683,-0.25881904510252063,-2.4492935982947064e-16,1.0,-0.433883739117558,-0.9009688679024191,3112.8658878624997,1496.2621958438879,4809.780385,839.8367956,4411.568048,4164.958654,3734.246115,398.21233699999993,644.821731,4194.6094,4809.780385
11.3,245,0.98,4699.279008,0,1,89,24,2021-12-24 08:00:00,8,24,12,4,4,0,0.8660254037844387,-0.4999999999999998,-2.4492935982947064e-16,1.0,-0.433883739117558,-0.9009688679024191,3129.7541049458328,1512.3734126565114,4809.780385,839.8367956,4809.780385,4293.961798,3961.712884,-110.5013769999996,405.31721000000016,4027.1003,4699.279008
11.5,236,0.98,4606.770174,0,1,83,34,2021-12-24 09:00:00,9,24,12,4,4,0,0.7071067811865476,-0.7071067811865475,-2.4492935982947064e-16,1.0,-0.433883739117558,-0.9009688679024191,3122.8230149875,1504.8771566158073,4809.780385,839.8367956,4699.279008,4773.116333,4094.401832,-92.5088340000002,-166.34615899999972,3758.8916,4606.770174
11.6,229,0.98,4508.99937,0,1,83,34,2021-12-24 10:00:00,10,24,12,4,4,0,0.49999999999999994,-0.8660254037844387,-2.4492935982947064e-16,1.0,-0.433883739117558,-0.9009688679024191,3110.8171604875,1492.033328920301,4809.780385,839.8367956,4606.770174,4797.139878,3963.375653,-97.77080399999977,-288.1405079999995,3528.1462,4508.99937
11.6,235,0.98,4627.139091,0,1,83,34,2021-12-24 11:00:00,11,24,12,4,4,0,0.258819045102521,-0.9659258262890682,-2.4492935982947064e-16,1.0,-0.433883739117558,-0.9009688679024191,3110.706381404166,1491.9157396744993,4809.780385,839.8367956,4508.99937,4629.797789,3961.712884,118.13972099999955,-2.658698000000186,3421.9265,4627.139091
11.2,134,0.98,2547.472615,0,1,74,57,2021-12-24 12:00:00,12,24,12,4,4,0,1.2246467991473532e-16,-1.0,-2.4492935982947064e-16,1.0,-0.433883739117558,-0.9009688679024191,3025.3620316125,1461.54768658006,4809.780385,839.8367956,4627.139091,4595.73701,4053.830274,-2079.666476,-2048.2643949999997,3535.4492,2547.472615
11.4,227,0.98,4392.557058,0,1,74,57,2021-12-24 13:00:00,13,24,12,4,4,0,-0.2588190451025208,-0.9659258262890683,-2.4492935982947064e-16,1.0,-0.433883739117558,-0.9009688679024191,3016.896200279167,1452.6171628810607,4809.780385,839.8367956,2547.472615,4595.73701,4159.582368,1845.0844430000002,-203.1799519999995,2788.519,4392.557058
11.4,219,0.98,4237.753285,0,1,74,57,2021-12-24 14:00:00,14,24,12,4,4,0,-0.4999999999999997,-0.8660254037844388,-2.4492935982947064e-16,1.0,-0.433883739117558,-0.9009688679024191,3001.9802117375,1437.4590556188589,4809.780385,839.8367956,4392.557058,4595.73701,3919.977388,-154.80377300000055,-357.98372500000005,3936.5925,4237.753285
11.4,226,0.98,4373.206587,0,1,70,81,2021-12-24 15:00:00,15,24,12,4,4,0,-0.7071067811865471,-0.7071067811865479,-2.4492935982947064e-16,1.0,-0.433883739117558,-0.9009688679024191,2998.8922538208335,1434.2952998132769,4809.780385,839.8367956,4237.753285,4447.317577,3973.352265,135.4533019999999,-74.11099000000013,3418.5737,4373.206587
11.7,213,0.98,4230.114941,0,1,70,81,2021-12-24 16:00:00,16,24,12,4,4,0,-0.8660254037844385,-0.5000000000000004,-2.4492935982947064e-16,1.0,-0.433883739117558,-0.9009688679024191,2995.4640922375,1431.114159032582,4809.780385,839.8367956,4373.206587,4312.390819,3813.061355,-143.09164599999986,-82.27587800000038,3351.9646,4230.114941
11.3,51,0.98,978.2172628,0,1,70,81,2021-12-24 17:00:00,17,24,12,4,4,0,-0.9659258262890683,-0.25881904510252063,-2.4492935982947064e-16,1.0,-0.433883739117558,-0.9009688679024191,2988.4914330208335,1440.8933631570915,4809.780385,839.8367956,4230.114941,1145.561084,2854.641433,-3251.8976782,-167.34382119999998,3153.9019,978.2172628000001
11.7,62,0.98,1231.301063,0,1,60,87,2021-12-24 18:00:00,18,24,12,4,4,0,-1.0,-1.8369701987210297e-16,-2.4492935982947064e-16,1.0,-0.433883739117558,-0.9009688679024191,2990.445908020834,1438.369431367591,4809.780385,839.8367956,978.2172628,1184.393663,1195.863303,253.08380020000016,46.90740000000005,981.5289,1231.3010629999999
11.2,57,0.98,1083.626411,0,1,60,87,2021-12-24 19:00:00,19,24,12,4,4,0,-0.9659258262890684,0.2588190451025203,-2.4492935982947064e-16,1.0,-0.433883739117558,-0.9009688679024191,2988.6743087291666,1440.7896221241501,4809.780385,839.8367956,1231.301063,1126.144794,1206.17247,-147.67465200000015,-42.518383000000085,775.06287,1083.626411
11.6,51,0.98,1004.187633,0,1,60,87,2021-12-24 20:00:00,20,24,12,4,4,0,-0.8660254037844386,0.5000000000000001,-2.4492935982947064e-16,1.0,-0.433883739117558,-0.9009688679024191,2987.5692603125003,1442.3659310178205,4809.780385,839.8367956,1083.626411,1030.708795,1050.537312,-79.43877799999996,-26.521162000000004,666.0698,1004.187633
11.6,47,0.98,925.4278183,0,1,67,94,2021-12-24 21:00:00,21,24,12,4,4,0,-0.7071067811865477,0.7071067811865474,-2.4492935982947064e-16,1.0,-0.433883739117558,-0.9009688679024191,2987.1590529458335,1442.976249817512,4809.780385,839.8367956,1004.187633,935.2727951,983.6940074,-78.75981469999999,-9.84497680000004,733.47754,925.4278183
11.6,44,0.98,866.3579575,0,1,67,94,2021-12-24 22:00:00,22,24,12,4,4,0,-0.5000000000000004,0.8660254037844384,-2.4492935982947064e-16,1.0,-0.433883739117558,-0.9009688679024191,2988.264101358333,1441.2694529136163,4809.780385,866.3579575,925.4278183,839.8367956,867.9653007,-59.069860800000015,26.52116190000004,873.6388,866.3579575
11.5,44,0.98,858.8893545,0,1,67,94,2021-12-24 23:00:00,23,24,12,4,4,0,-0.25881904510252157,0.9659258262890681,-2.4492935982947064e-16,1.0,-0.433883739117558,-0.9009688679024191,2921.5534428375,1502.5374775966936,4809.780385,858.8893545,866.3579575,2459.945159,855.9933655,-7.46860300000003,-1601.0558044999998,1154.9465,858.8893545
11.5,109,0.95,2062.569403,0,1,65,94,2021-12-25 00:00:00,0,25,12,5,4,1,0.0,1.0,-2.4492935982947064e-16,1.0,-0.9749279121818236,-0.2225209339563146,2901.7593497125,1510.9209005356079,4809.780385,858.8893545,858.8893545,2537.627638,1687.045199,1203.6800484999999,-475.05823499999997,1294.7457,2062.569403
11.5,109,0.95,2062.569403,0,1,65,94,2021-12-25 01:00:00,1,25,12,5,4,1,0.25881904510252074,0.9659258262890683,-2.4492935982947064e-16,1.0,-0.9749279121818236,-0.2225209339563146,2881.9652565875003,1518.988933937679,4809.780385,858.8893545,2062.569403,2537.627638,1687.045199,0.0,-475.05823499999997,1842.7877,2062.569403
11.4,109,0.95,2044.634017,0,1,65,94,2021-12-25 02:00:00,2,25,12,5,4,1,0.49999999999999994,0.8660254037844387,-2.4492935982947064e-16,1.0,-0.9749279121818236,-0.2225209339563146,2861.4238557125004,1527.159315204921,4809.780385,858.8893545,2062.569403,2537.627638,1687.045199,-17.93538599999988,-492.99362099999985,1843.917,2044.634017
11.4,109,0.95,2044.634017,0,1,81,58,2021-12-25 03:00:00,3,25,12,5,4,1,0.7071067811865476,0.7071067811865476,-2.4492935982947064e-16,1.0,-0.9749279121818236,-0.2225209339563146,2840.8824548375,1534.9994062145297,4809.780385,858.8893545,2044.634017,2537.627638,1933.467532,0.0,-492.99362099999985,1915.1914,2044.634017
11.4,121,0.95,2269.73134,0,1,81,58,2021-12-25 04:00:00,4,25,12,5,4,1,0.8660254037844386,0.5000000000000001,-2.4492935982947064e-16,1.0,-0.9749279121818236,-0.2225209339563146,2827.562984129167,1538.6589977182311,4809.780385,858.8893545,2044.634017,2589.398637,2028.245352,225.09732299999973,-319.66729699999996,1966.276,2269.73134
11.5,202,0.95,3822.376325,0,1,81,58,2021-12-25 05:00:00,5,25,12,5,4,1,0.9659258262890683,0.25881904510252074,-2.4492935982947064e-16,1.0,-0.9749279121818236,-0.2225209339563146,2862.4651069625,1551.8230867361249,4809.780385,858.8893545,2269.73134,2984.725377,3175.38953,1552.6449850000004,837.650948,2098.1885,3822.376325
11.1,234,0.95,4273.887329,0,1,84,44,2021-12-25 06:00:00,6,25,12,5,4,1,1.0,6.123233995736766e-17,-2.4492935982947064e-16,1.0,-0.9749279121818236,-0.2225209339563146,2856.7284103375,1546.0913615861552,4809.780385,858.8893545,3822.376325,4411.568048,3519.748943,451.51100399999996,-137.68071899999995,3657.444,4273.887329
11.1,240,0.95,4383.474184,0,1,84,44,2021-12-25 07:00:00,7,25,12,5,4,1,0.9659258262890683,-0.25881904510252063,-2.4492935982947064e-16,1.0,-0.9749279121818236,-0.2225209339563146,2838.9656519625,1524.982305387889,4699.279008,858.8893545,4273.887329,4809.780385,3896.199794,109.58685499999956,-426.3062010000003,3665.5474,4383.474184
11.3,274,0.95,5094.636925,0,1,84,44,2021-12-25 08:00:00,8,25,12,5,4,1,0.8660254037844387,-0.4999999999999998,-2.4492935982947064e-16,1.0,-0.9749279121818236,-0.2225209339563146,2855.4388985041664,1547.9145579593587,5094.636925,858.8893545,4383.474184,4699.279008,4143.786065,711.1627410000001,395.35791699999936,3594.4165,5094.636925
11.3,289,0.95,5373.540406,0,1,83,41,2021-12-25 09:00:00,9,25,12,5,4,1,0.7071067811865476,-0.7071067811865475,-2.4492935982947064e-16,1.0,-0.9749279121818236,-0.2225209339563146,2887.3876581708337,1592.8929740888743,5373.540406,858.8893545,5094.636925,4606.770174,4015.586592,278.9034810000003,766.7702319999999,4152.056,5373.540406
11.4,259,0.95,4858.350554,0,1,83,41,2021-12-25 10:00:00,10,25,12,5,4,1,0.49999999999999994,-0.8660254037844387,-2.4492935982947064e-16,1.0,-0.9749279121818236,-0.2225209339563146,2901.9439575041665,1609.861856767545,5373.540406,858.8893545,5373.540406,4508.99937,3996.464751,-515.1898520000004,349.3511839999992,4173.3984,4858.350554
11.6,254,0.95,4848.148774,0,1,83,41,2021-12-25 11:00:00,11,25,12,5,4,1,0.258819045102521,-0.9659258262890682,-2.4492935982947064e-16,1.0,-0.9749279121818236,-0.2225209339563146,2911.1526942958335,1620.7546453566786,5373.540406,858.8893545,4858.350554,4627.139091,4283.292365,-10.201779999999417,221.00968300000022,3789.367,4848.148774
11.5,244,0.95,4617.127838,0,1,75,78,2021-12-25 12:00:00,12,25,12,5,4,1,1.2246467991473532e-16,-1.0,-2.4492935982947064e-16,1.0,-0.9749279121818236,-0.2225209339563146,2997.3883285875,1655.2559138823872,5373.540406,858.8893545,4848.148774,2547.472615,4113.357396,-231.0209359999999,2069.655223,3847.9685,4617.127838
11.5,242,0.95,4579.282528,0,1,75,78,2021-12-25 13:00:00,13,25,12,5,4,1,-0.2588190451025208,-0.9659258262890683,-2.4492935982947064e-16,1.0,-0.9749279121818236,-0.2225209339563146,3005.1685565041666,1662.5216564535222,5373.540406,858.8893545,4617.127838,4392.557058,4168.56132,-37.84531000000061,186.7254699999994,4011.3147,4579.282528
11.5,224,0.95,4238.674736,0,1,75,78,2021-12-25 14:00:00,14,25,12,5,4,1,-0.4999999999999997,-0.8660254037844388,-2.4492935982947064e-16,1.0,-0.9749279121818236,-0.2225209339563146,3005.2069502958334,1662.551369387809,5373.540406,858.8893545,4579.282528,4237.753285,4056.490704,-340.6077919999998,0.921451000000161,3790.3035,4238.674736
11.4,220,0.95,4126.784254,0,1,67,90,2021-12-25 15:00:00,15,25,12,5,4,1,-0.7071067811865471,-0.7071067811865479,-2.4492935982947064e-16,1.0,-0.9749279121818236,-0.2225209339563146,2994.9393530875,1654.4768615135881,5373.540406,858.8893545,4238.674736,4373.206587,3896.199794,-111.89048199999979,-246.42233299999953,3714.047,4126.784254
11.6,51,0.95,973.4471949,0,1,67,90,2021-12-25 16:00:00,16,25,12,5,4,1,-0.8660254037844385,-0.5000000000000004,-2.4492935982947064e-16,1.0,-0.9749279121818236,-0.2225209339563146,2859.244863666667,1682.08740282588,5373.540406,858.8893545,4126.784254,4230.114941,3610.203565,-3153.3370591000003,-3256.6677461,3706.931,973.4471949
11.6,61,0.95,1164.319194,0,1,67,90,2021-12-25 17:00:00,17,25,12,5,4,1,-0.9659258262890683,-0.25881904510252063,-2.4492935982947064e-16,1.0,-0.9749279121818236,-0.2225209339563146,2866.9991108,1673.4458048050735,5373.540406,858.8893545,973.4471949,978.2172628,2873.929551,190.87199909999993,186.10193119999997,1731.6107,1164.319194
11.6,62,0.95,1183.406394,0,1,68,90,2021-12-25 18:00:00,18,25,12,5,4,1,-1.0,-1.8369701987210297e-16,-2.4492935982947064e-16,1.0,-0.9749279121818236,-0.2225209339563146,2865.0034995916667,1675.5084960873442,5373.540406,858.8893545,1164.319194,1231.301063,1186.718075,19.087200000000166,-47.89466900000002,715.24426,1183.406394
11.7,58,0.95,1116.601194,0,1,68,90,2021-12-25 19:00:00,19,25,12,5,4,1,-0.9659258262890684,0.2588190451025203,-2.4492935982947064e-16,1.0,-0.9749279121818236,-0.2225209339563146,2866.3774488833333,1673.9970593106902,5373.540406,858.8893545,1183.406394,1083.626411,1128.354891,-66.80520000000001,32.974783000000116,1028.1172,1116.601194
11.7,54,0.95,1039.594215,0,1,68,90,2021-12-25 20:00:00,20,25,12,5,4,1,-0.8660254037844386,0.5000000000000001,-2.4492935982947064e-16,1.0,-0.9749279121818236,-0.2225209339563146,2867.8527231333337,1672.2993204379754,5373.540406,858.8893545,1116.601194,1004.187633,1089.446102,-77.006979,35.40658200000007,975.4307,1039.594215
11.7,48,0.95,924.0837469,0,1,66,94,2021-12-25 21:00:00,21,25,12,5,4,1,-0.7071067811865477,0.7071067811865474,-2.4492935982947064e-16,1.0,-0.9749279121818236,-0.2225209339563146,2867.7967201583338,1672.367218891632,5373.540406,858.8893545,1039.594215,925.4278183,906.5415363,-115.51046810000003,-1.3440713999999616,1046.6748,924.0837469
11.4,135,0.95,2532.344883,0,1,66,94,2021-12-25 22:00:00,22,25,12,5,4,1,-0.5000000000000004,0.8660254037844384,-2.4492935982947064e-16,1.0,-0.9749279121818236,-0.2225209339563146,2937.2128420541667,1619.4175429539453,5373.540406,858.8893545,924.0837469,866.3579575,848.6771829,1608.2611361000002,1665.9869255000003,1093.6901,2532.344883
11.4,137,0.95,2569.861104,0,1,66,94,2021-12-25 23:00:00,23,25,12,5,4,1,-0.25881904510252157,0.9659258262890681,-2.4492935982947064e-16,1.0,-0.9749279121818236,-0.2225209339563146,3008.5033316166664,1560.5370573689977,5373.540406,924.0837469,2532.344883,858.8893545,848.6771829,37.51622099999986,1710.9717495,1463.0038,2569.861104
11.4,134,0.95,2513.586773,1,1,70,94,2021-12-26 00:00:00,0,26,12,6,4,1,0.0,1.0,-2.4492935982947064e-16,1.0,-0.7818314824680299,0.6234898018587334,3027.2957220333333,1551.339135110535,5373.540406,924.0837469,2569.861104,2062.569403,2217.800992,-56.274331000000075,451.01737,1419.8802,2513.586773
11.4,134,0.95,2513.586773,1,1,70,94,2021-12-26 01:00:00,1,26,12,6,4,1,0.25881904510252074,0.9659258262890683,-2.4492935982947064e-16,1.0,-0.7818314824680299,0.6234898018587334,3046.0881124499997,1541.8473659593935,5373.540406,924.0837469,2513.586773,2062.569403,2217.800992,0.0,451.01737,1772.9127,2513.586773
11.4,134,0.95,2513.586773,1,1,70,94,2021-12-26 02:00:00,2,26,12,6,4,1,0.49999999999999994,0.8660254037844387,-2.4492935982947064e-16,1.0,-0.7818314824680299,0.6234898018587334,3065.627810616667,1531.541282130123,5373.540406,924.0837469,2513.586773,2044.634017,2217.800992,0.0,468.9527559999999,2044.305,2513.586773
11.3,144,0.95,2677.47342,1,1,75,70,2021-12-26 03:00:00,3,26,12,6,4,1,0.7071067811865476,0.7071067811865476,-2.4492935982947064e-16,1.0,-0.7818314824680299,0.6234898018587334,3091.996119075,1518.59171995049,5373.540406,924.0837469,2513.586773,2044.634017,2217.800992,163.8866469999998,632.8394029999997,2228.5608,2677.47342
11.3,169,0.95,3142.312556,1,1,75,70,2021-12-26 04:00:00,4,26,12,6,4,1,0.8660254037844386,0.5000000000000001,-2.4492935982947064e-16,1.0,-0.7818314824680299,0.6234898018587334,3128.353669741667,1508.4611527458442,5373.540406,924.0837469,2677.47342,2269.73134,2198.346598,464.83913600000005,872.581216,2640.4316,3142.312556
11.4,184,0.95,3451.492285,1,1,75,70,2021-12-26 05:00:00,5,26,12,6,4,1,0.9659258262890683,0.25881904510252074,-2.4492935982947064e-16,1.0,-0.7818314824680299,0.6234898018587334,3112.9001680750002,1502.931711781797,5373.540406,924.0837469,3142.312556,3822.376325,3054.173686,309.17972899999995,-370.88404000000037,3180.5173,3451.492285
11.2,234,0.95,4312.390819,1,1,82,50,2021-12-26 06:00:00,6,26,12,6,4,1,1.0,6.123233995736766e-17,-2.4492935982947064e-16,1.0,-0.7818314824680299,0.6234898018587334,3114.504480158333,1504.2448727956335,5373.540406,924.0837469,3451.492285,4273.887329,4163.24046,860.8985340000004,38.503490000000056,3296.7737,4312.390819
11.5,249,0.95,4711.741113,1,1,82,50,2021-12-26 07:00:00,7,26,12,6,4,1,0.9659258262890683,-0.25881904510252063,-2.4492935982947064e-16,1.0,-0.7818314824680299,0.6234898018587334,3128.1822688666666,1517.7171278653352,5373.540406,924.0837469,4312.390819,4383.474184,4246.046345,399.35029399999985,328.26692900000035,3963.5022,4711.741113
11.4,257,0.95,4820.834333,1,1,82,50,2021-12-26 08:00:00,8,26,12,6,4,1,0.8660254037844387,-0.4999999999999998,-2.4492935982947064e-16,1.0,-0.7818314824680299,0.6234898018587334,3116.7738275333336,1503.2530649827693,5373.540406,924.0837469,4711.741113,5094.636925,4378.402739,109.09321999999975,-273.802592,4044.0176,4820.834333
11.4,250,0.95,4689.527561,1,1,79,52,2021-12-26 09:00:00,9,26,12,6,4,1,0.7071067811865476,-0.7071067811865475,-2.4492935982947064e-16,1.0,-0.7818314824680299,0.6234898018587334,3088.273292325,1464.5932669400268,4858.350554,924.0837469,4820.834333,5373.540406,4436.267092,-131.3067719999999,-684.0128450000002,3923.4995,4689.527561
11.5,255,0.95,4825.277044,1,1,79,52,2021-12-26 10:00:00,10,26,12,6,4,1,0.49999999999999994,-0.8660254037844387,-2.4492935982947064e-16,1.0,-0.7818314824680299,0.6234898018587334,3086.8952294083333,1462.8699013103735,4848.148774,924.0837469,4689.527561,4858.350554,4208.135216,135.7494830000005,-33.07350999999926,3748.9614,4825.277044
11.6,261,0.95,4981.759174,1,1,79,52,2021-12-26 11:00:00,11,26,12,6,4,1,0.258819045102521,-0.9659258262890682,-2.4492935982947064e-16,1.0,-0.7818314824680299,0.6234898018587334,3092.4623294083335,1470.1003146102537,4981.759174,924.0837469,4825.277044,4848.148774,4114.853888,156.48212999999942,133.61039999999957,3815.7861,4981.759174
11.8,252,0.95,4892.904967,1,1,72,80,2021-12-26 12:00:00,12,26,12,6,4,1,1.2246467991473532e-16,-1.0,-2.4492935982947064e-16,1.0,-0.7818314824680299,0.6234898018587334,3103.9530431166663,1483.55189835404,4981.759174,924.0837469,4981.759174,4617.127838,4246.046345,-88.8542069999994,275.77712900000006,3922.3667,4892.904967
11.5,249,0.95,4711.741113,1,1,72,80,2021-12-26 13:00:00,13,26,12,6,4,1,-0.2588190451025208,-0.9659258262890683,-2.4492935982947064e-16,1.0,-0.7818314824680299,0.6234898018587334,3109.472150825,1489.5134563518252,4981.759174,924.0837469,4892.904967,4579.282528,4340.824165,-181.16385400000036,132.4585850000003,3849.523,4711.741113
11.5,249,0.95,4711.741113,1,1,72,80,2021-12-26 14:00:00,14,26,12,6,4,1,-0.4999999999999997,-0.8660254037844388,-2.4492935982947064e-16,1.0,-0.7818314824680299,0.6234898018587334,3129.1832498666668,1508.1200568285383,4981.759174,924.0837469,4711.741113,4238.674736,4056.490704,0.0,473.0663770000001,3694.6858,4711.741113
11.5,228,0.95,4314.365357,1,1,70,91,2021-12-26 15:00:00,15,26,12,6,4,1,-0.7071067811865471,-0.7071067811865479,-2.4492935982947064e-16,1.0,-0.7818314824680299,0.6234898018587334,3136.9991291583333,1513.9895925487808,4981.759174,924.0837469,4711.741113,4126.784254,3919.977388,-397.37575600000037,187.58110299999953,3839.6924,4314.365357
11.8,50,0.95,970.8144776,1,1,70,91,2021-12-26 16:00:00,16,26,12,6,4,1,-0.8660254037844385,-0.5000000000000004,-2.4492935982947064e-16,1.0,-0.7818314824680299,0.6234898018587334,3136.889432604167,1514.1532555477197,4981.759174,924.0837469,4314.365357,973.4471949,3805.246342,-3343.5508793999998,-2.6327172999999675,3619.7969,970.8144776
11.8,50,0.95,970.8144776,1,1,70,91,2021-12-26 17:00:00,17,26,12,6,4,1,-0.9659258262890683,-0.25881904510252063,-2.4492935982947064e-16,1.0,-0.7818314824680299,0.6234898018587334,3128.8267360875,1525.5856902990315,4981.759174,924.0837469,970.8144776,1164.319194,3640.79851,0.0,-193.5047163999999,1961.1428,970.8144776
11.6,61,0.95,1164.319194,1,1,65,94,2021-12-26 18:00:00,18,26,12,6,4,1,-1.0,-1.8369701987210297e-16,-2.4492935982947064e-16,1.0,-0.7818314824680299,0.6234898018587334,3128.0314360875,1526.6485524165792,4981.759174,924.0837469,970.8144776,1183.406394,1167.26368,193.5047163999999,-19.087200000000166,950.41205,1164.319194
11.6,61,0.95,1164.319194,1,1,65,94,2021-12-26 19:00:00,19,26,12,6,4,1,-0.9659258262890684,0.2588190451025203,-2.4492935982947064e-16,1.0,-0.7818314824680299,0.6234898018587334,3130.0196860875,1523.943721648971,4981.759174,924.0837469,1164.319194,1116.601194,1089.446102,0.0,47.71799999999985,1045.0782,1164.319194
11.6,58,0.95,1107.057594,1,1,65,94,2021-12-26 20:00:00,20,26,12,6,4,1,-0.8660254037844386,0.5000000000000001,-2.4492935982947064e-16,1.0,-0.7818314824680299,0.6234898018587334,3132.8306602124994,1519.9772606045813,4981.759174,924.0837469,1164.319194,1039.594215,1069.991707,-57.26159999999982,67.46337900000003,1036.588,1107.057594
11.6,54,0.95,1030.708795,1,1,66,94,2021-12-26 21:00:00,21,26,12,6,4,1,-0.7071067811865477,0.7071067811865474,-2.4492935982947064e-16,1.0,-0.7818314824680299,0.6234898018587334,3137.27337055,1513.382186539384,4981.759174,970.8144776,1107.057594,924.0837469,914.3565495,-76.3487990000001,106.62504809999996,1125.4976,1030.708795
11.6,44,0.95,839.8367956,1,1,66,94,2021-12-26 22:00:00,22,26,12,6,4,1,-0.5000000000000004,0.8660254037844384,-2.4492935982947064e-16,1.0,-0.7818314824680299,0.6234898018587334,3066.7522002416667,1580.7319227674166,4981.759174,839.8367956,1030.708795,2532.344883,848.6771829,-190.87199940000005,-1692.5080874000002,1221.2961,839.8367956
11.5,34,0.95,643.3702725,1,1,66,94,2021-12-26 23:00:00,23,26,12,6,4,1,-0.25881904510252157,0.9659258262890681,-2.4492935982947064e-16,1.0,-0.7818314824680299,0.6234898018587334,2986.4817489291668,1654.2652038288409,4981.759174,643.3702725,839.8367956,2569.861104,848.6771829,-196.4665230999999,-1926.4908315,1190.2773,643.3702725
11.5,134,0.95,2535.63578,0,1,72,92,2021-12-27 00:00:00,0,27,12,0,4,0,0.0,1.0,-2.4492935982947064e-16,1.0,0.0,1.0,2987.400457554166,1653.9972603757592,4981.759174,643.3702725,643.3702725,2513.586773,2388.401069,1892.2655075,22.049007000000074,1158.07,2535.63578
11.5,134,0.95,2535.63578,0,1,72,92,2021-12-27 01:00:00,1,27,12,0,4,0,0.25881904510252074,0.9659258262890683,-2.4492935982947064e-16,1.0,0.0,1.0,2988.3191661791666,1653.7287409419832,4981.759174,643.3702725,2535.63578,2513.586773,2388.401069,0.0,22.049007000000074,2412.9714,2535.63578
11.5,144,0.95,2724.86233,0,1,72,92,2021-12-27 02:00:00,2,27,12,0,4,0,0.49999999999999994,0.8660254037844387,-2.4492935982947064e-16,1.0,0.0,1.0,2997.1223143874995,1651.6527952268937,4981.759174,643.3702725,2535.63578,2513.586773,2388.401069,189.22654999999986,211.27555699999994,2370.2188,2724.86233
11.4,144,0.95,2701.167875,0,1,78,64,2021-12-27 03:00:00,3,27,12,0,4,0,0.7071067811865476,0.7071067811865476,-2.4492935982947064e-16,1.0,0.0,1.0,2998.1095833458335,1651.4604894544334,4981.759174,643.3702725,2724.86233,2677.47342,2388.401069,-23.694454999999834,23.69445500000029,2556.7383,2701.167875
11.3,169,0.95,3142.312556,0,1,78,64,2021-12-27 04:00:00,4,27,12,0,4,0,0.8660254037844386,0.5000000000000001,-2.4492935982947064e-16,1.0,0.0,1.0,2998.109583345833,1651.4604894544334,4981.759174,643.3702725,2701.167875,3142.312556,2686.868064,441.14468099999976,0.0,2654.6729,3142.312556
11.2,179,0.95,3298.794686,0,1,78,64,2021-12-27 05:00:00,5,27,12,0,4,0,0.9659258262890683,0.25881904510252074,-2.4492935982947064e-16,1.0,0.0,1.0,2991.7471833875,1649.9312810837616,4981.759174,643.3702725,3142.312556,3451.492285,3054.173686,156.48213000000032,-152.69759899999963,2970.763,3298.7946859999997
11.7,224,0.95,4312.390819,0,1,84,55,2021-12-27 06:00:00,6,27,12,0,4,0,1.0,6.123233995736766e-17,-2.4492935982947064e-16,1.0,0.0,1.0,2991.7471833875,1649.9312810837616,4981.759174,643.3702725,3298.794686,4312.390819,3799.094098,1013.596133,0.0,3060.1646,4312.390819
11.4,270,0.95,5064.689766,0,1,84,55,2021-12-27 07:00:00,7,27,12,0,4,0,0.9659258262890683,-0.25881904510252063,-2.4492935982947064e-16,1.0,0.0,1.0,3006.4533772625,1667.4088938602179,5064.689766,643.3702725,4312.390819,4711.741113,4357.784406,752.2989470000002,352.9486530000004,3978.3486,5064.689766
11.5,254,0.95,4806.354388,0,1,84,55,2021-12-27 08:00:00,8,27,12,0,4,0,0.8660254037844387,-0.4999999999999998,-2.4492935982947064e-16,1.0,0.0,1.0,3005.8500462208335,1666.7263188418997,5064.689766,643.3702725,5064.689766,4820.834333,4357.784406,-258.3353780000007,-14.479945000000043,4249.152,4806.354388
11.5,222,0.95,4200.829426,0,1,80,58,2021-12-27 09:00:00,9,27,12,0,4,0,0.7071067811865476,-0.7071067811865475,-2.4492935982947064e-16,1.0,0.0,1.0,2985.4876239291666,1648.144107390421,5064.689766,643.3702725,4806.354388,4689.527561,4190.177314,-605.5249619999995,-488.69813499999964,3831.5671,4200.829426
11.6,261,0.95,4981.759174,0,1,80,58,2021-12-27 10:00:00,10,27,12,0,4,0,0.49999999999999994,-0.8660254037844387,-2.4492935982947064e-16,1.0,0.0,1.0,2992.007712679167,1656.029453696465,5064.689766,643.3702725,4200.829426,4825.277044,4339.161396,780.9297479999996,156.48212999999942,3525.8877,4981.759174
11.7,259,0.95,4986.201884,0,1,80,58,2021-12-27 11:00:00,11,27,12,0,4,0,0.258819045102521,-0.9659258262890682,-2.4492935982947064e-16,1.0,0.0,1.0,2992.1928255958333,1656.2617727546608,5064.689766,643.3702725,4981.759174,4981.759174,4377.903908,4.442710000000261,4.442710000000261,4112.836,4986.201884
11.8,247,0.95,4795.82352,0,1,72,78,2021-12-27 12:00:00,12,27,12,0,4,0,1.2246467991473532e-16,-1.0,-2.4492935982947064e-16,1.0,0.0,1.0,2988.147765304167,1651.5296560993913,5064.689766,643.3702725,4986.201884,4892.904967,4015.586592,-190.37836400000015,-97.08144700000048,3908.3176,4795.82352
11.7,239,0.95,4601.16699,0,1,72,78,2021-12-27 13:00:00,13,27,12,0,4,0,-0.2588190451025208,-0.9659258262890683,-2.4492935982947064e-16,1.0,0.0,1.0,2983.540510179167,1646.6593621271777,5064.689766,643.3702725,4795.82352,4711.741113,4151.268524,-194.6565300000002,-110.57412300000033,3778.4758,4601.16699
11.5,236,0.95,4465.746597,0,1,72,78,2021-12-27 14:00:00,14,27,12,0,4,0,-0.4999999999999997,-0.8660254037844388,-2.4492935982947064e-16,1.0,0.0,1.0,2973.2907386791667,1636.166495659158,5064.689766,643.3702725,4601.16699,4711.741113,4151.268524,-135.42039299999942,-245.99451599999975,3658.4895,4465.746597
11.6,227,0.95,4332.794377,0,1,71,91,2021-12-27 15:00:00,15,27,12,0,4,0,-0.7071067811865471,-0.7071067811865479,-2.4492935982947064e-16,1.0,0.0,1.0,2974.0586145125003,1636.8274363165528,5064.689766,643.3702725,4465.746597,4314.365357,4151.268524,-132.95222000000012,18.42902000000049,3562.248,4332.794377
11.5,64,0.95,1211.049925,0,1,71,91,2021-12-27 16:00:00,16,27,12,0,4,0,-0.8660254037844385,-0.5000000000000004,-2.4492935982947064e-16,1.0,0.0,1.0,2984.068424820833,1624.7341073484677,5064.689766,643.3702725,4332.794377,970.8144776,4108.36909,-3121.744452,240.2354474,3498.9355,1211.049925
11.3,64,0.95,1189.988187,0,1,71,91,2021-12-27 17:00:00,17,27,12,0,4,0,-0.9659258262890683,-0.25881904510252063,-2.4492935982947064e-16,1.0,0.0,1.0,2993.2006627124997,1613.50323759336,5064.689766,643.3702725,1211.049925,970.8144776,3298.268143,-21.061738000000105,219.1737093999999,1839.0396,1189.988187
11.5,62,0.95,1173.204615,0,1,68,92,2021-12-27 18:00:00,18,27,12,0,4,0,-1.0,-1.8369701987210297e-16,-2.4492935982947064e-16,1.0,0.0,1.0,2993.5708885874997,1613.0663069626153,5064.689766,643.3702725,1189.988187,1164.319194,1167.26368,-16.783571999999822,8.885421000000179,1072.694,1173.2046149999999
11.5,58,0.95,1097.513994,0,1,68,92,2021-12-27 19:00:00,19,27,12,0,4,0,-0.9659258262890684,0.2588190451025203,-2.4492935982947064e-16,1.0,0.0,1.0,2990.7873385875005,1616.4143218177228,5064.689766,643.3702725,1173.204615,1164.319194,1128.354891,-75.69062100000019,-66.80520000000001,982.6883,1097.513994
11.5,51,0.95,965.0554087,0,1,68,92,2021-12-27 20:00:00,20,27,12,0,4,0,-0.8660254037844386,0.5000000000000001,-2.4492935982947064e-16,1.0,0.0,1.0,2984.870580866667,1623.852141527203,5064.689766,643.3702725,1097.513994,1107.057594,1050.537312,-132.45858529999987,-142.00218530000006,1001.375,965.0554087000002
11.4,49,0.95,919.1474021,0,1,66,94,2021-12-27 21:00:00,21,27,12,0,4,0,-0.7071067811865477,0.7071067811865474,-2.4492935982947064e-16,1.0,0.0,1.0,2980.222189495833,1629.8379256367966,5064.689766,643.3702725,965.0554087,1030.708795,914.3565495,-45.90800660000002,-111.56139289999999,1017.5568,919.1474021
11.4,44,0.95,825.3568508,0,1,66,94,2021-12-27 22:00:00,22,27,12,0,4,0,-0.5000000000000004,0.8660254037844384,-2.4492935982947064e-16,1.0,0.0,1.0,2979.6188584624997,1630.667168419688,5064.689766,643.3702725,919.1474021,839.8367956,848.6771829,-93.79055130000006,-14.479944799999998,1141.2677,825.3568508
11.4,44,0.95,825.3568508,0,1,66,94,2021-12-27 23:00:00,23,27,12,0,4,0,-0.25881904510252157,0.9659258262890681,-2.4492935982947064e-16,1.0,0.0,1.0,2987.2016325583336,1619.71739221569,5064.689766,825.3568508,825.3568508,643.3702725,848.6771829,0.0,181.9865782999999,1333.3491,825.3568508
11.4,119,0.95,2232.215119,0,1,68,94,2021-12-28 00:00:00,0,28,12,1,4,0,0.0,1.0,-2.4492935982947064e-16,1.0,0.7818314824680298,0.6234898018587336,2974.559105016667,1624.5721686600755,5064.689766,825.3568508,825.3568508,2535.63578,2249.821416,1406.8582682,-303.4206610000001,1560.625,2232.215119
11.4,124,0.95,2326.005671,0,1,68,94,2021-12-28 01:00:00,1,28,12,1,4,0,0.25881904510252074,0.9659258262890683,-2.4492935982947064e-16,1.0,0.7818314824680298,0.6234898018587336,2965.824517141666,1627.5953943347856,5064.689766,825.3568508,2232.215119,2535.63578,2249.821416,93.79055199999993,-209.63010900000018,2180.7283,2326.005671
11.4,124,0.95,2326.005671,0,1,68,94,2021-12-28 02:00:00,2,28,12,1,4,0,0.49999999999999994,0.8660254037844387,-2.4492935982947064e-16,1.0,0.7818314824680298,0.6234898018587336,2949.205489683334,1632.192609406847,5064.689766,825.3568508,2326.005671,2724.86233,2249.821416,0.0,-398.85665900000004,1875.5569,2326.005671
11.3,133,0.95,2472.944201,0,1,80,62,2021-12-28 03:00:00,3,28,12,1,4,0,0.7071067811865476,0.7071067811865476,-2.4492935982947064e-16,1.0,0.7818314824680298,0.6234898018587336,2939.6961699333333,1634.3639147142703,5064.689766,825.3568508,2326.005671,2701.167875,2342.789243,146.9385299999999,-228.2236740000003,1869.4054,2472.944201
11.3,146,0.95,2714.660551,0,1,80,62,2021-12-28 04:00:00,4,28,12,1,4,0,0.8660254037844386,0.5000000000000001,-2.4492935982947064e-16,1.0,0.7818314824680298,0.6234898018587336,2921.8773363916666,1634.3900830419982,5064.689766,825.3568508,2472.944201,3142.312556,2635.349945,241.71635000000015,-427.6520049999999,2376.9932,2714.660551
11.7,204,0.95,3927.355924,0,1,80,62,2021-12-28 05:00:00,5,28,12,1,4,0,0.9659258262890683,0.25881904510252074,-2.4492935982947064e-16,1.0,0.7818314824680298,0.6234898018587336,2948.0673879749997,1645.689628829035,5064.689766,825.3568508,2714.660551,3298.794686,3077.646439,1212.695373,628.5612379999998,2599.3408,3927.355924
11.2,242,0.95,4459.822983,0,1,85,43,2021-12-28 06:00:00,6,28,12,1,4,0,1.0,6.123233995736766e-17,-2.4492935982947064e-16,1.0,0.7818314824680298,0.6234898018587336,2954.210394808333,1651.2694856812957,5064.689766,825.3568508,3927.355924,4312.390819,3830.274476,532.4670590000001,147.43216399999983,3463.5127,4459.822983
11.6,267,0.95,5096.282373,0,1,85,43,2021-12-28 07:00:00,7,28,12,1,4,0,0.9659258262890683,-0.25881904510252063,-2.4492935982947064e-16,1.0,0.7818314824680298,0.6234898018587336,2955.526753433334,1653.0367131591693,5096.282373,825.3568508,4459.822983,5064.689766,4257.103757,636.45939,31.59260699999959,3640.7793,5096.282373
11.5,263,0.95,4976.658284,0,1,85,43,2021-12-28 08:00:00,8,28,12,1,4,0,0.8660254037844387,-0.4999999999999998,-2.4492935982947064e-16,1.0,0.7818314824680298,0.6234898018587336,2962.6227490999995,1661.6701901801234,5096.282373,825.3568508,5096.282373,4806.354388,4441.393963,-119.62408899999991,170.30389600000035,4004.91,4976.658284
11.5,275,0.95,5203.730145,0,1,81,42,2021-12-28 09:00:00,9,28,12,1,4,0,0.7071067811865476,-0.7071067811865475,-2.4492935982947064e-16,1.0,0.7818314824680298,0.6234898018587336,3004.4102790583333,1706.1767292484067,5203.730145,825.3568508,4976.658284,4200.829426,4533.539066,227.07186100000035,1002.9007190000002,3637.881,5203.730145
11.5,271,0.95,5128.039525,0,1,81,42,2021-12-28 10:00:00,10,28,12,1,4,0,0.49999999999999994,-0.8660254037844387,-2.4492935982947064e-16,1.0,0.7818314824680298,0.6234898018587336,3010.505293683333,1713.7918632679032,5203.730145,825.3568508,5203.730145,4981.759174,4533.539066,-75.69062000000031,146.28035100000034,4041.0403,5128.039525
11.6,259,0.95,4943.584774,0,1,81,42,2021-12-28 11:00:00,11,28,12,1,4,0,0.258819045102521,-0.9659258262890682,-2.4492935982947064e-16,1.0,0.7818314824680298,0.6234898018587336,3008.729580766667,1711.6765522416013,5203.730145,825.3568508,5128.039525,4986.201884,4388.081439,-184.45475100000021,-42.61711000000014,3710.8086,4943.584774
11.6,249,0.95,4752.712775,0,1,74,68,2021-12-28 12:00:00,12,28,12,1,4,0,1.2246467991473532e-16,-1.0,-2.4492935982947064e-16,1.0,0.7818314824680298,0.6234898018587336,3006.933299725,1709.741112407078,5203.730145,825.3568508,4943.584774,4795.82352,4501.946459,-190.87199899999996,-43.11074499999995,3594.0244,4752.712775
11.4,252,0.95,4727.043782,0,1,74,68,2021-12-28 13:00:00,13,28,12,1,4,0,-0.2588190451025208,-0.9659258262890683,-2.4492935982947064e-16,1.0,0.7818314824680298,0.6234898018587336,3012.1781660583333,1715.029170097227,5203.730145,825.3568508,4752.712775,4601.16699,4237.358378,-25.668993000000228,125.87679200000002,3523.5981,4727.043782
11.5,249,0.95,4711.741113,0,1,74,68,2021-12-28 14:00:00,14,28,12,1,4,0,-0.4999999999999997,-0.8660254037844388,-2.4492935982947064e-16,1.0,0.7818314824680298,0.6234898018587336,3022.4279375583333,1724.8012851913566,5203.730145,825.3568508,4727.043782,4465.746597,4483.188349,-15.302668999999696,245.99451599999975,3567.7622,4711.741113
11.5,240,0.95,4541.437217,0,1,72,78,2021-12-28 15:00:00,15,28,12,1,4,0,-0.7071067811865471,-0.7071067811865479,-2.4492935982947064e-16,1.0,0.7818314824680298,0.6234898018587336,3031.121389225,1732.202958375587,5203.730145,825.3568508,4711.741113,4332.794377,4427.901287,-170.30389600000035,208.64283999999952,3630.2346,4541.437217
11.5,59,0.95,1116.436649,0,1,72,78,2021-12-28 16:00:00,16,28,12,1,4,0,-0.8660254037844385,-0.5000000000000004,-2.4492935982947064e-16,1.0,0.7818314824680298,0.6234898018587336,3027.179169391666,1736.6272607050378,5203.730145,825.3568508,4541.437217,1211.049925,4258.091026,-3425.0005679999995,-94.61327600000004,3574.632,1116.436649
11.5,62,0.95,1173.204615,0,1,72,78,2021-12-28 17:00:00,17,28,12,1,4,0,-0.9659258262890683,-0.25881904510252063,-2.4492935982947064e-16,1.0,0.7818314824680298,0.6234898018587336,3026.479853891667,1737.402443753415,5203.730145,825.3568508,1116.436649,1189.988187,3619.328009,56.767966000000115,-16.783571999999822,1409.665,1173.2046149999999
11.5,66,0.95,1248.895235,0,1,68,94,2021-12-28 18:00:00,18,28,12,1,4,0,-1.0,-1.8369701987210297e-16,-2.4492935982947064e-16,1.0,0.7818314824680298,0.6234898018587336,3029.633629725,1733.9573491679419,5203.730145,825.3568508,1173.204615,1173.204615,1174.356428,75.69061999999985,75.69061999999985,1005.5147,1248.8952349999997
11.5,59,0.95,1116.436649,0,1,68,94,2021-12-28 19:00:00,19,28,12,1,4,0,-0.9659258262890684,0.2588190451025203,-2.4492935982947064e-16,1.0,0.7818314824680298,0.6234898018587336,3030.4220736833336,1733.0446633864146,5203.730145,825.3568508,1248.895235,1097.513994,1135.852939,-132.45858599999997,18.922655000000077,1004.1007,1116.436649
11.5,54,0.95,1021.823374,0,1,68,94,2021-12-28 20:00:00,20,28,12,1,4,0,-0.8660254037844386,0.5000000000000001,-2.4492935982947064e-16,1.0,0.7818314824680298,0.6234898018587336,3032.787405570834,1730.1395083506707,5203.730145,825.3568508,1116.436649,965.0554087,1011.621595,-94.61327500000004,56.7679652999999,990.242,1021.823374
11.5,50,0.95,946.1327536,0,1,66,94,2021-12-28 21:00:00,21,28,12,1,4,0,-0.7071067811865477,0.7071067811865474,-2.4492935982947064e-16,1.0,0.7818314824680298,0.6234898018587336,3033.9117952166666,1728.7143470177512,5203.730145,825.3568508,1021.823374,919.1474021,897.0983953,-75.69062039999994,26.98535149999998,1032.2292,946.1327536
11.6,46,0.95,878.0111954,0,1,66,94,2021-12-28 22:00:00,22,28,12,1,4,0,-0.5000000000000004,0.8660254037844384,-2.4492935982947064e-16,1.0,0.7818314824680298,0.6234898018587336,3036.1057262416666,1725.8205696224818,5203.730145,825.3568508,946.1327536,825.3568508,847.0767679,-68.12155819999998,52.65434460000006,1180.3828,878.0111954
11.6,129,0.95,2462.248787,0,1,66,94,2021-12-28 23:00:00,23,28,12,1,4,0,-0.25881904510252157,0.9659258262890681,-2.4492935982947064e-16,1.0,0.7818314824680298,0.6234898018587336,3104.3095569166667,1665.9605087213195,5203.730145,878.0111954,878.0111954,825.3568508,847.0767679,1584.2375916,1636.8919362000001,1382.9906,2462.248787
11.4,126,0.95,2363.521891,0,1,71,92,2021-12-29 00:00:00,0,29,12,2,4,0,0.0,1.0,-2.4492935982947064e-16,1.0,0.9749279121818236,-0.22252093395631434,3109.780672416666,1663.1852735436992,5203.730145,878.0111954,2462.248787,2232.215119,2123.023172,-98.72689600000012,131.3067719999999,1951.6549,2363.521891
11.5,126,0.95,2384.254539,0,1,71,92,2021-12-29 01:00:00,1,29,12,2,4,0,0.25881904510252074,0.9659258262890683,-2.4492935982947064e-16,1.0,0.9749279121818236,-0.22252093395631434,3112.2077085833334,1662.0339083859299,5203.730145,878.0111954,2363.521891,2326.005671,2123.023172,20.732648000000154,58.24886800000013,1811.7184,2384.254539
11.5,126,0.95,2384.254539,0,1,71,92,2021-12-29 02:00:00,2,29,12,2,4,0,0.49999999999999994,0.8660254037844387,-2.4492935982947064e-16,1.0,0.9749279121818236,-0.22252093395631434,3114.6347447499998,1660.8780442554153,5203.730145,878.0111954,2384.254539,2326.005671,2141.646183,0.0,58.24886800000013,1805.9911,2384.254539
11.5,139,0.95,2630.249055,0,1,78,58,2021-12-29 03:00:00,3,29,12,2,4,0,0.7071067811865476,0.7071067811865476,-2.4492935982947064e-16,1.0,0.9749279121818236,-0.22252093395631434,3121.189113666667,1658.5443709563629,5203.730145,878.0111954,2384.254539,2472.944201,2218.133546,245.9945160000002,157.30485400000043,1934.6426,2630.249055
11.5,144,0.95,2724.86233,0,1,78,58,2021-12-29 04:00:00,4,29,12,2,4,0,0.8660254037844386,0.5000000000000001,-2.4492935982947064e-16,1.0,0.9749279121818236,-0.22252093395631434,3121.6141877916666,1658.4369541514648,5203.730145,878.0111954,2630.249055,2714.660551,2409.351955,94.6132749999997,10.201778999999988,2364.0564,2724.86233
11.4,199,0.95,3732.863939,0,1,78,58,2021-12-29 05:00:00,5,29,12,2,4,0,0.9659258262890683,0.25881904510252074,-2.4492935982947064e-16,1.0,0.9749279121818236,-0.22252093395631434,3113.5103550833333,1654.79976974707,5203.730145,878.0111954,2724.86233,3927.355924,2810.910615,1008.0016089999999,-194.4919850000001,2296.584,3732.8639389999994
11.3,244,0.95,4536.829962,0,1,84,43,2021-12-29 06:00:00,6,29,12,2,4,0,1.0,6.123233995736766e-17,-2.4492935982947064e-16,1.0,0.9749279121818236,-0.22252093395631434,3116.7189792083336,1657.5960371922963,5203.730145,878.0111954,3732.863939,4459.822983,3682.700283,803.966023,77.00697899999977,3229.7712,4536.829962
11.4,264,0.95,4952.141105,0,1,84,43,2021-12-29 07:00:00,7,29,12,2,4,0,0.9659258262890683,-0.25881904510252063,-2.4492935982947064e-16,1.0,0.9749279121818236,-0.22252093395631434,3110.7130930416665,1650.3570598064264,5203.730145,878.0111954,4536.829962,5096.282373,4300.418883,415.3111429999999,-144.1412680000003,3623.7354,4952.141105
11.6,169,0.95,3225.736783,0,1,84,43,2021-12-29 08:00:00,8,29,12,2,4,0,0.8660254037844387,-0.4999999999999998,-2.4492935982947064e-16,1.0,0.9749279121818236,-0.22252093395631434,3037.7580305000006,1602.2856524569638,5203.730145,878.0111954,4952.141105,4976.658284,4484.986218,-1726.4043219999999,-1750.9215010000003,3662.8777,3225.736783
11.5,266,0.95,5033.426249,0,1,80,44,2021-12-29 09:00:00,9,29,12,2,4,0,0.7071067811865476,-0.7071067811865475,-2.4492935982947064e-16,1.0,0.9749279121818236,-0.22252093395631434,3030.662034833333,1592.6241967736962,5128.039525,878.0111954,3225.736783,5203.730145,4320.538386,1807.6894660000003,-170.30389600000035,3313.6191,5033.426249
11.6,271,0.95,5172.631173,0,1,80,44,2021-12-29 10:00:00,10,29,12,2,4,0,0.49999999999999994,-0.8660254037844387,-2.4492935982947064e-16,1.0,0.9749279121818236,-0.22252093395631434,3032.5200201666667,1595.2013467216777,5172.631173,878.0111954,5033.426249,5128.039525,4810.057513,139.20492399999966,44.59164799999962,4123.1597,5172.631173
11.6,271,0.95,5172.631173,0,1,80,44,2021-12-29 11:00:00,11,29,12,2,4,0,0.258819045102521,-0.9659258262890682,-2.4492935982947064e-16,1.0,0.9749279121818236,-0.22252093395631434,3042.063620125,1607.7674240648478,5172.631173,878.0111954,5172.631173,4943.584774,4549.335369,0.0,229.04639899999984,3540.6167,5172.631173
11.3,245,0.95,4555.423528,0,1,72,76,2021-12-29 12:00:00,12,29,12,2,4,0,1.2246467991473532e-16,-1.0,-2.4492935982947064e-16,1.0,0.9749279121818236,-0.22252093395631434,3033.8432348333336,1599.1218507749984,5172.631173,878.0111954,5172.631173,4752.712775,848.6771829,-617.2076449999995,-197.2892469999997,3494.3381,4555.423528
11.3,245,0.95,4555.423528,0,1,72,76,2021-12-29 13:00:00,13,29,12,2,4,0,-0.2588190451025208,-0.9659258262890683,-2.4492935982947064e-16,1.0,0.9749279121818236,-0.22252093395631434,3026.6923909166667,1591.5870834864074,5172.631173,878.0111954,4555.423528,4727.043782,882.9302197,0.0,-171.62025399999948,3410.042,4555.423528
11.3,245,0.95,4555.423528,0,1,72,76,2021-12-29 14:00:00,14,29,12,2,4,0,-0.4999999999999997,-0.8660254037844388,-2.4492935982947064e-16,1.0,0.9749279121818236,-0.22252093395631434,3020.1791582083333,1584.6964978967558,5172.631173,878.0111954,4555.423528,4711.741113,4490.639631,0.0,-156.31758499999978,3364.3083,4555.423528
11.3,242,0.95,4499.642831,0,1,70,89,2021-12-29 15:00:00,15,29,12,2,4,0,-0.7071067811865471,-0.7071067811865479,-2.4492935982947064e-16,1.0,0.9749279121818236,-0.22252093395631434,3018.437725458333,1582.9741226128285,5172.631173,878.0111954,4555.423528,4541.437217,4395.030427,-55.780697000000146,-41.79438599999958,3404.2007,4499.642831
11.6,159,0.95,3034.864784,0,1,70,89,2021-12-29 16:00:00,16,29,12,2,4,0,-0.8660254037844385,-0.5000000000000004,-2.4492935982947064e-16,1.0,0.9749279121818236,-0.22252093395631434,3098.372231083333,1530.3150545852802,5172.631173,878.0111954,4499.642831,1116.436649,4397.690857,-1464.7780470000002,1918.4281349999999,3437.1829,3034.864784
11.3,59,0.95,1097.02036,0,1,70,89,2021-12-29 17:00:00,17,29,12,2,4,0,-0.9659258262890683,-0.25881904510252063,-2.4492935982947064e-16,1.0,0.9749279121818236,-0.22252093395631434,3095.1978871249994,1534.555210327866,5172.631173,878.0111954,3034.864784,1173.204615,3551.175273,-1937.844424,-76.18425500000012,1269.1782,1097.02036
11.5,61,0.95,1154.281959,0,1,71,80,2021-12-29 18:00:00,18,29,12,2,4,0,-1.0,-1.8369701987210297e-16,-2.4492935982947064e-16,1.0,0.9749279121818236,-0.22252093395631434,3091.2556672916667,1539.6176984816661,5172.631173,878.0111954,1097.02036,1248.895235,1195.863303,57.26159899999993,-94.61327600000004,900.34973,1154.281959
11.5,61,0.95,1154.281959,0,1,71,80,2021-12-29 19:00:00,19,29,12,2,4,0,-0.9659258262890684,0.2588190451025203,-2.4492935982947064e-16,1.0,0.9749279121818236,-0.22252093395631434,3092.8325552083334,1537.525092560009,5172.631173,878.0111954,1154.281959,1116.436649,1118.710832,0.0,37.84530999999993,949.6089,1154.281959
11.5,51,0.95,965.0554087,0,1,71,80,2021-12-29 20:00:00,20,29,12,2,4,0,-0.8660254037844386,0.5000000000000001,-2.4492935982947064e-16,1.0,0.9749279121818236,-0.22252093395631434,3090.467223320833,1540.8896458703962,5172.631173,878.0111954,1154.281959,1021.823374,1002.982125,-189.22655029999987,-56.7679652999999,949.41425,965.0554087000002
11.5,45,0.95,851.5194783,0,1,68,89,2021-12-29 21:00:00,21,29,12,2,4,0,-0.7071067811865477,0.7071067811865474,-2.4492935982947064e-16,1.0,0.9749279121818236,-0.22252093395631434,3086.525003516667,1546.7242301890092,5172.631173,851.5194783,965.0554087,946.1327536,917.8483639,-113.5359304000001,-94.61327530000005,901.8902,851.5194783
11.5,141,0.95,2668.094365,0,1,68,89,2021-12-29 22:00:00,22,29,12,2,4,0,-0.5000000000000004,0.8660254037844384,-2.4492935982947064e-16,1.0,0.9749279121818236,-0.22252093395631434,3161.11180225,1477.1920896454872,5172.631173,851.5194783,851.5194783,878.0111954,841.3610003,1816.5748867,1790.0831696,941.69714,2668.094365
11.5,144,0.95,2724.86233,0,1,68,89,2021-12-29 23:00:00,23,29,12,2,4,0,-0.25881904510252157,0.9659258262890681,-2.4492935982947064e-16,1.0,0.9749279121818236,-0.22252093395631434,3172.0540332083333,1472.7562051159223,5172.631173,851.5194783,2668.094365,2462.248787,834.0448177,56.767965000000004,262.61354299999994,1881.3883,2724.86233
11.5,144,0.94,2696.179569,0,1,69,88,2021-12-30 00:00:00,0,30,12,3,4,0,0.0,1.0,-2.4492935982947064e-16,1.0,0.43388373911755823,-0.900968867902419,3185.914769791667,1466.3674537044699,5172.631173,851.5194783,2724.86233,2363.521891,2232.215119,-28.682761000000028,332.65767800000003,1532.0638,2696.179569
11.5,144,0.94,2696.179569,0,1,69,88,2021-12-30 01:00:00,1,30,12,3,4,0,0.25881904510252074,0.9659258262890683,-2.4492935982947064e-16,1.0,0.43388373911755823,-0.900968867902419,3198.9116460416667,1460.3230450199103,5172.631173,851.5194783,2696.179569,2384.254539,2232.215119,0.0,311.9250299999999,1778.8539,2696.179569
11.5,144,0.94,2696.179569,0,1,69,88,2021-12-30 02:00:00,2,30,12,3,4,0,0.49999999999999994,0.8660254037844387,-2.4492935982947064e-16,1.0,0.43388373911755823,-0.900968867902419,3211.908522291667,1454.1323035314115,5172.631173,851.5194783,2696.179569,2384.254539,2232.215119,0.0,311.9250299999999,1796.8822,2696.179569
11.5,144,0.94,2696.179569,0,1,75,70,2021-12-30 03:00:00,3,30,12,3,4,0,0.7071067811865476,0.7071067811865476,-2.4492935982947064e-16,1.0,0.43388373911755823,-0.900968867902419,3214.6556270416663,1453.0475453984889,5172.631173,851.5194783,2696.179569,2630.249055,2398.569939,0.0,65.93051399999968,2141.364,2696.179569
11.5,159,0.94,2977.031608,0,1,75,70,2021-12-30 04:00:00,4,30,12,3,4,0,0.8660254037844386,0.5000000000000001,-2.4492935982947064e-16,1.0,0.43388373911755823,-0.900968867902419,3225.1626802916667,1450.2608916105225,5172.631173,851.5194783,2696.179569,2724.86233,2491.537766,280.8520389999999,252.16927799999985,2190.8757,2977.031608
11.6,184,0.94,3475.075889,0,1,75,70,2021-12-30 05:00:00,5,30,12,3,4,0,0.9659258262890683,0.25881904510252074,-2.4492935982947064e-16,1.0,0.43388373911755823,-0.900968867902419,3214.4215115416664,1447.2887716234748,5172.631173,851.5194783,2977.031608,3732.863939,3473.870382,498.0442810000004,-257.78804999999966,2481.6255,3475.075889
11.3,242,0.94,4452.27817,0,1,81,54,2021-12-30 06:00:00,6,30,12,3,4,0,1.0,6.123233995736766e-17,-2.4492935982947064e-16,1.0,0.43388373911755823,-0.900968867902419,3210.898520208333,1444.0290442786245,5172.631173,851.5194783,3475.075889,4536.829962,3890.333338,977.2022809999994,-84.5517920000002,3199.8708,4452.27817
11.4,270,0.94,5011.377243,0,1,81,54,2021-12-30 07:00:00,7,30,12,3,4,0,0.9659258262890683,-0.25881904510252063,-2.4492935982947064e-16,1.0,0.43388373911755823,-0.900968867902419,3213.3666926249994,1447.1818031833777,5172.631173,851.5194783,4452.27817,4952.141105,4164.958654,559.0990730000003,59.23613800000021,3883.785,5011.377243
11.6,267,0.94,5042.637296,0,1,81,54,2021-12-30 08:00:00,8,30,12,3,4,0,0.8660254037844387,-0.4999999999999998,-2.4492935982947064e-16,1.0,0.43388373911755823,-0.900968867902419,3289.070880666666,1494.6024611311552,5172.631173,851.5194783,5011.377243,3225.736783,4293.961798,31.26005299999997,1816.900513,3851.9014,5042.637296
11.6,267,0.94,5042.637296,0,1,76,64,2021-12-30 09:00:00,9,30,12,3,4,0,0.7071067811865476,-0.7071067811865475,-2.4492935982947064e-16,1.0,0.43388373911755823,-0.900968867902419,3289.4546742916664,1495.0709721943058,5172.631173,851.5194783,5042.637296,5033.426249,4773.116333,0.0,9.21104699999978,4148.916,5042.637296
11.8,253,0.94,4860.612612,0,1,76,64,2021-12-30 10:00:00,10,30,12,3,4,0,0.49999999999999994,-0.8660254037844387,-2.4492935982947064e-16,1.0,0.43388373911755823,-0.900968867902419,3276.453900916666,1479.2563191918987,5172.631173,851.5194783,5042.637296,5172.631173,4797.139878,-182.02468399999998,-312.01856099999986,3749.4475,4860.612612
11.6,244,0.94,4608.252809,0,1,76,64,2021-12-30 11:00:00,11,30,12,3,4,0,0.258819045102521,-0.9659258262890682,-2.4492935982947064e-16,1.0,0.43388373911755823,-0.900968867902419,3252.93813575,1452.0377169961257,5042.637296,851.5194783,4860.612612,5172.631173,4629.797789,-252.35980300000028,-564.3783640000001,3612.4998,4608.252809
11.9,242,0.94,4688.682321,0,1,71,82,2021-12-30 12:00:00,12,30,12,3,4,0,1.2246467991473532e-16,-1.0,-2.4492935982947064e-16,1.0,0.43388373911755823,-0.900968867902419,3258.4905854583335,1457.4794275829436,5042.637296,851.5194783,4608.252809,4555.423528,4595.73701,80.42951200000061,133.25879299999997,3463.7188,4688.682321
11.5,246,0.94,4605.973431,0,1,71,82,2021-12-30 13:00:00,13,30,12,3,4,0,-0.2588190451025208,-0.9659258262890683,-2.4492935982947064e-16,1.0,0.43388373911755823,-0.900968867902419,3260.596831416666,1459.470317452653,5042.637296,851.5194783,4688.682321,4555.423528,4595.73701,-82.70888999999988,50.549903000000086,3520.3245,4605.973431
11.9,235,0.94,4553.059278,0,1,71,82,2021-12-30 14:00:00,14,30,12,3,4,0,-0.4999999999999997,-0.8660254037844388,-2.4492935982947064e-16,1.0,0.43388373911755823,-0.900968867902419,3260.4983209999996,1459.379197107053,5042.637296,851.5194783,4605.973431,4555.423528,4595.73701,-52.914153000000624,-2.3642500000005384,3481.1123,4553.059278
11.6,226,0.94,4268.299733,0,1,69,88,2021-12-30 15:00:00,15,30,12,3,4,0,-0.7071067811865471,-0.7071067811865479,-2.4492935982947064e-16,1.0,0.43388373911755823,-0.900968867902419,3250.8590252500003,1451.5819006181066,5042.637296,851.5194783,4553.059278,4499.642831,4447.317577,-284.7595449999999,-231.34309800000028,3483.4346,4268.299733
11.6,38,0.94,717.6787162,0,1,69,88,2021-12-30 16:00:00,16,30,12,3,4,0,-0.8660254037844385,-0.5000000000000004,-2.4492935982947064e-16,1.0,0.43388373911755823,-0.900968867902419,3154.3096057583334,1540.887608728403,5042.637296,717.6787162,4268.299733,3034.864784,4312.390819,-3550.6210168,-2317.1860678,3497.283,717.6787162
11.6,48,0.94,906.5415363,0,1,69,88,2021-12-30 17:00:00,17,30,12,3,4,0,-0.9659258262890683,-0.25881904510252063,-2.4492935982947064e-16,1.0,0.43388373911755823,-0.900968867902419,3146.372988104166,1552.3923587779739,5042.637296,717.6787162,717.6787162,1097.02036,1145.561084,188.8628200999999,-190.47882370000002,804.1857,906.5415363
11.5,62,0.94,1160.855092,0,1,69,88,2021-12-30 18:00:00,18,30,12,3,4,0,-1.0,-1.8369701987210297e-16,-2.4492935982947064e-16,1.0,0.43388373911755823,-0.900968867902419,3146.6468686458334,1552.0261604961397,5042.637296,717.6787162,906.5415363,1154.281959,1184.393663,254.31355570000005,6.573133000000098,893.2984,1160.855092
11.5,62,0.94,1160.855092,0,1,69,88,2021-12-30 19:00:00,19,30,12,3,4,0,-0.9659258262890684,0.2588190451025203,-2.4492935982947064e-16,1.0,0.43388373911755823,-0.900968867902419,3146.9207491875004,1551.6598253459995,5042.637296,717.6787162,1160.855092,1154.281959,1126.144794,0.0,6.573133000000098,875.9345,1160.855092
11.5,54,0.94,1011.067338,0,1,69,88,2021-12-30 20:00:00,20,30,12,3,4,0,-0.8660254037844386,0.5000000000000001,-2.4492935982947064e-16,1.0,0.43388373911755823,-0.900968867902419,3148.8379129083332,1548.8727195341405,5042.637296,717.6787162,1160.855092,965.0554087,1030.708795,-149.78775400000006,46.011929299999906,837.0676,1011.0673379999998
11.5,48,0.94,898.726523,0,1,65,94,2021-12-30 21:00:00,21,30,12,3,4,0,-0.7071067811865477,0.7071067811865474,-2.4492935982947064e-16,1.0,0.43388373911755823,-0.900968867902419,3150.8048731041667,1545.8554765807633,5042.637296,717.6787162,1011.067338,851.5194783,935.2727951,-112.3408149999999,47.2070447000001,841.3624,898.726523
11.4,109,0.94,2023.111553,0,1,65,94,2021-12-30 22:00:00,22,30,12,3,4,0,-0.5000000000000004,0.8660254037844384,-2.4492935982947064e-16,1.0,0.43388373911755823,-0.900968867902419,3123.930589270833,1560.1524436571415,5042.637296,717.6787162,898.726523,2668.094365,839.8367956,1124.38503,-644.982812,957.18475,2023.1115529999997
11.4,109,0.94,2023.111553,0,1,65,94,2021-12-30 23:00:00,23,30,12,3,4,0,-0.25881904510252157,0.9659258262890681,-2.4492935982947064e-16,1.0,0.43388373911755823,-0.900968867902419,3094.6909735624995,1574.4670325756108,5042.637296,717.6787162,2023.111553,2724.86233,2459.945159,0.0,-701.750777,1406.2064,2023.1115529999997
11.4,109,0.95,2044.634017,0,1,68,94,2021-12-31 00:00:00,0,31,12,4,4,0,0.0,1.0,-2.4492935982947064e-16,1.0,-0.433883739117558,-0.9009688679024191,3067.5432422291665,1587.2027394706636,5042.637296,717.6787162,2023.111553,2696.179569,2537.627638,21.522464000000127,-651.5455519999998,1348.5698,2044.634017
11.4,112,0.95,2100.908348,0,1,68,94,2021-12-31 01:00:00,1,31,12,4,4,0,0.25881904510252074,0.9659258262890683,-2.4492935982947064e-16,1.0,-0.433883739117558,-0.9009688679024191,3042.7402746874996,1597.8735309424228,5042.637296,717.6787162,2044.634017,2696.179569,2537.627638,56.27433099999985,-595.271221,1663.7787,2100.908348
11.4,122,0.95,2288.48945,0,1,68,94,2021-12-31 02:00:00,2,31,12,4,4,0,0.49999999999999994,0.8660254037844387,-2.4492935982947064e-16,1.0,-0.433883739117558,-0.9009688679024191,3025.7531863958334,1603.8738483970533,5042.637296,717.6787162,2100.908348,2696.179569,2537.627638,187.5811020000001,-407.69011899999987,1735.4944,2288.48945
11.4,114,0.95,2138.424568,0,1,75,66,2021-12-31 03:00:00,3,31,12,4,4,0,0.7071067811865476,0.7071067811865476,-2.4492935982947064e-16,1.0,-0.433883739117558,-0.9009688679024191,3002.5133946875,1612.8725601809738,5042.637296,717.6787162,2288.48945,2696.179569,2537.627638,-150.06488200000013,-557.755001,2211.387,2138.424568
11.2,137,0.95,2524.775821,0,1,75,66,2021-12-31 04:00:00,4,31,12,4,4,0,0.8660254037844386,0.5000000000000001,-2.4492935982947064e-16,1.0,-0.433883739117558,-0.9009688679024191,2983.6694035625005,1615.82248752861,5042.637296,717.6787162,2138.424568,2977.031608,2589.398637,386.35125300000027,-452.2557869999996,1933.7782,2524.775821
11.2,146,0.95,2690.637007,0,1,75,66,2021-12-31 05:00:00,5,31,12,4,4,0,0.9659258262890683,0.25881904510252074,-2.4492935982947064e-16,1.0,-0.433883739117558,-0.9009688679024191,2950.9844501458338,1613.3821006339858,5042.637296,717.6787162,2524.775821,3475.075889,2984.725377,165.86118599999963,-784.4388820000004,2242.027,2690.637007
11.6,222,0.95,4237.358378,0,1,81,50,2021-12-31 06:00:00,6,31,12,4,4,0,1.0,6.123233995736766e-17,-2.4492935982947064e-16,1.0,-0.433883739117558,-0.9009688679024191,2942.0294588125,1605.2629732413984,5042.637296,717.6787162,2690.637007,4452.27817,4411.568048,1546.721371,-214.9197919999997,2455.2512,4237.358378
11.4,246,0.95,4614.495121,0,1,81,50,2021-12-31 07:00:00,7,31,12,4,4,0,0.9659258262890683,-0.25881904510252063,-2.4492935982947064e-16,1.0,-0.433883739117558,-0.9009688679024191,2925.492703729167,1584.934094114653,5042.637296,717.6787162,4237.358378,5011.377243,4809.780385,377.136743,-396.882122,3868.9265,4614.495121
11.6,259,0.95,4943.584774,0,1,81,50,2021-12-31 08:00:00,8,31,12,4,4,0,0.8660254037844387,-0.4999999999999998,-2.4492935982947064e-16,1.0,-0.433883739117558,-0.9009688679024191,2921.3655153125,1579.3002780935826,5042.637296,717.6787162,4614.495121,5042.637296,4699.279008,329.089653,-99.05252199999995,3699.9558,4943.584774
11.7,257,0.95,4947.698395,0,1,78,52,2021-12-31 09:00:00,9,31,12,4,4,0,0.7071067811865476,-0.7071067811865475,-2.4492935982947064e-16,1.0,-0.433883739117558,-0.9009688679024191,2917.4097277708333,1573.8655111668115,4947.698395,717.6787162,4943.584774,5042.637296,4606.770174,4.113621000000421,-94.93890099999953,3781.7656,4947.698395
11.7,254,0.95,4889.94316,0,1,78,52,2021-12-31 10:00:00,10,31,12,4,4,0,0.49999999999999994,-0.8660254037844387,-2.4492935982947064e-16,1.0,-0.433883739117558,-0.9009688679024191,2918.6318339375,1575.4506012907536,4947.698395,717.6787162,4947.698395,4860.612612,4508.99937,-57.75523500000054,29.330547999999908,3645.3484,4889.94316
11.5,249,0.95,4711.741113,0,1,78,52,2021-12-31 11:00:00,11,31,12,4,4,0,0.258819045102521,-0.9659258262890682,-2.4492935982947064e-16,1.0,-0.433883739117558,-0.9009688679024191,2922.9438466041665,1580.4099817271042,4947.698395,717.6787162,4889.94316,4608.252809,4627.139091,-178.20204699999977,103.48830400000043,3587.3643,4711.741113
11.8,249,0.95,4834.656099,0,1,72,80,2021-12-31 12:00:00,12,31,12,4,4,0,1.2246467991473532e-16,-1.0,-2.4492935982947064e-16,1.0,-0.433883739117558,-0.9009688679024191,2929.0260873541665,1587.7646970864,4947.698395,717.6787162,4711.741113,4688.682321,2547.472615,122.91498599999977,145.97377799999958,3521.3748,4834.656099
11.6,258,0.95,4924.497574,0,1,72,80,2021-12-31 13:00:00,13,31,12,4,4,0,-0.2588190451025208,-0.9659258262890683,-2.4492935982947064e-16,1.0,-0.433883739117558,-0.9009688679024191,2942.2979266458333,1603.64329121614,4947.698395,717.6787162,4834.656099,4605.973431,4392.557058,89.84147500000017,318.52414299999964,3657.3098,4924.497574
11.4,260,0.95,4877.108664,0,1,72,80,2021-12-31 14:00:00,14,31,12,4,4,0,-0.4999999999999997,-0.8660254037844388,-2.4492935982947064e-16,1.0,-0.433883739117558,-0.9009688679024191,2955.7999843958332,1619.08477435327,4947.698395,717.6787162,4924.497574,4553.059278,4237.753285,-47.38890999999967,324.0493860000006,3640.4956,4877.108664
11.4,252,0.95,4727.043782,0,1,69,91,2021-12-31 15:00:00,15,31,12,4,4,0,-0.7071067811865471,-0.7071067811865479,-2.4492935982947064e-16,1.0,-0.433883739117558,-0.9009688679024191,2974.914319770833,1637.8524786696687,4947.698395,717.6787162,4877.108664,4268.299733,4373.206587,-150.06488200000058,458.7440489999999,3626.8303,4727.043782
11.7,44,0.95,847.0767679,0,1,69,91,2021-12-31 16:00:00,16,31,12,4,4,0,-0.8660254037844385,-0.5000000000000004,-2.4492935982947064e-16,1.0,-0.433883739117558,-0.9009688679024191,2980.3059052583335,1630.2944449954152,4947.698395,847.0767679,4727.043782,717.6787162,4230.114941,-3879.9670140999997,129.3980517,3542.6165,847.0767679
11.6,53,0.95,1011.621595,0,1,69,91,2021-12-31 17:00:00,17,31,12,4,4,0,-0.9659258262890683,-0.25881904510252063,-2.4492935982947064e-16,1.0,-0.433883739117558,-0.9009688679024191,2984.6842410374998,1624.6141837575442,4947.698395,847.0767679,847.0767679,906.5415363,978.2172628,164.5448270999999,105.0800587,1674.6273,1011.6215950000001
11.6,65,0.95,1240.667993,0,1,67,92,2021-12-31 18:00:00,18,31,12,4,4,0,-1.0,-1.8369701987210297e-16,-2.4492935982947064e-16,1.0,-0.433883739117558,-0.9009688679024191,2988.0097785791663,1620.7957405206027,4947.698395,847.0767679,1011.621595,1160.855092,1231.301063,229.04639800000007,79.81290100000001,859.93854,1240.6679929999998
11.6,64,0.95,1221.580794,0,1,67,92,2021-12-31 19:00:00,19,31,12,4,4,0,-0.9659258262890684,0.2588190451025203,-2.4492935982947064e-16,1.0,-0.433883739117558,-0.9009688679024191,2990.5400161625003,1617.8640858388283,4947.698395,847.0767679,1240.667993,1160.855092,1083.626411,-19.087199000000055,60.725701999999956,817.02057,1221.580794
11.5,62,0.95,1173.204615,0,1,67,92,2021-12-31 20:00:00,20,31,12,4,4,0,-0.8660254037844386,0.5000000000000001,-2.4492935982947064e-16,1.0,-0.433883739117558,-0.9009688679024191,2997.2957360375,1609.5562057582886,4947.698395,847.0767679,1221.580794,1011.067338,1004.187633,-48.376178999999865,162.13727700000015,693.74084,1173.2046149999999
11.5,57,0.95,1078.591339,0,1,65,94,2021-12-31 21:00:00,21,31,12,4,4,0,-0.7071067811865477,0.7071067811865474,-2.4492935982947064e-16,1.0,-0.433883739117558,-0.9009688679024191,3004.7901033708335,1599.7489337893833,4947.698395,847.0767679,1173.204615,898.726523,925.4278183,-94.61327600000004,179.86481600000002,783.9922,1078.591339
11.5,48,0.95,908.2874435,0,1,65,94,2021-12-31 22:00:00,22,31,12,4,4,0,-0.5000000000000004,0.8660254037844384,-2.4492935982947064e-16,1.0,-0.433883739117558,-0.9009688679024191,2958.3390988083333,1645.0369217936125,4947.698395,847.0767679,1078.591339,2023.111553,866.3579575,-170.30389550000007,-1114.8241094999998,941.915,908.2874435
11.6,44,0.95,839.8367956,0,1,65,94,2021-12-31 23:00:00,23,31,12,4,4,0,-0.25881904510252157,0.9659258262890681,-2.4492935982947064e-16,1.0,-0.433883739117558,-0.9009688679024191,2909.0359839166667,1691.3646563651098,4947.698395,839.8367956,908.2874435,2023.111553,858.8893545,-68.45064790000004,-1183.2747574,995.9092,839.8367956
